Video;Channel;Published Date;Comment;Author;Likes;Reply Count;Stance;Camp Definition;Arousal Score;Emotion;Core Argument;Unresolved Question;Link;Comment Analysis Coverage
The Male Exodus: Why Millions of Men Quit Dating and Women Finally Noticed;MALE LEGION;2026-07-30;MY MONEY MY WALLET;@Edison-h5x;18;2;CAMP_A;CAMP_A: Men who advocate for withdrawing from modern dating, marriage, and financial entanglement with women to preserve peace and resources. CAMP_B: Women and commentators who criticize or analyze men's withdrawal, often attributing it to misunderstanding or personal failure.;0.4;Frustration;Men should protect their financial resources rather than risk them in modern relationships.;;https://www.youtube.com/watch?v=k6gtGXvlSVI;100.0% (65/65)
The Male Exodus: Why Millions of Men Quit Dating and Women Finally Noticed;MALE LEGION;2026-07-30;Dating in not worth it;@Petar-v8y;14;1;CAMP_A;CAMP_A: Men who advocate for withdrawing from modern dating, marriage, and financial entanglement with women to preserve peace and resources. CAMP_B: Women and commentators who criticize or analyze men's withdrawal, often attributing it to misunderstanding or personal failure.;0.3;Disappointment;The costs and risks of dating outweigh any potential benefits for men.;;https://www.youtube.com/watch?v=k6gtGXvlSVI;100.0% (65/65)
The Male Exodus: Why Millions of Men Quit Dating and Women Finally Noticed;MALE LEGION;2026-07-30;"It's impressive that some of them are still taking the ""intimidated"" copium in 2026.  So many of them fail to understand...  It's not a lack of ability... It's not a lack of confidence... It's a lack of interest.";@RichardPuller-i2r;10;1;CAMP_A;CAMP_A: Men who advocate for withdrawing from modern dating, marriage, and financial entanglement with women to preserve peace and resources. CAMP_B: Women and commentators who criticize or analyze men's withdrawal, often attributing it to misunderstanding or personal failure.;0.5;Frustration;Men are not avoiding dating out of fear or intimidation, but out of a rational lack of interest.;;https://www.youtube.com/watch?v=k6gtGXvlSVI;100.0% (65/65)
The Male Exodus: Why Millions of Men Quit Dating and Women Finally Noticed;MALE LEGION;2026-07-30;Feed me, wash me, appreciate me, don't fight me.;@jessejames5033;10;1;CAMP_A;CAMP_A: Men who advocate for withdrawing from modern dating, marriage, and financial entanglement with women to preserve peace and resources. CAMP_B: Women and commentators who criticize or analyze men's withdrawal, often attributing it to misunderstanding or personal failure.;0.3;Neutral;A peaceful and supportive relationship requires simple, low-drama fundamentals.;;https://www.youtube.com/watch?v=k6gtGXvlSVI;100.0% (65/65)
The Male Exodus: Why Millions of Men Quit Dating and Women Finally Noticed;MALE LEGION;2026-07-30;6:18 She's still talking.;@satnav1980;6;3;CAMP_A;CAMP_A: Men who advocate for withdrawing from modern dating, marriage, and financial entanglement with women to preserve peace and resources. CAMP_B: Women and commentators who criticize or analyze men's withdrawal, often attributing it to misunderstanding or personal failure.;0.4;Sarcasm;The commentary provided by women in the video is excessive and uninformative.;;https://www.youtube.com/watch?v=k6gtGXvlSVI;100.0% (65/65)
The Male Exodus: Why Millions of Men Quit Dating and Women Finally Noticed;MALE LEGION;2026-07-30;PEACE;@Edison-h5x;6;1;CAMP_A;CAMP_A: Men who advocate for withdrawing from modern dating, marriage, and financial entanglement with women to preserve peace and resources. CAMP_B: Women and commentators who criticize or analyze men's withdrawal, often attributing it to misunderstanding or personal failure.;0.2;Neutral;Opting out of relationships brings a sense of tranquility.;;https://www.youtube.com/watch?v=k6gtGXvlSVI;100.0% (65/65)
The Male Exodus: Why Millions of Men Quit Dating and Women Finally Noticed;MALE LEGION;2026-07-30;Lady at 3:37. Define FEMALE ENERGY. Tell me that most of it has NOT TURNED NEGATIVE TOWARD MEN for reasons women CAN'T Understand or Change.;@johnm.sr.7646;4;1;CAMP_A;CAMP_A: Men who advocate for withdrawing from modern dating, marriage, and financial entanglement with women to preserve peace and resources. CAMP_B: Women and commentators who criticize or analyze men's withdrawal, often attributing it to misunderstanding or personal failure.;0.7;Anger;Modern female energy has turned hostile toward men for reasons women refuse to acknowledge.;What is female energy, and why has it turned negative toward men?;https://www.youtube.com/watch?v=k6gtGXvlSVI;100.0% (65/65)
The Male Exodus: Why Millions of Men Quit Dating and Women Finally Noticed;MALE LEGION;2026-07-30;Choosing Peace over Drama  Jesus loves you;@davidreynoso8593;4;1;CAMP_A;CAMP_A: Men who advocate for withdrawing from modern dating, marriage, and financial entanglement with women to preserve peace and resources. CAMP_B: Women and commentators who criticize or analyze men's withdrawal, often attributing it to misunderstanding or personal failure.;0.2;Neutral;Choosing personal peace and faith over the drama of relationships is the right path.;;https://www.youtube.com/watch?v=k6gtGXvlSVI;100.0% (65/65)
The Male Exodus: Why Millions of Men Quit Dating and Women Finally Noticed;MALE LEGION;2026-07-30;I’ve been with my wife 20 years now. If she leaves or dies. I’m done. I love my wife, but I will not go through this sh!t ever again.;@jondoecan;2;1;CAMP_A;CAMP_A: Men who advocate for withdrawing from modern dating, marriage, and financial entanglement with women to preserve peace and resources. CAMP_B: Women and commentators who criticize or analyze men's withdrawal, often attributing it to misunderstanding or personal failure.;0.6;Disappointment;Even happily married men recognize the immense stress of the dating market and vow never to re-enter it.;;https://www.youtube.com/watch?v=k6gtGXvlSVI;100.0% (65/65)
The Male Exodus: Why Millions of Men Quit Dating and Women Finally Noticed;MALE LEGION;2026-07-30;5:54 I know a few single guys building things.  Like houses on the that they bought. One is now building a big shed for his cars.;@BCbiker36;2;1;CAMP_A;CAMP_A: Men who advocate for withdrawing from modern dating, marriage, and financial entanglement with women to preserve peace and resources. CAMP_B: Women and commentators who criticize or analyze men's withdrawal, often attributing it to misunderstanding or personal failure.;0.3;Neutral;Single men are redirecting their energy and resources into building tangible assets for themselves.;;https://www.youtube.com/watch?v=k6gtGXvlSVI;100.0% (65/65)
The Male Exodus: Why Millions of Men Quit Dating and Women Finally Noticed;MALE LEGION;2026-07-30;Mimimimimimimimi😂😂😂😂😂😂😂😂;@Anna-pk2ee;2;0;CAMP_B;CAMP_A: Men who advocate for withdrawing from modern dating, marriage, and financial entanglement with women to preserve peace and resources. CAMP_B: Women and commentators who criticize or analyze men's withdrawal, often attributing it to misunderstanding or personal failure.;0.6;Sarcasm;The complaints of men quitting dating are ridiculous and worthy of mockery.;;https://www.youtube.com/watch?v=k6gtGXvlSVI;100.0% (65/65)
The Male Exodus: Why Millions of Men Quit Dating and Women Finally Noticed;MALE LEGION;2026-07-30;Notice how Reece Witherspoon isn't giving examples of how she is using ai. Because she isn't, she was paid or is benefiting somehow by talking about it.;@r.lamont8120;2;0;NEUTRAL_SPAM;CAMP_A: Men who advocate for withdrawing from modern dating, marriage, and financial entanglement with women to preserve peace and resources. CAMP_B: Women and commentators who criticize or analyze men's withdrawal, often attributing it to misunderstanding or personal failure.;0.3;Neutral;Public figures endorse AI technologies purely for financial compensation rather than genuine use.;;https://www.youtube.com/watch?v=k6gtGXvlSVI;100.0% (65/65)
The Male Exodus: Why Millions of Men Quit Dating and Women Finally Noticed;MALE LEGION;2026-07-30;Seeing their actions is only the beginning, their unconsuous is filled with arrogance they haven't learned how to access;@Dave-zb1zv;1;1;CAMP_A;CAMP_A: Men who advocate for withdrawing from modern dating, marriage, and financial entanglement with women to preserve peace and resources. CAMP_B: Women and commentators who criticize or analyze men's withdrawal, often attributing it to misunderstanding or personal failure.;0.4;Frustration;Women's actions reveal an underlying, unacknowledged arrogance.;;https://www.youtube.com/watch?v=k6gtGXvlSVI;100.0% (65/65)
The Male Exodus: Why Millions of Men Quit Dating and Women Finally Noticed;MALE LEGION;2026-07-30;An increasing percentage of men are giving up on dating because they are suffering from rejection fatigue.  With men being lonely, some men choose to be lonely, others don’t.;@masteryoda498;1;1;CAMP_A;CAMP_A: Men who advocate for withdrawing from modern dating, marriage, and financial entanglement with women to preserve peace and resources. CAMP_B: Women and commentators who criticize or analyze men's withdrawal, often attributing it to misunderstanding or personal failure.;0.4;Disappointment;Men are voluntarily opting out of dating due to overwhelming rejection fatigue.;;https://www.youtube.com/watch?v=k6gtGXvlSVI;100.0% (65/65)
The Male Exodus: Why Millions of Men Quit Dating and Women Finally Noticed;MALE LEGION;2026-07-30;Wtf is this ai talk with constant pauses ?! Have you no voice of your own ? This sounds like shit.;@vedymin1;0;2;NEUTRAL_SPAM;CAMP_A: Men who advocate for withdrawing from modern dating, marriage, and financial entanglement with women to preserve peace and resources. CAMP_B: Women and commentators who criticize or analyze men's withdrawal, often attributing it to misunderstanding or personal failure.;0.7;Anger;The video's use of artificial intelligence narration is poor and annoying.;Why use an AI voice with constant pauses instead of a real voice?;https://www.youtube.com/watch?v=k6gtGXvlSVI;100.0% (65/65)
The Male Exodus: Why Millions of Men Quit Dating and Women Finally Noticed;MALE LEGION;2026-07-30;The woman waxing eloquent from 3:48 to 8:20 literally hurt my brain. Following her dribble is like Chinese water torture. Ugh!;@strongskills555;1;0;CAMP_A;CAMP_A: Men who advocate for withdrawing from modern dating, marriage, and financial entanglement with women to preserve peace and resources. CAMP_B: Women and commentators who criticize or analyze men's withdrawal, often attributing it to misunderstanding or personal failure.;0.7;Anger;The commentary from women featured in the video is painful to listen to and lacks substance.;;https://www.youtube.com/watch?v=k6gtGXvlSVI;100.0% (65/65)
The Male Exodus: Why Millions of Men Quit Dating and Women Finally Noticed;MALE LEGION;2026-07-30;So tired of all this talk about “energy.” Which kind of energy? Nuclear, electromagnetic, heat, electric or radioactive?;@George-k8b;1;0;CAMP_A;CAMP_A: Men who advocate for withdrawing from modern dating, marriage, and financial entanglement with women to preserve peace and resources. CAMP_B: Women and commentators who criticize or analyze men's withdrawal, often attributing it to misunderstanding or personal failure.;0.4;Sarcasm;Abstract buzzwords like 'energy' used in discussions about relationships are scientifically meaningless.;Which kind of energy are they actually referring to?;https://www.youtube.com/watch?v=k6gtGXvlSVI;100.0% (65/65)
The Male Exodus: Why Millions of Men Quit Dating and Women Finally Noticed;MALE LEGION;2026-07-30;not even. Subscribe to the channel so the Legion keeps growing—let's wake men up.;@Male_legion;1;0;CAMP_A;CAMP_A: Men who advocate for withdrawing from modern dating, marriage, and financial entanglement with women to preserve peace and resources. CAMP_B: Women and commentators who criticize or analyze men's withdrawal, often attributing it to misunderstanding or personal failure.;0.5;Excitement;Men should subscribe to wake others up to the reality of modern dating.;;https://www.youtube.com/watch?v=k6gtGXvlSVI;100.0% (65/65)
The Male Exodus: Why Millions of Men Quit Dating and Women Finally Noticed;MALE LEGION;2026-07-30;Always interesting to hear A WOMAN TELL WHAT A MAN THINKS AND FEELS.;@calvinsparrow9829;0;1;CAMP_A;CAMP_A: Men who advocate for withdrawing from modern dating, marriage, and financial entanglement with women to preserve peace and resources. CAMP_B: Women and commentators who criticize or analyze men's withdrawal, often attributing it to misunderstanding or personal failure.;0.6;Frustration;It is presumptuous for women to continuously speak on behalf of what men think and feel.;;https://www.youtube.com/watch?v=k6gtGXvlSVI;100.0% (65/65)
The Male Exodus: Why Millions of Men Quit Dating and Women Finally Noticed;MALE LEGION;2026-07-30;"20:00 change she <-> he, change ""energy"" for ""money"" and you ll be closer to the truth";@Sarind96;0;1;CAMP_A;CAMP_A: Men who advocate for withdrawing from modern dating, marriage, and financial entanglement with women to preserve peace and resources. CAMP_B: Women and commentators who criticize or analyze men's withdrawal, often attributing it to misunderstanding or personal failure.;0.5;Sarcasm;Replacing gendered relationship terms with economic realities reveals the true nature of modern dating.;;https://www.youtube.com/watch?v=k6gtGXvlSVI;100.0% (65/65)
The Male Exodus: Why Millions of Men Quit Dating and Women Finally Noticed;MALE LEGION;2026-07-30;Listen to the woman at 3:40 and her non-stop word salad and let me know if anyone can figure out what in hell she's going on about for an hour and a half.;@johnwalzer9187;0;1;CAMP_A;CAMP_A: Men who advocate for withdrawing from modern dating, marriage, and financial entanglement with women to preserve peace and resources. CAMP_B: Women and commentators who criticize or analyze men's withdrawal, often attributing it to misunderstanding or personal failure.;0.6;Frustration;The commentary from women in the video is incomprehensible word salad.;Can anyone figure out what she is going on about for an hour and a half?;https://www.youtube.com/watch?v=k6gtGXvlSVI;100.0% (65/65)
The Male Exodus: Why Millions of Men Quit Dating and Women Finally Noticed;MALE LEGION;2026-07-30;Misleading title, Women will never understand, and its the same bullshit strawman arguements they come up with every-time.   Dont waste your time on this video;@GrumpyUncGamer;0;1;CAMP_A;CAMP_A: Men who advocate for withdrawing from modern dating, marriage, and financial entanglement with women to preserve peace and resources. CAMP_B: Women and commentators who criticize or analyze men's withdrawal, often attributing it to misunderstanding or personal failure.;0.6;Anger;The video relies on misleading titles and strawman arguments that fail to understand men's perspectives.;;https://www.youtube.com/watch?v=k6gtGXvlSVI;100.0% (65/65)
The Male Exodus: Why Millions of Men Quit Dating and Women Finally Noticed;MALE LEGION;2026-07-30;your thoughts are well put.....;@sandman6988;0;1;NEUTRAL_SPAM;CAMP_A: Men who advocate for withdrawing from modern dating, marriage, and financial entanglement with women to preserve peace and resources. CAMP_B: Women and commentators who criticize or analyze men's withdrawal, often attributing it to misunderstanding or personal failure.;0.1;Neutral;Agreement with previous thoughts expressed in the thread.;;https://www.youtube.com/watch?v=k6gtGXvlSVI;100.0% (65/65)
The Male Exodus: Why Millions of Men Quit Dating and Women Finally Noticed;MALE LEGION;2026-07-30;You got all these women on here questioning men and never look in the mirror. I stopped dating years ago and focused on god and since I stopped dating I have focused on my celibacy and my lord and since I have studied human behaviors and since have become an advocate for men. Looking at all the statistics I have come to the conclusion that most woman are insane and self absorbed while men silently have higher rates in nearly all categories compared to half wits. Some women need to shut it and stop thinking you know more than the next. Vent over lol;@shellbell6675;0;0;CAMP_A;CAMP_A: Men who advocate for withdrawing from modern dating, marriage, and financial entanglement with women to preserve peace and resources. CAMP_B: Women and commentators who criticize or analyze men's withdrawal, often attributing it to misunderstanding or personal failure.;0.7;Frustration;After stepping away from dating to focus on personal growth and spirituality, statistics show many women are self-absorbed while men suffer silently.;;https://www.youtube.com/watch?v=k6gtGXvlSVI;100.0% (65/65)
The Male Exodus: Why Millions of Men Quit Dating and Women Finally Noticed;MALE LEGION;2026-07-30;Men and women are two sides of the same coin.;@raydarable;0;0;NEUTRAL_SPAM;CAMP_A: Men who advocate for withdrawing from modern dating, marriage, and financial entanglement with women to preserve peace and resources. CAMP_B: Women and commentators who criticize or analyze men's withdrawal, often attributing it to misunderstanding or personal failure.;0.1;Neutral;Men and women are inherently linked counterparts.;;https://www.youtube.com/watch?v=k6gtGXvlSVI;100.0% (65/65)
The Male Exodus: Why Millions of Men Quit Dating and Women Finally Noticed;MALE LEGION;2026-07-30;😆😅🤣😂😁😄😃😀;@TrashPandawithRabies;0;0;NEUTRAL_SPAM;CAMP_A: Men who advocate for withdrawing from modern dating, marriage, and financial entanglement with women to preserve peace and resources. CAMP_B: Women and commentators who criticize or analyze men's withdrawal, often attributing it to misunderstanding or personal failure.;0.4;Excitement;Expressing amusement through emojis.;;https://www.youtube.com/watch?v=k6gtGXvlSVI;100.0% (65/65)
The Male Exodus: Why Millions of Men Quit Dating and Women Finally Noticed;MALE LEGION;2026-07-30;Person, who films him/herself crying is one of serious warning.;@edgarasvas;0;0;NEUTRAL_SPAM;CAMP_A: Men who advocate for withdrawing from modern dating, marriage, and financial entanglement with women to preserve peace and resources. CAMP_B: Women and commentators who criticize or analyze men's withdrawal, often attributing it to misunderstanding or personal failure.;0.3;Disappointment;People who film themselves crying online serve as a psychological warning sign.;;https://www.youtube.com/watch?v=k6gtGXvlSVI;100.0% (65/65)
The Male Exodus: Why Millions of Men Quit Dating and Women Finally Noticed;MALE LEGION;2026-07-30;milk is free,  don't bother buying the cow.;@dirtbeard108;0;0;CAMP_A;CAMP_A: Men who advocate for withdrawing from modern dating, marriage, and financial entanglement with women to preserve peace and resources. CAMP_B: Women and commentators who criticize or analyze men's withdrawal, often attributing it to misunderstanding or personal failure.;0.3;Neutral;There is no practical reason to commit to formal marriage when companionship or casual alternatives exist without the legal burden.;;https://www.youtube.com/watch?v=k6gtGXvlSVI;100.0% (65/65)
The Male Exodus: Why Millions of Men Quit Dating and Women Finally Noticed;MALE LEGION;2026-07-30;Men are done. Recommend that men focus on education, career, health, and building a positive life. The providing era is over. Peace over drama. Marriage is a scam to keep men in servitude. Live free, don't join.;@John-kx2io;0;0;CAMP_A;CAMP_A: Men who advocate for withdrawing from modern dating, marriage, and financial entanglement with women to preserve peace and resources. CAMP_B: Women and commentators who criticize or analyze men's withdrawal, often attributing it to misunderstanding or personal failure.;0.7;Anger;Men should reject marriage and the traditional provider role, focusing instead on personal education, health, and peace.;;https://www.youtube.com/watch?v=k6gtGXvlSVI;100.0% (65/65)
The Male Exodus: Why Millions of Men Quit Dating and Women Finally Noticed;MALE LEGION;2026-07-30;yeah, relationship advice from single women who can't find a partner is useless.;@dirtbeard108;0;0;CAMP_A;CAMP_A: Men who advocate for withdrawing from modern dating, marriage, and financial entanglement with women to preserve peace and resources. CAMP_B: Women and commentators who criticize or analyze men's withdrawal, often attributing it to misunderstanding or personal failure.;0.5;Frustration;Relationship advice from single women who struggle to find partners is inherently useless.;;https://www.youtube.com/watch?v=k6gtGXvlSVI;100.0% (65/65)
The Male Exodus: Why Millions of Men Quit Dating and Women Finally Noticed;MALE LEGION;2026-07-30;Nope, the british chick is talking way too much.I'm not gonna hear that shit... Video stopped;@glennlanglois6194;0;0;CAMP_A;CAMP_A: Men who advocate for withdrawing from modern dating, marriage, and financial entanglement with women to preserve peace and resources. CAMP_B: Women and commentators who criticize or analyze men's withdrawal, often attributing it to misunderstanding or personal failure.;0.5;Anger;Refusing to listen to excessive talking from female commentators in the video.;;https://www.youtube.com/watch?v=k6gtGXvlSVI;100.0% (65/65)
The Male Exodus: Why Millions of Men Quit Dating and Women Finally Noticed;MALE LEGION;2026-07-30;You are a man of honor.  Subscribe to the channel so the Legion keeps growing—let's wake men up.;@Male_legion;0;0;CAMP_A;CAMP_A: Men who advocate for withdrawing from modern dating, marriage, and financial entanglement with women to preserve peace and resources. CAMP_B: Women and commentators who criticize or analyze men's withdrawal, often attributing it to misunderstanding or personal failure.;0.4;Excitement;Praising anti-dating sentiments and promoting the men's rights channel.;;https://www.youtube.com/watch?v=k6gtGXvlSVI;100.0% (65/65)
The Male Exodus: Why Millions of Men Quit Dating and Women Finally Noticed;MALE LEGION;2026-07-30;Dating and marriage are death and woman kill it.;@R47-m1k;0;0;CAMP_A;CAMP_A: Men who advocate for withdrawing from modern dating, marriage, and financial entanglement with women to preserve peace and resources. CAMP_B: Women and commentators who criticize or analyze men's withdrawal, often attributing it to misunderstanding or personal failure.;0.6;Anger;Modern dating and marriage have been destroyed by women.;;https://www.youtube.com/watch?v=k6gtGXvlSVI;100.0% (65/65)
The Male Exodus: Why Millions of Men Quit Dating and Women Finally Noticed;MALE LEGION;2026-07-30;Beautiful Words.  Subscribe to the channel so the Legion keeps growing—let's wake men up.;@Male_legion;0;0;CAMP_A;CAMP_A: Men who advocate for withdrawing from modern dating, marriage, and financial entanglement with women to preserve peace and resources. CAMP_B: Women and commentators who criticize or analyze men's withdrawal, often attributing it to misunderstanding or personal failure.;0.4;Excitement;Endorsing anti-establishment views on dating and promoting the channel.;;https://www.youtube.com/watch?v=k6gtGXvlSVI;100.0% (65/65)
The Male Exodus: Why Millions of Men Quit Dating and Women Finally Noticed;MALE LEGION;2026-07-30;😂😂😂😂;@Male_legion;0;0;NEUTRAL_SPAM;CAMP_A: Men who advocate for withdrawing from modern dating, marriage, and financial entanglement with women to preserve peace and resources. CAMP_B: Women and commentators who criticize or analyze men's withdrawal, often attributing it to misunderstanding or personal failure.;0.3;Excitement;Laughing at criticisms of female commentators.;;https://www.youtube.com/watch?v=k6gtGXvlSVI;100.0% (65/65)
The Male Exodus: Why Millions of Men Quit Dating and Women Finally Noticed;MALE LEGION;2026-07-30;Actions speak louder than words. You are right.  Subscribe to the channel so the Legion keeps growing—let's wake men up.;@Male_legion;0;0;CAMP_A;CAMP_A: Men who advocate for withdrawing from modern dating, marriage, and financial entanglement with women to preserve peace and resources. CAMP_B: Women and commentators who criticize or analyze men's withdrawal, often attributing it to misunderstanding or personal failure.;0.4;Excitement;Promoting the channel's mission to wake men up to dating realities.;;https://www.youtube.com/watch?v=k6gtGXvlSVI;100.0% (65/65)
The Male Exodus: Why Millions of Men Quit Dating and Women Finally Noticed;MALE LEGION;2026-07-30;Women run the internet men run the world 😊;@shamauriew;0;0;NEUTRAL_SPAM;CAMP_A: Men who advocate for withdrawing from modern dating, marriage, and financial entanglement with women to preserve peace and resources. CAMP_B: Women and commentators who criticize or analyze men's withdrawal, often attributing it to misunderstanding or personal failure.;0.3;Neutral;A humorous take on cultural spheres of influence between genders.;;https://www.youtube.com/watch?v=k6gtGXvlSVI;100.0% (65/65)
The Male Exodus: Why Millions of Men Quit Dating and Women Finally Noticed;MALE LEGION;2026-07-30;soy hombre soy hetero soy conservador estoy condenado a terminar mi vida natural solo porque arriesgaria mi situacion actual por una loca como estas.???;@PUNTOYCOMA1964;0;0;CAMP_A;CAMP_A: Men who advocate for withdrawing from modern dating, marriage, and financial entanglement with women to preserve peace and resources. CAMP_B: Women and commentators who criticize or analyze men's withdrawal, often attributing it to misunderstanding or personal failure.;0.6;Disappointment;Conservative heterosexual men are resigned to living out their lives alone rather than risking their stability on modern women.;Why would anyone risk their current stable situation for a crazy partner?;https://www.youtube.com/watch?v=k6gtGXvlSVI;100.0% (65/65)
The Male Exodus: Why Millions of Men Quit Dating and Women Finally Noticed;MALE LEGION;2026-07-30;Yep..guys pay there $50..for slam bam pump and dump..then goodbye😅😅😅hooray 4 men..😅😅;@balkibalkaran3066;0;0;CAMP_A;CAMP_A: Men who advocate for withdrawing from modern dating, marriage, and financial entanglement with women to preserve peace and resources. CAMP_B: Women and commentators who criticize or analyze men's withdrawal, often attributing it to misunderstanding or personal failure.;0.5;Excitement;Men are bypassing traditional relationships for transactional, low-commitment encounters instead.;;https://www.youtube.com/watch?v=k6gtGXvlSVI;100.0% (65/65)
The Male Exodus: Why Millions of Men Quit Dating and Women Finally Noticed;MALE LEGION;2026-07-30;@6:31, she was doing a ton of projection and large amounts of copium because the men who she wanted to be in in a long term relationship only wanted the one thing she gave them freely without question;@ck1abe515;0;0;CAMP_A;CAMP_A: Men who advocate for withdrawing from modern dating, marriage, and financial entanglement with women to preserve peace and resources. CAMP_B: Women and commentators who criticize or analyze men's withdrawal, often attributing it to misunderstanding or personal failure.;0.5;Frustration;Women in the video project their dating frustrations onto men when those men only wanted casual encounters.;;https://www.youtube.com/watch?v=k6gtGXvlSVI;100.0% (65/65)
The Male Exodus: Why Millions of Men Quit Dating and Women Finally Noticed;MALE LEGION;2026-07-30;Men are giving up on this nonsense. Subscribe to the channel so the Legion keeps growing—let's wake men up.;@Male_legion;0;0;CAMP_A;CAMP_A: Men who advocate for withdrawing from modern dating, marriage, and financial entanglement with women to preserve peace and resources. CAMP_B: Women and commentators who criticize or analyze men's withdrawal, often attributing it to misunderstanding or personal failure.;0.4;Excitement;Encouraging men to abandon modern dating nonsense and join the channel's movement.;;https://www.youtube.com/watch?v=k6gtGXvlSVI;100.0% (65/65)
The Male Exodus: Why Millions of Men Quit Dating and Women Finally Noticed;MALE LEGION;2026-07-30;I'll take care of this, my friend.;@Male_legion;0;0;NEUTRAL_SPAM;CAMP_A: Men who advocate for withdrawing from modern dating, marriage, and financial entanglement with women to preserve peace and resources. CAMP_B: Women and commentators who criticize or analyze men's withdrawal, often attributing it to misunderstanding or personal failure.;0.2;Neutral;Acknowledging and offering to handle a technical or community task.;;https://www.youtube.com/watch?v=k6gtGXvlSVI;100.0% (65/65)
The Male Exodus: Why Millions of Men Quit Dating and Women Finally Noticed;MALE LEGION;2026-07-30;@Male_legion Cool. Lets hope then.;@vedymin1;0;0;NEUTRAL_SPAM;CAMP_A: Men who advocate for withdrawing from modern dating, marriage, and financial entanglement with women to preserve peace and resources. CAMP_B: Women and commentators who criticize or analyze men's withdrawal, often attributing it to misunderstanding or personal failure.;0.2;Excitement;Expressing hope for the community's future initiatives.;;https://www.youtube.com/watch?v=k6gtGXvlSVI;100.0% (65/65)
The Male Exodus: Why Millions of Men Quit Dating and Women Finally Noticed;MALE LEGION;2026-07-30;Thanks for the comment.;@Male_legion;0;0;NEUTRAL_SPAM;CAMP_A: Men who advocate for withdrawing from modern dating, marriage, and financial entanglement with women to preserve peace and resources. CAMP_B: Women and commentators who criticize or analyze men's withdrawal, often attributing it to misunderstanding or personal failure.;0.1;Neutral;Standard channel creator acknowledgment of feedback.;;https://www.youtube.com/watch?v=k6gtGXvlSVI;100.0% (65/65)
The Male Exodus: Why Millions of Men Quit Dating and Women Finally Noticed;MALE LEGION;2026-07-30;These women know nothing about men!!!;@motoMxNutGenX73;0;0;CAMP_A;CAMP_A: Men who advocate for withdrawing from modern dating, marriage, and financial entanglement with women to preserve peace and resources. CAMP_B: Women and commentators who criticize or analyze men's withdrawal, often attributing it to misunderstanding or personal failure.;0.6;Anger;Female commentators fundamentally lack understanding of male perspectives.;;https://www.youtube.com/watch?v=k6gtGXvlSVI;100.0% (65/65)
The Male Exodus: Why Millions of Men Quit Dating and Women Finally Noticed;MALE LEGION;2026-07-30;Listen to what these women say, they all shift blame to men but deny any responsibility for forcing men into making decisions that EXCLUDE WOMEN FROM ROLES THAT CONFLICT WITH A MAN'S STABILITY, PEACE OF MIND AND ATTEMPTS TO BE UNBURDENED BY THE CONSTANT OR INTERMITTENT DRAMA AND CHAOS THAT WOMEN BRING INTO THEIR LIVES. Please STOP RANTING AND START THINKING WITH LOGICAL PROCESSES ABOUT WHY YOUR EMOTIONS ARE A PROBLEM YOU SHOULD BE IN FULL CONTROL OF.;@johnm.sr.7646;0;0;CAMP_A;CAMP_A: Men who advocate for withdrawing from modern dating, marriage, and financial entanglement with women to preserve peace and resources. CAMP_B: Women and commentators who criticize or analyze men's withdrawal, often attributing it to misunderstanding or personal failure.;0.8;Anger;Women shift blame onto men while refusing to take accountability for the drama and chaos they introduce into men's lives.;;https://www.youtube.com/watch?v=k6gtGXvlSVI;100.0% (65/65)
The Male Exodus: Why Millions of Men Quit Dating and Women Finally Noticed;MALE LEGION;2026-07-30;Subscribe to the channel so the Legion keeps growing—let's wake men up.;@Male_legion;0;0;CAMP_A;CAMP_A: Men who advocate for withdrawing from modern dating, marriage, and financial entanglement with women to preserve peace and resources. CAMP_B: Women and commentators who criticize or analyze men's withdrawal, often attributing it to misunderstanding or personal failure.;0.4;Excitement;Promoting the growth of the men's rights advocacy channel.;;https://www.youtube.com/watch?v=k6gtGXvlSVI;100.0% (65/65)
The Male Exodus: Why Millions of Men Quit Dating and Women Finally Noticed;MALE LEGION;2026-07-30;18:16 Projection & copium.  Theres so much to unpack. Other than her assesment of Fem men Not one word is true 😅;@roberttyrrell2250;0;0;CAMP_A;CAMP_A: Men who advocate for withdrawing from modern dating, marriage, and financial entanglement with women to preserve peace and resources. CAMP_B: Women and commentators who criticize or analyze men's withdrawal, often attributing it to misunderstanding or personal failure.;0.5;Sarcasm;The video features heavy psychological projection and false claims regarding modern men.;;https://www.youtube.com/watch?v=k6gtGXvlSVI;100.0% (65/65)
The Male Exodus: Why Millions of Men Quit Dating and Women Finally Noticed;MALE LEGION;2026-07-30;The men got tired. Subscribe to the channel so the Legion keeps growing—let's wake men up.;@Male_legion;0;0;CAMP_A;CAMP_A: Men who advocate for withdrawing from modern dating, marriage, and financial entanglement with women to preserve peace and resources. CAMP_B: Women and commentators who criticize or analyze men's withdrawal, often attributing it to misunderstanding or personal failure.;0.4;Excitement;Affirming that men have simply grown tired of modern relationship dynamics.;;https://www.youtube.com/watch?v=k6gtGXvlSVI;100.0% (65/65)
The Male Exodus: Why Millions of Men Quit Dating and Women Finally Noticed;MALE LEGION;2026-07-30;Are men winning? No, not particularly. But, what they are doing now, in many cases, is refusing to get shafted. The fact that so many guys are counting this as a win just highlights how much of a sh1t show current society is nowadays.;@tomcummin6801;0;0;CAMP_A;CAMP_A: Men who advocate for withdrawing from modern dating, marriage, and financial entanglement with women to preserve peace and resources. CAMP_B: Women and commentators who criticize or analyze men's withdrawal, often attributing it to misunderstanding or personal failure.;0.5;Frustration;Men aren't necessarily winning, but refusing to be exploited in a broken society is a necessary boundary.;;https://www.youtube.com/watch?v=k6gtGXvlSVI;100.0% (65/65)
The Male Exodus: Why Millions of Men Quit Dating and Women Finally Noticed;MALE LEGION;2026-07-30;Subscribe to the channel so the Legion keeps growing—let's wake men up.;@Male_legion;0;0;NEUTRAL_SPAM;CAMP_A: Men who advocate for withdrawing from modern dating, marriage, and financial entanglement with women to preserve peace and resources. CAMP_B: Women and commentators who criticize or analyze men's withdrawal, often attributing it to misunderstanding or personal failure.;0.2;Excitement;Channel promotion linking positive user feedback to the Legion growth campaign.;;https://www.youtube.com/watch?v=k6gtGXvlSVI;100.0% (65/65)
The Male Exodus: Why Millions of Men Quit Dating and Women Finally Noticed;MALE LEGION;2026-07-30;I don't need a girlboss. Fu....k the bossbabe era !;@marcozegikniet9301;0;0;CAMP_A;CAMP_A: Men who advocate for withdrawing from modern dating, marriage, and financial entanglement with women to preserve peace and resources. CAMP_B: Women and commentators who criticize or analyze men's withdrawal, often attributing it to misunderstanding or personal failure.;0.6;Anger;Rejecting the corporate 'bossbabe' culture and relationship expectations altogether.;;https://www.youtube.com/watch?v=k6gtGXvlSVI;100.0% (65/65)
The Male Exodus: Why Millions of Men Quit Dating and Women Finally Noticed;MALE LEGION;2026-07-30;right path. Subscribe to the channel so the Legion keeps growing—let's wake men up.;@Male_legion;0;0;CAMP_A;CAMP_A: Men who advocate for withdrawing from modern dating, marriage, and financial entanglement with women to preserve peace and resources. CAMP_B: Women and commentators who criticize or analyze men's withdrawal, often attributing it to misunderstanding or personal failure.;0.3;Excitement;Encouraging spiritual focus and channel growth.;;https://www.youtube.com/watch?v=k6gtGXvlSVI;100.0% (65/65)
The Male Exodus: Why Millions of Men Quit Dating and Women Finally Noticed;MALE LEGION;2026-07-30;That loud mouth woman at the end,that was trying to sound like a therapist,I would like to know her situation for real!!!!!!!!!;@jeromekaton336;0;0;CAMP_A;CAMP_A: Men who advocate for withdrawing from modern dating, marriage, and financial entanglement with women to preserve peace and resources. CAMP_B: Women and commentators who criticize or analyze men's withdrawal, often attributing it to misunderstanding or personal failure.;0.5;Frustration;Questioning the personal lives and credibility of loud female commentators acting like therapists.;What is the actual personal relationship situation of the loud female commentator?;https://www.youtube.com/watch?v=k6gtGXvlSVI;100.0% (65/65)
The Male Exodus: Why Millions of Men Quit Dating and Women Finally Noticed;MALE LEGION;2026-07-30;4:32 She says Feminine energy = not taking Accountability  ( She is proving her own points) Vacuum skills;@Tharun_DJ;0;0;CAMP_A;CAMP_A: Men who advocate for withdrawing from modern dating, marriage, and financial entanglement with women to preserve peace and resources. CAMP_B: Women and commentators who criticize or analyze men's withdrawal, often attributing it to misunderstanding or personal failure.;0.5;Sarcasm;Female commentators inadvertently prove men's points by admitting they fail to take accountability.;;https://www.youtube.com/watch?v=k6gtGXvlSVI;100.0% (65/65)
The Male Exodus: Why Millions of Men Quit Dating and Women Finally Noticed;MALE LEGION;2026-07-30;They are thriving without a woman who just drains them. Subscribe to the channel so the Legion keeps growing—let's wake men up.;@Male_legion;0;0;CAMP_A;CAMP_A: Men who advocate for withdrawing from modern dating, marriage, and financial entanglement with women to preserve peace and resources. CAMP_B: Women and commentators who criticize or analyze men's withdrawal, often attributing it to misunderstanding or personal failure.;0.4;Excitement;Men are thriving once they remove draining partners from their lives.;;https://www.youtube.com/watch?v=k6gtGXvlSVI;100.0% (65/65)
The Male Exodus: Why Millions of Men Quit Dating and Women Finally Noticed;MALE LEGION;2026-07-30;She has no sense of boundaries.😂😂Subscribe to the channel so the Legion keeps growing—let's wake men up.;@Male_legion;0;0;CAMP_A;CAMP_A: Men who advocate for withdrawing from modern dating, marriage, and financial entanglement with women to preserve peace and resources. CAMP_B: Women and commentators who criticize or analyze men's withdrawal, often attributing it to misunderstanding or personal failure.;0.5;Frustration;Criticizing female commentators for lacking basic conversational boundaries.;;https://www.youtube.com/watch?v=k6gtGXvlSVI;100.0% (65/65)
The Male Exodus: Why Millions of Men Quit Dating and Women Finally Noticed;MALE LEGION;2026-07-30;She thinks energy rules everything, some of us are very masculine but have enough common sense to just say, nope, not worth it. These girls live in a fkn bubble.;@XISAVAGEV1;0;0;CAMP_A;CAMP_A: Men who advocate for withdrawing from modern dating, marriage, and financial entanglement with women to preserve peace and resources. CAMP_B: Women and commentators who criticize or analyze men's withdrawal, often attributing it to misunderstanding or personal failure.;0.5;Frustration;Women rely on abstract concepts like energy while masculine men use common sense to opt out.;;https://www.youtube.com/watch?v=k6gtGXvlSVI;100.0% (65/65)
The Male Exodus: Why Millions of Men Quit Dating and Women Finally Noticed;MALE LEGION;2026-07-30;Ohh, my god, why did he even let her keep talking?;@glennlanglois6194;0;0;CAMP_A;CAMP_A: Men who advocate for withdrawing from modern dating, marriage, and financial entanglement with women to preserve peace and resources. CAMP_B: Women and commentators who criticize or analyze men's withdrawal, often attributing it to misunderstanding or personal failure.;0.4;Frustration;Expressing disbelief that the video host allowed the woman to keep talking for so long.;;https://www.youtube.com/watch?v=k6gtGXvlSVI;100.0% (65/65)
The Male Exodus: Why Millions of Men Quit Dating and Women Finally Noticed;MALE LEGION;2026-07-30;I never knew that apathy is feminism;@Melikhaya-y8e;0;0;CAMP_A;CAMP_A: Men who advocate for withdrawing from modern dating, marriage, and financial entanglement with women to preserve peace and resources. CAMP_B: Women and commentators who criticize or analyze men's withdrawal, often attributing it to misunderstanding or personal failure.;0.4;Sarcasm;Sardonically noting that male apathy toward dating is somehow framed as a feminist issue.;;https://www.youtube.com/watch?v=k6gtGXvlSVI;100.0% (65/65)
The Male Exodus: Why Millions of Men Quit Dating and Women Finally Noticed;MALE LEGION;2026-07-30;That's the rule.  Subscribe to the channel so the Legion keeps growing—let's wake men up.;@Male_legion;0;0;CAMP_A;CAMP_A: Men who advocate for withdrawing from modern dating, marriage, and financial entanglement with women to preserve peace and resources. CAMP_B: Women and commentators who criticize or analyze men's withdrawal, often attributing it to misunderstanding or personal failure.;0.3;Excitement;Endorsing the rules of male withdrawal and channel growth.;;https://www.youtube.com/watch?v=k6gtGXvlSVI;100.0% (65/65)
The Male Exodus: Why Millions of Men Quit Dating and Women Finally Noticed;MALE LEGION;2026-07-30;always. Subscribe to the channel so the Legion keeps growing—let's wake men up.;@Male_legion;0;0;CAMP_A;CAMP_A: Men who advocate for withdrawing from modern dating, marriage, and financial entanglement with women to preserve peace and resources. CAMP_B: Women and commentators who criticize or analyze men's withdrawal, often attributing it to misunderstanding or personal failure.;0.3;Excitement;Reiterating unwavering support for choosing peace.;;https://www.youtube.com/watch?v=k6gtGXvlSVI;100.0% (65/65)
The Male Exodus: Why Millions of Men Quit Dating and Women Finally Noticed;MALE LEGION;2026-07-30;💵👀💵👀💵👀💵👀💵;@Edison-h5x;0;0;NEUTRAL_SPAM;CAMP_A: Men who advocate for withdrawing from modern dating, marriage, and financial entanglement with women to preserve peace and resources. CAMP_B: Women and commentators who criticize or analyze men's withdrawal, often attributing it to misunderstanding or personal failure.;0.2;Neutral;Highlighting financial motivations in relationships using money emojis.;;https://www.youtube.com/watch?v=k6gtGXvlSVI;100.0% (65/65)
The Male Exodus: Why Millions of Men Quit Dating and Women Finally Noticed;MALE LEGION;2026-07-30;You said it all.  Subscribe to the channel so the Legion keeps growing—let's wake men up.;@Male_legion;0;0;CAMP_A;CAMP_A: Men who advocate for withdrawing from modern dating, marriage, and financial entanglement with women to preserve peace and resources. CAMP_B: Women and commentators who criticize or analyze men's withdrawal, often attributing it to misunderstanding or personal failure.;0.4;Excitement;Confirming the simplicity of what men want from life and promoting the channel.;;https://www.youtube.com/watch?v=k6gtGXvlSVI;100.0% (65/65)
The Male Exodus: Why Millions of Men Quit Dating and Women Finally Noticed;MALE LEGION;2026-07-30;20:20 Alpha-widow!😂;@I_like_Osho;0;0;CAMP_A;CAMP_A: Men who advocate for withdrawing from modern dating, marriage, and financial entanglement with women to preserve peace and resources. CAMP_B: Women and commentators who criticize or analyze men's withdrawal, often attributing it to misunderstanding or personal failure.;0.5;Sarcasm;Mocking the behavior of women in the video using internet dating terminology like 'alpha-widow'.;;https://www.youtube.com/watch?v=k6gtGXvlSVI;100.0% (65/65)
The Financially Celibate Movement Explained: Millions of Men Are Quitting Dating;Inside the Mind;2026-06-29;Never invest in a depreciating asset.;@robertpleydell6527;161;8;CAMP_A;CAMP_A: Men opting out of dating due to perceived financial and legal risks. CAMP_B: Proponents of modern dating and critics of male grievance movements.;0.4;Disappointment;Dating modern women is a poor financial investment with no return.;;https://www.youtube.com/watch?v=PhBP6ubxEr0;57.8% (100/173)
The Financially Celibate Movement Explained: Millions of Men Are Quitting Dating;Inside the Mind;2026-06-29;This may seem counter intuitive, but investing in people that openly declare they hate you is a bad idea.;@JR-zd7ns;144;1;CAMP_A;CAMP_A: Men opting out of dating due to perceived financial and legal risks. CAMP_B: Proponents of modern dating and critics of male grievance movements.;0.5;Anger;It is foolish to invest resources into women who openly express animosity toward men.;;https://www.youtube.com/watch?v=PhBP6ubxEr0;57.8% (100/173)
The Financially Celibate Movement Explained: Millions of Men Are Quitting Dating;Inside the Mind;2026-06-29;When the game is rigged the only winning move is to refuse to play;@m_jay5;113;0;CAMP_A;CAMP_A: Men opting out of dating due to perceived financial and legal risks. CAMP_B: Proponents of modern dating and critics of male grievance movements.;0.6;Frustration;The only way to win a rigged dating market is to completely stop participating.;;https://www.youtube.com/watch?v=PhBP6ubxEr0;57.8% (100/173)
The Financially Celibate Movement Explained: Millions of Men Are Quitting Dating;Inside the Mind;2026-06-29;A fool and his money are soon parted.;@robertpleydell6527;100;3;CAMP_A;CAMP_A: Men opting out of dating due to perceived financial and legal risks. CAMP_B: Proponents of modern dating and critics of male grievance movements.;0.4;Sarcasm;Men who spend money on modern dating are foolish and will quickly lose it.;;https://www.youtube.com/watch?v=PhBP6ubxEr0;57.8% (100/173)
The Financially Celibate Movement Explained: Millions of Men Are Quitting Dating;Inside the Mind;2026-06-29;My wallet, my choice I'm not chasing bills I'm not chasing bad attitudes I'm not chasing prison time I'm not wasting my time Enough is enough I'm building my wealth Im building my best future Im building my health My peace, is priceless You women showed us freedom You played yourselves Good luck Enjoy your miserable lives;@yajtramer6913;81;4;CAMP_A;CAMP_A: Men opting out of dating due to perceived financial and legal risks. CAMP_B: Proponents of modern dating and critics of male grievance movements.;0.8;Anger;Men are reclaiming their freedom and wealth by permanently walking away from dating and focusing on self-preservation.;;https://www.youtube.com/watch?v=PhBP6ubxEr0;57.8% (100/173)
The Financially Celibate Movement Explained: Millions of Men Are Quitting Dating;Inside the Mind;2026-06-29;Her: My body my choice   Him: My wallet my choice   When the gazelle who runs slower turns on a dime, the cheetah must adapt or starve;@MrZiai;58;0;CAMP_A;CAMP_A: Men opting out of dating due to perceived financial and legal risks. CAMP_B: Proponents of modern dating and critics of male grievance movements.;0.6;Frustration;Just as women claim bodily autonomy, men have the right to financial autonomy, forcing society to adapt.;;https://www.youtube.com/watch?v=PhBP6ubxEr0;57.8% (100/173)
The Financially Celibate Movement Explained: Millions of Men Are Quitting Dating;Inside the Mind;2026-06-29;Depreciating asset is one thing. This is outright liability. Full stop;@MartinEtienne-e2q;57;0;CAMP_A;CAMP_A: Men opting out of dating due to perceived financial and legal risks. CAMP_B: Proponents of modern dating and critics of male grievance movements.;0.5;Anger;Relationships are not just depreciating assets, they are outright financial liabilities.;;https://www.youtube.com/watch?v=PhBP6ubxEr0;57.8% (100/173)
The Financially Celibate Movement Explained: Millions of Men Are Quitting Dating;Inside the Mind;2026-06-29;"When I was decades younger, ""dinner and a movie"" was considered a great date! ";@CunoWiederhold;56;1;CAMP_A;CAMP_A: Men opting out of dating due to perceived financial and legal risks. CAMP_B: Proponents of modern dating and critics of male grievance movements.;0.2;Disappointment;Dating culture has degraded significantly compared to how simple and affordable it used to be.;;https://www.youtube.com/watch?v=PhBP6ubxEr0;57.8% (100/173)
The Financially Celibate Movement Explained: Millions of Men Are Quitting Dating;Inside the Mind;2026-06-29;The arrogance of certain people thinking they have a right to tell you what to do with your finances.;@andrewjackson9697;49;0;CAMP_A;CAMP_A: Men opting out of dating due to perceived financial and legal risks. CAMP_B: Proponents of modern dating and critics of male grievance movements.;0.6;Anger;It is deeply arrogant for outsiders to dictate how men choose to manage their own money.;;https://www.youtube.com/watch?v=PhBP6ubxEr0;57.8% (100/173)
The Financially Celibate Movement Explained: Millions of Men Are Quitting Dating;Inside the Mind;2026-06-29;Signing a marriage contract is like signing a death sentence. It's pure mathematics: you add problems, subtract sex and freedom, divide assets, and multiply physical and psychological pain.;@Valdomiro-d5p;43;1;CAMP_A;CAMP_A: Men opting out of dating due to perceived financial and legal risks. CAMP_B: Proponents of modern dating and critics of male grievance movements.;0.7;Frustration;Marriage mathematically guarantees increased problems and decreased freedom and assets for men.;;https://www.youtube.com/watch?v=PhBP6ubxEr0;57.8% (100/173)
The Financially Celibate Movement Explained: Millions of Men Are Quitting Dating;Inside the Mind;2026-06-29;Better odds in Vegas.;@michaelanthony1797;34;1;CAMP_A;CAMP_A: Men opting out of dating due to perceived financial and legal risks. CAMP_B: Proponents of modern dating and critics of male grievance movements.;0.4;Sarcasm;Gambling in Las Vegas offers better odds of a favorable outcome than modern marriage.;;https://www.youtube.com/watch?v=PhBP6ubxEr0;57.8% (100/173)
The Financially Celibate Movement Explained: Millions of Men Are Quitting Dating;Inside the Mind;2026-06-29;It really shines a light on the lie of equality, when men refusing to spend results in women most affected.;@aradesh1134;31;0;CAMP_A;CAMP_A: Men opting out of dating due to perceived financial and legal risks. CAMP_B: Proponents of modern dating and critics of male grievance movements.;0.5;Excitement;When men stop spending, it exposes the myth of equality as women are the ones most affected.;;https://www.youtube.com/watch?v=PhBP6ubxEr0;57.8% (100/173)
The Financially Celibate Movement Explained: Millions of Men Are Quitting Dating;Inside the Mind;2026-06-29;The other title is: how to survive alone.;@JustJam99;31;0;CAMP_A;CAMP_A: Men opting out of dating due to perceived financial and legal risks. CAMP_B: Proponents of modern dating and critics of male grievance movements.;0.3;Neutral;The entire movement is essentially a masterclass in how men can survive and thrive alone.;;https://www.youtube.com/watch?v=PhBP6ubxEr0;57.8% (100/173)
The Financially Celibate Movement Explained: Millions of Men Are Quitting Dating;Inside the Mind;2026-06-29;This whole phenomenon exposed the real problem, which is MISANDRY.;@SigmaWarrior1978;26;3;CAMP_A;CAMP_A: Men opting out of dating due to perceived financial and legal risks. CAMP_B: Proponents of modern dating and critics of male grievance movements.;0.7;Anger;The modern dating crisis has unmasked widespread misandry in society.;;https://www.youtube.com/watch?v=PhBP6ubxEr0;57.8% (100/173)
The Financially Celibate Movement Explained: Millions of Men Are Quitting Dating;Inside the Mind;2026-06-29;"Doesn't make me ""uncomfortable"" at all. Makes me happy.";@universe4203;24;0;CAMP_A;CAMP_A: Men opting out of dating due to perceived financial and legal risks. CAMP_B: Proponents of modern dating and critics of male grievance movements.;0.5;Excitement;Men opting out of dating brings happiness and peace rather than discomfort.;;https://www.youtube.com/watch?v=PhBP6ubxEr0;57.8% (100/173)
The Financially Celibate Movement Explained: Millions of Men Are Quitting Dating;Inside the Mind;2026-06-29;Feminist movements are a blessing in disguise for all of us men. The movements have freed us from financial and legal and social burdens that plagued us for decades;@ShinjiKataoka;22;2;CAMP_A;CAMP_A: Men opting out of dating due to perceived financial and legal risks. CAMP_B: Proponents of modern dating and critics of male grievance movements.;0.7;Excitement;Feminist movements inadvertently liberated men from traditional financial and legal burdens.;;https://www.youtube.com/watch?v=PhBP6ubxEr0;57.8% (100/173)
The Financially Celibate Movement Explained: Millions of Men Are Quitting Dating;Inside the Mind;2026-06-29;Nothing personal. Just a business decision. Democracy.;@sergueivergounov1961;23;0;CAMP_A;CAMP_A: Men opting out of dating due to perceived financial and legal risks. CAMP_B: Proponents of modern dating and critics of male grievance movements.;0.3;Neutral;Refusing to date is simply a rational business decision, nothing personal.;;https://www.youtube.com/watch?v=PhBP6ubxEr0;57.8% (100/173)
The Financially Celibate Movement Explained: Millions of Men Are Quitting Dating;Inside the Mind;2026-06-29;Let her ask Chad to pay the bill 🎉;@lagneuk702;22;0;CAMP_A;CAMP_A: Men opting out of dating due to perceived financial and legal risks. CAMP_B: Proponents of modern dating and critics of male grievance movements.;0.6;Sarcasm;Women who expect financial support should look elsewhere for funding.;;https://www.youtube.com/watch?v=PhBP6ubxEr0;57.8% (100/173)
The Financially Celibate Movement Explained: Millions of Men Are Quitting Dating;Inside the Mind;2026-06-29;Misogyny is the catch-cry of the misandrist ...;@paulreid2223;17;0;CAMP_A;CAMP_A: Men opting out of dating due to perceived financial and legal risks. CAMP_B: Proponents of modern dating and critics of male grievance movements.;0.6;Frustration;Accusations of misogyny are frequently used as a defense mechanism by misandrists.;;https://www.youtube.com/watch?v=PhBP6ubxEr0;57.8% (100/173)
The Financially Celibate Movement Explained: Millions of Men Are Quitting Dating;Inside the Mind;2026-06-29;"The critical factor here will be the duration of this celibacy; of course the main effect will be the enhancement of men’s bank account but also associated independence. Never forget, money is freedom, the power of personal choice. Financial celibacy provides options, your money used to benefit you, this empowers a man!";@NobleBrother.AC.i2i;15;1;CAMP_A;CAMP_A: Men opting out of dating due to perceived financial and legal risks. CAMP_B: Proponents of modern dating and critics of male grievance movements.;0.6;Excitement;Financial celibacy empowers men by enhancing their savings, independence, and personal freedom.;;https://www.youtube.com/watch?v=PhBP6ubxEr0;57.8% (100/173)
The Financially Celibate Movement Explained: Millions of Men Are Quitting Dating;Inside the Mind;2026-06-29;It’s not just about dating.  No to family, society, the rat race, the whole thing.  Out with all the grifters.;@Mark65845;15;0;CAMP_A;CAMP_A: Men opting out of dating due to perceived financial and legal risks. CAMP_B: Proponents of modern dating and critics of male grievance movements.;0.7;Anger;The rejection extends beyond dating to include family, societal expectations, and the rat race.;;https://www.youtube.com/watch?v=PhBP6ubxEr0;57.8% (100/173)
The Financially Celibate Movement Explained: Millions of Men Are Quitting Dating;Inside the Mind;2026-06-29;Its not just that, society made it impossible for men to invest in their lineage without being destroyed.;@user-ev3fq9hw7v;15;0;CAMP_A;CAMP_A: Men opting out of dating due to perceived financial and legal risks. CAMP_B: Proponents of modern dating and critics of male grievance movements.;0.5;Frustration;Modern society makes it impossible for men to invest in building a family without facing destruction.;;https://www.youtube.com/watch?v=PhBP6ubxEr0;57.8% (100/173)
The Financially Celibate Movement Explained: Millions of Men Are Quitting Dating;Inside the Mind;2026-06-29;All of these listings were created on the expectation that men would automatically participate  When men don’t participate in systems, whether it be physically or financially, those systems fail look at the WNBA women support nothing but themselves!!!!;@averageamericandad1801;14;1;CAMP_A;CAMP_A: Men opting out of dating due to perceived financial and legal risks. CAMP_B: Proponents of modern dating and critics of male grievance movements.;0.7;Anger;When men withdraw their participation, societal systems built on their labor inevitably fail.;;https://www.youtube.com/watch?v=PhBP6ubxEr0;57.8% (100/173)
The Financially Celibate Movement Explained: Millions of Men Are Quitting Dating;Inside the Mind;2026-06-29;Interesting perspective. It seems like more people are choosing peace over relationships that don't feel healthy.;@predictmyfuture;14;0;NEUTRAL_SPAM;CAMP_A: Men opting out of dating due to perceived financial and legal risks. CAMP_B: Proponents of modern dating and critics of male grievance movements.;0.1;Neutral;It is interesting that people are choosing peace over unhealthy relationships.;;https://www.youtube.com/watch?v=PhBP6ubxEr0;57.8% (100/173)
The Financially Celibate Movement Explained: Millions of Men Are Quitting Dating;Inside the Mind;2026-06-29;I went through this 20 years ago...I just stopped.  Played a lot of golf....fab. Elites will be happy, deconsructing everything....must be a cheaper n better place....;@brendanscully5787;14;0;CAMP_A;CAMP_A: Men opting out of dating due to perceived financial and legal risks. CAMP_B: Proponents of modern dating and critics of male grievance movements.;0.4;Neutral;Walking away from the system years ago brought peace, despite societal deconstruction.;;https://www.youtube.com/watch?v=PhBP6ubxEr0;57.8% (100/173)
The Financially Celibate Movement Explained: Millions of Men Are Quitting Dating;Inside the Mind;2026-06-29;"Yes, and the cracks within the foundational psyche regarding this (and other topics as well) began post-war, slowly but now having gained frightening speed in the last 15 or so years.  I'm 65, and I can attest to this.  I have a long stretch with my memory!  The ""woke"" ideology is the tragic result.";@regionalunityproductions6204;12;0;CAMP_A;CAMP_A: Men opting out of dating due to perceived financial and legal risks. CAMP_B: Proponents of modern dating and critics of male grievance movements.;0.6;Frustration;Woke ideology has accelerated the breakdown of traditional social structures over recent decades.;;https://www.youtube.com/watch?v=PhBP6ubxEr0;57.8% (100/173)
The Financially Celibate Movement Explained: Millions of Men Are Quitting Dating;Inside the Mind;2026-06-29;No mention of men like me I see. We who never even get a chance at a date, who go the entire life without a single date ever. We were robbed of our choice to even have a chance at love and connection.;@DarthVoxyn;10;2;CAMP_A;CAMP_A: Men opting out of dating due to perceived financial and legal risks. CAMP_B: Proponents of modern dating and critics of male grievance movements.;0.7;Disappointment;Involuntary celibates are robbed of their chance at love, having no choice in the matter.;;https://www.youtube.com/watch?v=PhBP6ubxEr0;57.8% (100/173)
The Financially Celibate Movement Explained: Millions of Men Are Quitting Dating;Inside the Mind;2026-06-29;I was very young when I heard this for the first time Only the strong survive. Today this applies to intelligent high value men. We will always find a way to win.;@FernandoLeyva-d4j;11;0;CAMP_A;CAMP_A: Men opting out of dating due to perceived financial and legal risks. CAMP_B: Proponents of modern dating and critics of male grievance movements.;0.6;Excitement;Intelligent and strong men will always adapt and find a way to succeed.;;https://www.youtube.com/watch?v=PhBP6ubxEr0;57.8% (100/173)
The Financially Celibate Movement Explained: Millions of Men Are Quitting Dating;Inside the Mind;2026-06-29;Poetry!;@JohnnySatakla;9;0;CAMP_A;CAMP_A: Men opting out of dating due to perceived financial and legal risks. CAMP_B: Proponents of modern dating and critics of male grievance movements.;0.3;Excitement;Praising the anti-dating sentiment as poetic truth.;;https://www.youtube.com/watch?v=PhBP6ubxEr0;57.8% (100/173)
The Financially Celibate Movement Explained: Millions of Men Are Quitting Dating;Inside the Mind;2026-06-29;"Yep, that's me...I've reached the age where I have no interest in clubs and bars, chasing women, etc...I'm more than happy to stay at home these days and I'm not nearly as lonely as people fear they might be...I don't run out of money anymore, and I live a comfortable stable middle-class life...I should mention that I've retired in Panama, so dating is not a problem, all social interactions are  more authentic and fun again; it comes ""naturally""...I don't miss the stateside drama even a little bit...";@PastorBobby2026;8;0;CAMP_A;CAMP_A: Men opting out of dating due to perceived financial and legal risks. CAMP_B: Proponents of modern dating and critics of male grievance movements.;0.4;Excitement;Retiring abroad and avoiding domestic dating drama brings financial stability and peace.;;https://www.youtube.com/watch?v=PhBP6ubxEr0;57.8% (100/173)
The Financially Celibate Movement Explained: Millions of Men Are Quitting Dating;Inside the Mind;2026-06-29;And someone else is partying with a fool's money.;@DonLawler-g7d;8;0;CAMP_A;CAMP_A: Men opting out of dating due to perceived financial and legal risks. CAMP_B: Proponents of modern dating and critics of male grievance movements.;0.5;Sarcasm;Fools lose their money while others party with it.;;https://www.youtube.com/watch?v=PhBP6ubxEr0;57.8% (100/173)
The Financially Celibate Movement Explained: Millions of Men Are Quitting Dating;Inside the Mind;2026-06-29;After 3 or 4 generations of men see their fathers, uncles and brothers get divorced and run through the court system (and left financially devastated), the logical adjustment is to not get married.;@java65-65;7;1;CAMP_A;CAMP_A: Men opting out of dating due to perceived financial and legal risks. CAMP_B: Proponents of modern dating and critics of male grievance movements.;0.6;Neutral;After witnessing older male relatives get financially devastated by divorce courts, men logically avoid marriage.;;https://www.youtube.com/watch?v=PhBP6ubxEr0;57.8% (100/173)
The Financially Celibate Movement Explained: Millions of Men Are Quitting Dating;Inside the Mind;2026-06-29;"The worst part is boomer parents don't seem to care and worse invalidate how their adult sons feel toward the modern romance hellscape. I still hear things like ""You're not trying hard enough"" ""You've got to put yourself out there more"" ""Happy wife, happy life"" - I absolutely RESENT people like this. The more those adult sons hear this don't be surprised when they refuse to have children and deny you being a grandparent";@m_jay5;7;1;CAMP_A;CAMP_A: Men opting out of dating due to perceived financial and legal risks. CAMP_B: Proponents of modern dating and critics of male grievance movements.;0.8;Anger;Boomer parents invalidate the struggles of younger men trapped in a toxic dating landscape.;;https://www.youtube.com/watch?v=PhBP6ubxEr0;57.8% (100/173)
The Financially Celibate Movement Explained: Millions of Men Are Quitting Dating;Inside the Mind;2026-06-29;I put 45K into my retirement savings over the last year. Can't do that with a wife, plus, the money will burn much quicker if I had to support 2 in retirement.;@BirdsofWesternAustralia;7;0;CAMP_A;CAMP_A: Men opting out of dating due to perceived financial and legal risks. CAMP_B: Proponents of modern dating and critics of male grievance movements.;0.5;Excitement;Remaining single allows for massive retirement savings that would be impossible with a spouse.;;https://www.youtube.com/watch?v=PhBP6ubxEr0;57.8% (100/173)
The Financially Celibate Movement Explained: Millions of Men Are Quitting Dating;Inside the Mind;2026-06-29;I have worked very hard and very successful there's no way I'm going to jeopardise my hard work and early retirement for any woman to come along and take it😊;@ThomasAllen-k1n;7;0;CAMP_A;CAMP_A: Men opting out of dating due to perceived financial and legal risks. CAMP_B: Proponents of modern dating and critics of male grievance movements.;0.6;Excitement;Hard-earned early retirement will not be jeopardized for any woman.;;https://www.youtube.com/watch?v=PhBP6ubxEr0;57.8% (100/173)
The Financially Celibate Movement Explained: Millions of Men Are Quitting Dating;Inside the Mind;2026-06-29;So true, man. I have lived it.;@SunDemon-h9q;7;0;CAMP_A;CAMP_A: Men opting out of dating due to perceived financial and legal risks. CAMP_B: Proponents of modern dating and critics of male grievance movements.;0.4;Neutral;Confirming personal experience with the harsh mathematical reality of marriage.;;https://www.youtube.com/watch?v=PhBP6ubxEr0;57.8% (100/173)
The Financially Celibate Movement Explained: Millions of Men Are Quitting Dating;Inside the Mind;2026-06-29;Get your passport up 😊;@lagneuk702;6;0;CAMP_A;CAMP_A: Men opting out of dating due to perceived financial and legal risks. CAMP_B: Proponents of modern dating and critics of male grievance movements.;0.4;Neutral;Suggesting international dating as a solution to domestic struggles.;;https://www.youtube.com/watch?v=PhBP6ubxEr0;57.8% (100/173)
The Financially Celibate Movement Explained: Millions of Men Are Quitting Dating;Inside the Mind;2026-06-29;Or an unappreciative one.;@tdrive398;6;0;CAMP_A;CAMP_A: Men opting out of dating due to perceived financial and legal risks. CAMP_B: Proponents of modern dating and critics of male grievance movements.;0.4;Frustration;Investing in an unappreciative partner is a losing proposition.;;https://www.youtube.com/watch?v=PhBP6ubxEr0;57.8% (100/173)
The Financially Celibate Movement Explained: Millions of Men Are Quitting Dating;Inside the Mind;2026-06-29;"I suspect the men leaving the dating market are probably those who are most invisible to women; the men who are not seen by most women as being relationship level; the men used by women for foodie calls, friendzone emotional tampons, etc.  In turn, the top 10% of men that most women find ""attractive' or ""worthy"" relationship material have an over abundance of opportunities with women. These men only have to ""play nice"" long enough to get what they want from a woman before they move on; leaving women feeling used, because they were.  They have no need for a relationship with one woman when there are so many options available.  A man who has options, and abundance of opportunities with women does not have to, and will not, do more than what's necessary to get to what he wants.  I know this because I was what we now call a Chad these days, back in my younger days before social media. I learned the more a woman was into you the less you had to do to get what you wan from her. Social media has given Chads a wider range and number of women, what I call the abundance of opportunities with women at all levels of attractiveness.  These are the top 10% of men that most women want and will actually interact with and chase.  When mid women get a 7+ or 8+ man they will never be satisfied with a man at a lower attractiveness and will believe she deserves a 7+, 8+ man; never realizing he only used her out of convenience,  availability, ease of access, or similar.  How I know this about today?  I have sons in their late teens and early 20s, and they have rosters of women, with new ones being added and old ones being dropped frequently; they have no interest in dating seriously because they have an abundance of opportunity...like I had at their age. Even eating steak every day gets tiresome after awhile";@zoomzoom3950;5;1;CAMP_A;CAMP_A: Men opting out of dating due to perceived financial and legal risks. CAMP_B: Proponents of modern dating and critics of male grievance movements.;0.7;Neutral;Men opting out are often those invisible to women, while the top 10% enjoy an abundance of options without commitment.;;https://www.youtube.com/watch?v=PhBP6ubxEr0;57.8% (100/173)
The Financially Celibate Movement Explained: Millions of Men Are Quitting Dating;Inside the Mind;2026-06-29;Hoeflation rip off...never ever sign a government marriage CON-tract or cohabitate peace tranquility and freedom it's priceless 😊;@lagneuk702;5;1;CAMP_A;CAMP_A: Men opting out of dating due to perceived financial and legal risks. CAMP_B: Proponents of modern dating and critics of male grievance movements.;0.7;Anger;Marriage contracts are scams that destroy men, making peace and freedom priceless.;;https://www.youtube.com/watch?v=PhBP6ubxEr0;57.8% (100/173)
The Financially Celibate Movement Explained: Millions of Men Are Quitting Dating;Inside the Mind;2026-06-29;inflation is a 2ndary effect of hoeflation hoeflation (18x planet overpopulation) is a 2ndary effect of mercy (unfortunately);@FlexWheeler-n2z;5;1;CAMP_A;CAMP_A: Men opting out of dating due to perceived financial and legal risks. CAMP_B: Proponents of modern dating and critics of male grievance movements.;0.5;Frustration;Economic inflation is tied to overpopulation and societal shifts.;;https://www.youtube.com/watch?v=PhBP6ubxEr0;57.8% (100/173)
The Financially Celibate Movement Explained: Millions of Men Are Quitting Dating;Inside the Mind;2026-06-29;Dont worry, girls. New British law says you will get man's property even without marriage;@harrodesu;3;3;CAMP_A;CAMP_A: Men opting out of dating due to perceived financial and legal risks. CAMP_B: Proponents of modern dating and critics of male grievance movements.;0.6;Frustration;New laws enabling property loss without marriage make partnering even riskier.;;https://www.youtube.com/watch?v=PhBP6ubxEr0;57.8% (100/173)
The Financially Celibate Movement Explained: Millions of Men Are Quitting Dating;Inside the Mind;2026-06-29;Last yr I spent zero...I mean zero on women ..and it will stay this way!!!!!;@WilliamMartinez-vq2bn;5;0;CAMP_A;CAMP_A: Men opting out of dating due to perceived financial and legal risks. CAMP_B: Proponents of modern dating and critics of male grievance movements.;0.7;Excitement;Spent zero money on women last year and plans to keep it that way.;;https://www.youtube.com/watch?v=PhBP6ubxEr0;57.8% (100/173)
The Financially Celibate Movement Explained: Millions of Men Are Quitting Dating;Inside the Mind;2026-06-29;For me it’s simple, I don’t hate women and I’m not against finding love, but I am not going to pursue or pay for a lifestyle I don’t want, I won’t pay for a game rigged against me. It’s funny how they say married men make more, yes because they have to to pay for more than one person and the life they say they deserve to have you pay for. And I won’t try convincing someone to want my lifestyle if they want something else, No thanks;@Tmasseur13Cle;5;0;CAMP_A;CAMP_A: Men opting out of dating due to perceived financial and legal risks. CAMP_B: Proponents of modern dating and critics of male grievance movements.;0.6;Neutral;Refusing to pursue a rigged lifestyle or convince others to want the same.;;https://www.youtube.com/watch?v=PhBP6ubxEr0;57.8% (100/173)
The Financially Celibate Movement Explained: Millions of Men Are Quitting Dating;Inside the Mind;2026-06-29;Guys are talking but the ladies are not listening which is why this is so explosive or they would have heard\seen this coming.;@Stretch-xd3ed;5;0;CAMP_A;CAMP_A: Men opting out of dating due to perceived financial and legal risks. CAMP_B: Proponents of modern dating and critics of male grievance movements.;0.6;Frustration;Women failed to heed warnings from men, making the current backlash explosive.;;https://www.youtube.com/watch?v=PhBP6ubxEr0;57.8% (100/173)
The Financially Celibate Movement Explained: Millions of Men Are Quitting Dating;Inside the Mind;2026-06-29;Or, as Buffett said, “a fool and his money are always welcome anywhere “;@Mark65845;5;0;CAMP_A;CAMP_A: Men opting out of dating due to perceived financial and legal risks. CAMP_B: Proponents of modern dating and critics of male grievance movements.;0.4;Sarcasm;Fools and their money are welcome everywhere.;;https://www.youtube.com/watch?v=PhBP6ubxEr0;57.8% (100/173)
The Financially Celibate Movement Explained: Millions of Men Are Quitting Dating;Inside the Mind;2026-06-29;Well said.;@brentjames7600;5;0;CAMP_A;CAMP_A: Men opting out of dating due to perceived financial and legal risks. CAMP_B: Proponents of modern dating and critics of male grievance movements.;0.3;Excitement;Expressing agreement with anti-dating declarations.;;https://www.youtube.com/watch?v=PhBP6ubxEr0;57.8% (100/173)
The Financially Celibate Movement Explained: Millions of Men Are Quitting Dating;Inside the Mind;2026-06-29;Excellent video! Thanks!;@MinipizzaBatfish;4;1;CAMP_A;CAMP_A: Men opting out of dating due to perceived financial and legal risks. CAMP_B: Proponents of modern dating and critics of male grievance movements.;0.3;Excitement;Praising the video content.;;https://www.youtube.com/watch?v=PhBP6ubxEr0;57.8% (100/173)
The Financially Celibate Movement Explained: Millions of Men Are Quitting Dating;Inside the Mind;2026-06-29;Celibate bros in the house.;@Itwasme007;4;0;CAMP_A;CAMP_A: Men opting out of dating due to perceived financial and legal risks. CAMP_B: Proponents of modern dating and critics of male grievance movements.;0.4;Excitement;Shouting out to fellow celibate men.;;https://www.youtube.com/watch?v=PhBP6ubxEr0;57.8% (100/173)
The Financially Celibate Movement Explained: Millions of Men Are Quitting Dating;Inside the Mind;2026-06-29;Don't forget about headaches and constants complains. It's not just the money it's time energy attention validation. Those are the real currencies. She uses you as a 0$ psychologist;@giorgiogiorgetti3939;4;0;CAMP_A;CAMP_A: Men opting out of dating due to perceived financial and legal risks. CAMP_B: Proponents of modern dating and critics of male grievance movements.;0.6;Frustration;Beyond money, dating drains men of time, energy, attention, and emotional labor without return.;;https://www.youtube.com/watch?v=PhBP6ubxEr0;57.8% (100/173)
The Financially Celibate Movement Explained: Millions of Men Are Quitting Dating;Inside the Mind;2026-06-29;Sigmund Freud said it;@Luis-nk1gt;4;0;CAMP_A;CAMP_A: Men opting out of dating due to perceived financial and legal risks. CAMP_B: Proponents of modern dating and critics of male grievance movements.;0.3;Neutral;Citing historical figures to validate the critique of relations.;;https://www.youtube.com/watch?v=PhBP6ubxEr0;57.8% (100/173)
The Financially Celibate Movement Explained: Millions of Men Are Quitting Dating;Inside the Mind;2026-06-29;@Luis-nk1gtSchopenhauer, Nietzsche, and even Machiavelli said so, too.;@jimslancio;4;0;CAMP_A;CAMP_A: Men opting out of dating due to perceived financial and legal risks. CAMP_B: Proponents of modern dating and critics of male grievance movements.;0.3;Neutral;Adding more philosophers to support the misandry argument.;;https://www.youtube.com/watch?v=PhBP6ubxEr0;57.8% (100/173)
The Financially Celibate Movement Explained: Millions of Men Are Quitting Dating;Inside the Mind;2026-06-29;Facts;@Islandvibzes;4;0;CAMP_A;CAMP_A: Men opting out of dating due to perceived financial and legal risks. CAMP_B: Proponents of modern dating and critics of male grievance movements.;0.3;Excitement;Confirming the stated facts.;;https://www.youtube.com/watch?v=PhBP6ubxEr0;57.8% (100/173)
The Financially Celibate Movement Explained: Millions of Men Are Quitting Dating;Inside the Mind;2026-06-29;I'm curious if with the rise of financially celibate men are we going to see a rise in male millionaires?;@KelAda44;2;2;CAMP_A;CAMP_A: Men opting out of dating due to perceived financial and legal risks. CAMP_B: Proponents of modern dating and critics of male grievance movements.;0.4;Excitement;Wondering if financial celibacy will lead to a surge in male millionaires.;Are we going to see a rise in male millionaires?;https://www.youtube.com/watch?v=PhBP6ubxEr0;57.8% (100/173)
The Financially Celibate Movement Explained: Millions of Men Are Quitting Dating;Inside the Mind;2026-06-29;Financially celibate and semen retention. I’m unstoppable;@bullvsbearmarketlasvegas;2;2;CAMP_A;CAMP_A: Men opting out of dating due to perceived financial and legal risks. CAMP_B: Proponents of modern dating and critics of male grievance movements.;0.6;Excitement;Combining financial celibacy with semen retention creates unstoppable success.;;https://www.youtube.com/watch?v=PhBP6ubxEr0;57.8% (100/173)
The Financially Celibate Movement Explained: Millions of Men Are Quitting Dating;Inside the Mind;2026-06-29;I'm 43 just building 🏫 What divorce stole from my family! Lesson's learned;@900DollarBills;3;0;CAMP_A;CAMP_A: Men opting out of dating due to perceived financial and legal risks. CAMP_B: Proponents of modern dating and critics of male grievance movements.;0.6;Frustration;Rebuilding life after divorce stole previous assets.;;https://www.youtube.com/watch?v=PhBP6ubxEr0;57.8% (100/173)
The Financially Celibate Movement Explained: Millions of Men Are Quitting Dating;Inside the Mind;2026-06-29;I’ve been single for 26 years, and loving it, i answer to no one and having a good life. There an old adage: if it flies, floats or fucks, rent it.;@FredRose2001;3;0;CAMP_A;CAMP_A: Men opting out of dating due to perceived financial and legal risks. CAMP_B: Proponents of modern dating and critics of male grievance movements.;0.5;Excitement;Living single for decades brings freedom, following the old adage about renting rather than buying.;;https://www.youtube.com/watch?v=PhBP6ubxEr0;57.8% (100/173)
The Financially Celibate Movement Explained: Millions of Men Are Quitting Dating;Inside the Mind;2026-06-29;"Bro. ""Economy results?"" We're not getting even that.";@JoshWoodcock;3;0;CAMP_A;CAMP_A: Men opting out of dating due to perceived financial and legal risks. CAMP_B: Proponents of modern dating and critics of male grievance movements.;0.5;Frustration;Men are not even seeing the promised economic benefits from opting out.;;https://www.youtube.com/watch?v=PhBP6ubxEr0;57.8% (100/173)
The Financially Celibate Movement Explained: Millions of Men Are Quitting Dating;Inside the Mind;2026-06-29;".....""... That they are replaceable... That they should try and compete harder....""..  No that is an absolute total hell no!   That is like competing and trying to lock down a product that is far inferior to what existed in the past with far greater expense and even more effort.... That is a hell no raise the power of 100 googleplex...";@christopheraaron2412;3;0;CAMP_A;CAMP_A: Men opting out of dating due to perceived financial and legal risks. CAMP_B: Proponents of modern dating and critics of male grievance movements.;0.8;Anger;Refusing to compete harder for a modern dating product that is inferior and vastly more expensive.;;https://www.youtube.com/watch?v=PhBP6ubxEr0;57.8% (100/173)
The Financially Celibate Movement Explained: Millions of Men Are Quitting Dating;Inside the Mind;2026-06-29;It is refusing a system of unspoken rules, that turned out to be all connected lies.   Walking away from the whole system is the first step.     Now we need to decide, what has to be done next ... and what we want for our life.;@aahzmandiaz2767;3;0;CAMP_A;CAMP_A: Men opting out of dating due to perceived financial and legal risks. CAMP_B: Proponents of modern dating and critics of male grievance movements.;0.6;Excitement;"Walking away from societal lies is the first step; now men must decide what to build next.";What has to be done next and what do we want for our life?;https://www.youtube.com/watch?v=PhBP6ubxEr0;57.8% (100/173)
The Financially Celibate Movement Explained: Millions of Men Are Quitting Dating;Inside the Mind;2026-06-29;Never;@giorgiogiorgetti3939;3;0;CAMP_A;CAMP_A: Men opting out of dating due to perceived financial and legal risks. CAMP_B: Proponents of modern dating and critics of male grievance movements.;0.3;Neutral;Reiterating a firm refusal.;;https://www.youtube.com/watch?v=PhBP6ubxEr0;57.8% (100/173)
The Financially Celibate Movement Explained: Millions of Men Are Quitting Dating;Inside the Mind;2026-06-29;I feel sorry for this generation. I really do. Everything is too expensive.;@georger6624;2;1;CAMP_A;CAMP_A: Men opting out of dating due to perceived financial and legal risks. CAMP_B: Proponents of modern dating and critics of male grievance movements.;0.4;Disappointment;Expressing sympathy for the younger generation facing exorbitant costs.;;https://www.youtube.com/watch?v=PhBP6ubxEr0;57.8% (100/173)
The Financially Celibate Movement Explained: Millions of Men Are Quitting Dating;Inside the Mind;2026-06-29;Make a fake chad profile. Invite 30 women to dinner at a restaurant at the same time. Show up with your friends agreeing that if a girl looks your way you make a grossed out reaction.;@Mrguypersonmandudebro;2;1;CAMP_A;CAMP_A: Men opting out of dating due to perceived financial and legal risks. CAMP_B: Proponents of modern dating and critics of male grievance movements.;0.7;Sarcasm;Proposing a trolling prank against women on dating apps.;;https://www.youtube.com/watch?v=PhBP6ubxEr0;57.8% (100/173)
The Financially Celibate Movement Explained: Millions of Men Are Quitting Dating;Inside the Mind;2026-06-29;Let's be villains 😂;@frog-fe8it;1;2;CAMP_A;CAMP_A: Men opting out of dating due to perceived financial and legal risks. CAMP_B: Proponents of modern dating and critics of male grievance movements.;0.5;Excitement;Embracing a villainous role in response to the dating market.;;https://www.youtube.com/watch?v=PhBP6ubxEr0;57.8% (100/173)
The Financially Celibate Movement Explained: Millions of Men Are Quitting Dating;Inside the Mind;2026-06-29;53 and can retire anytime i want now, paid off house, plenty of money, no debt. Fit  and lean. No chance i will gamble with a women and risk my peace;@markd6838;2;0;CAMP_A;CAMP_A: Men opting out of dating due to perceived financial and legal risks. CAMP_B: Proponents of modern dating and critics of male grievance movements.;0.6;Excitement;Being financially secure and fit means there is zero chance of gambling on women and risking peace.;;https://www.youtube.com/watch?v=PhBP6ubxEr0;57.8% (100/173)
The Financially Celibate Movement Explained: Millions of Men Are Quitting Dating;Inside the Mind;2026-06-29;Preach 📢;@Oxybrodone-v6f;2;0;CAMP_A;CAMP_A: Men opting out of dating due to perceived financial and legal risks. CAMP_B: Proponents of modern dating and critics of male grievance movements.;0.4;Excitement;Voicing strong agreement.;;https://www.youtube.com/watch?v=PhBP6ubxEr0;57.8% (100/173)
The Financially Celibate Movement Explained: Millions of Men Are Quitting Dating;Inside the Mind;2026-06-29;I've been alone for twelve years and have never been so free. Not even one date. One date is like stepping into a bear trap.;@AnthonyRodriguez-xe7cx;2;0;CAMP_A;CAMP_A: Men opting out of dating due to perceived financial and legal risks. CAMP_B: Proponents of modern dating and critics of male grievance movements.;0.5;Excitement;Being alone for years brings ultimate freedom, comparing a single date to a bear trap.;;https://www.youtube.com/watch?v=PhBP6ubxEr0;57.8% (100/173)
The Financially Celibate Movement Explained: Millions of Men Are Quitting Dating;Inside the Mind;2026-06-29;If a woman's on social media or ever once says I seen something better or this would be something awesome to do. You should always look up ahead of time what it's going to cause and if she's costing you over half a day's pay with her ideas for the two of you. That means it's going to cost you 20% of the time you go to work just to entertain her. That's stupidity if she doesn't bring a box lunch so that you can go sit at the park or come out at intermission and eat cheap while you're young and she's expecting fancy meals. Before you reach your late thirties, you just need to say thank you for your time. I've given you enough of mine and walk away;@gearond;2;0;CAMP_A;CAMP_A: Men opting out of dating due to perceived financial and legal risks. CAMP_B: Proponents of modern dating and critics of male grievance movements.;0.6;Frustration;Calculating the hourly cost of entertaining women on social media makes dating financially irrational.;;https://www.youtube.com/watch?v=PhBP6ubxEr0;57.8% (100/173)
The Financially Celibate Movement Explained: Millions of Men Are Quitting Dating;Inside the Mind;2026-06-29;Yes a contract in which the person who breaks it ends up getting a huge payday not just when they do it but for months years or decades on down the road doesn't make any sense....;@christopheraaron2412;2;0;CAMP_A;CAMP_A: Men opting out of dating due to perceived financial and legal risks. CAMP_B: Proponents of modern dating and critics of male grievance movements.;0.6;Frustration;Marriage contracts that reward one party for breaking them make no logical sense.;;https://www.youtube.com/watch?v=PhBP6ubxEr0;57.8% (100/173)
The Financially Celibate Movement Explained: Millions of Men Are Quitting Dating;Inside the Mind;2026-06-29;There is NO SENSE in chasing EVIL that is only after your money for themselves to have an easy life while you suffer.;@larryreis7273;2;0;CAMP_A;CAMP_A: Men opting out of dating due to perceived financial and legal risks. CAMP_B: Proponents of modern dating and critics of male grievance movements.;0.7;Anger;It makes no sense to chase people who only want money for an easy life.;;https://www.youtube.com/watch?v=PhBP6ubxEr0;57.8% (100/173)
The Financially Celibate Movement Explained: Millions of Men Are Quitting Dating;Inside the Mind;2026-06-29;Feminism enslaved women into the corporate world and liberated men from dating, once men used their superpower of logic.;@richardross7219;2;0;CAMP_A;CAMP_A: Men opting out of dating due to perceived financial and legal risks. CAMP_B: Proponents of modern dating and critics of male grievance movements.;0.6;Excitement;Feminism pushed women into corporations while logic liberated men from dating.;;https://www.youtube.com/watch?v=PhBP6ubxEr0;57.8% (100/173)
The Financially Celibate Movement Explained: Millions of Men Are Quitting Dating;Inside the Mind;2026-06-29;Extent being financially celibate to the system.;@dancalvin6340;2;0;CAMP_A;CAMP_A: Men opting out of dating due to perceived financial and legal risks. CAMP_B: Proponents of modern dating and critics of male grievance movements.;0.4;Neutral;Extending financial celibacy to reject the broader economic system.;;https://www.youtube.com/watch?v=PhBP6ubxEr0;57.8% (100/173)
The Financially Celibate Movement Explained: Millions of Men Are Quitting Dating;Inside the Mind;2026-06-29;1---marriage   2---divorce.  It  is  not  good  life.  It  is  Honey  trap.;@michaelvainer3350;2;0;CAMP_A;CAMP_A: Men opting out of dating due to perceived financial and legal risks. CAMP_B: Proponents of modern dating and critics of male grievance movements.;0.6;Anger;Marriage followed by divorce is a honey trap, not a good life.;;https://www.youtube.com/watch?v=PhBP6ubxEr0;57.8% (100/173)
The Financially Celibate Movement Explained: Millions of Men Are Quitting Dating;Inside the Mind;2026-06-29;"Planetary Overpopulation  = WEF Project 21 core commitment of carbon reduction  , and we're the carbon the ""elites"" want to reduce ...";@paulreid2223;2;0;CAMP_A;CAMP_A: Men opting out of dating due to perceived financial and legal risks. CAMP_B: Proponents of modern dating and critics of male grievance movements.;0.6;Frustration;Connecting overpopulation narratives to elite carbon reduction agendas.;;https://www.youtube.com/watch?v=PhBP6ubxEr0;57.8% (100/173)
The Financially Celibate Movement Explained: Millions of Men Are Quitting Dating;Inside the Mind;2026-06-29;Getting off the dating apps and getting outside and enjoying the world was the best decision I’ve ever made.;@xvenomfagx;1;1;CAMP_A;CAMP_A: Men opting out of dating due to perceived financial and legal risks. CAMP_B: Proponents of modern dating and critics of male grievance movements.;0.4;Excitement;Deleting dating apps and enjoying the outdoors is the best decision made.;;https://www.youtube.com/watch?v=PhBP6ubxEr0;57.8% (100/173)
The Financially Celibate Movement Explained: Millions of Men Are Quitting Dating;Inside the Mind;2026-06-29;Awesome content. I needed that;@giorgiogiorgetti3939;1;1;CAMP_A;CAMP_A: Men opting out of dating due to perceived financial and legal risks. CAMP_B: Proponents of modern dating and critics of male grievance movements.;0.3;Excitement;Praising the video content as much-needed validation.;;https://www.youtube.com/watch?v=PhBP6ubxEr0;57.8% (100/173)
The Financially Celibate Movement Explained: Millions of Men Are Quitting Dating;Inside the Mind;2026-06-29;Dating=Drama;@mlee65;1;0;CAMP_A;CAMP_A: Men opting out of dating due to perceived financial and legal risks. CAMP_B: Proponents of modern dating and critics of male grievance movements.;0.3;Neutral;Equating dating directly with drama.;;https://www.youtube.com/watch?v=PhBP6ubxEr0;57.8% (100/173)
The Financially Celibate Movement Explained: Millions of Men Are Quitting Dating;Inside the Mind;2026-06-29;I am doing attention celibacy.;@Joe-i3c6y;1;0;CAMP_A;CAMP_A: Men opting out of dating due to perceived financial and legal risks. CAMP_B: Proponents of modern dating and critics of male grievance movements.;0.4;Excitement;Practicing attention celibacy alongside financial celibacy.;;https://www.youtube.com/watch?v=PhBP6ubxEr0;57.8% (100/173)
The Financially Celibate Movement Explained: Millions of Men Are Quitting Dating;Inside the Mind;2026-06-29;Awesome, we can now troll the Feminists by proclaiming we are F/Incels 🤣  ... Fincels hahahaha, ahh God I crack myself up.;@queyehaach7204;1;0;CAMP_A;CAMP_A: Men opting out of dating due to perceived financial and legal risks. CAMP_B: Proponents of modern dating and critics of male grievance movements.;0.5;Sarcasm;Coining the term 'Fincels' to mock feminists.;;https://www.youtube.com/watch?v=PhBP6ubxEr0;57.8% (100/173)
The Financially Celibate Movement Explained: Millions of Men Are Quitting Dating;Inside the Mind;2026-06-29;"Financially savvy people think money is for Making More Money with. You splurge 10% of what you can save in a year. +++ The not-so-savvy people think Money is for Spending. 90% of women fall into this category, less than 50% of men. +++ Many women think this spending level is called ""provide, protect. and support"". And they prefer that it is never their earnings being spent.";@KCAlbak;1;0;CAMP_A;CAMP_A: Men opting out of dating due to perceived financial and legal risks. CAMP_B: Proponents of modern dating and critics of male grievance movements.;0.5;Neutral;Financially savvy people invest money, whereas many women view money as something for men to spend on them.;;https://www.youtube.com/watch?v=PhBP6ubxEr0;57.8% (100/173)
The Financially Celibate Movement Explained: Millions of Men Are Quitting Dating;Inside the Mind;2026-06-29;"""Tell me what you think in the comments""  Sister, if you don't think I'm leaving, just count the days I'm gone!";@angusm9419;1;0;CAMP_A;CAMP_A: Men opting out of dating due to perceived financial and legal risks. CAMP_B: Proponents of modern dating and critics of male grievance movements.;0.5;Excitement;Declaring an absolute departure from the dating market.;;https://www.youtube.com/watch?v=PhBP6ubxEr0;57.8% (100/173)
The Financially Celibate Movement Explained: Millions of Men Are Quitting Dating;Inside the Mind;2026-06-29;I just brought that new Neo QLED Samsung TV 😀😃... because im single and not chasing women!   It's so easy to save money when you dont have to take care of some chick and take her out and blah blah blah! 😂;@archangel_gold2451;1;0;CAMP_A;CAMP_A:Men opting out of dating due to perceived financial and legal risks. CAMP_B: Proponents of modern dating and critics of male grievance movements.;0.6;Excitement;Saving money is easy when not spending it on women, allowing purchases like a new TV.;;https://www.youtube.com/watch?v=PhBP6ubxEr0;57.8% (100/173)
The Financially Celibate Movement Explained: Millions of Men Are Quitting Dating;Inside the Mind;2026-06-29;My wallet . My choice .;@rudygarza1364;1;0;CAMP_A;CAMP_A: Men opting out of dating due to perceived financial and legal risks. CAMP_B: Proponents of modern dating and critics of male grievance movements.;0.4;Excitement;Reiterating financial autonomy.;;https://www.youtube.com/watch?v=PhBP6ubxEr0;57.8% (100/173)
The Financially Celibate Movement Explained: Millions of Men Are Quitting Dating;Inside the Mind;2026-06-29;Women can go talk to the bear lol;@islandman71;1;0;CAMP_A;CAMP_A: Men opting out of dating due to perceived financial and legal risks. CAMP_B: Proponents of modern dating and critics of male grievance movements.;0.4;Sarcasm;Suggesting women can go talk to bears instead.;;https://www.youtube.com/watch?v=PhBP6ubxEr0;57.8% (100/173)
The Financially Celibate Movement Explained: Millions of Men Are Quitting Dating;Inside the Mind;2026-06-29;Dating for a man is like the dog who chases car tires. The problem is not the chasing it is in the catching. A win at the dating game is a loss in life. Don’t catch the tire.;@user-sq9dv7ru7v;1;0;CAMP_A;CAMP_A: Men opting out of dating due to perceived financial and legal risks. CAMP_B: Proponents of modern dating and critics of male grievance movements.;0.6;Frustration;"Dating for a man is like chasing car tires; catching the prize is actually a loss in life.";;https://www.youtube.com/watch?v=PhBP6ubxEr0;57.8% (100/173)
The Financially Celibate Movement Explained: Millions of Men Are Quitting Dating;Inside the Mind;2026-06-29;I don’t understand how many of you got to this state to begin with. Mathematics explain all our problems, a little bit common sense makes one avoid big disappointments. By the age of 15 this was revealed to me. This was 45 years ago. Don’t get provoked by people who want access to your assets. Become invisible;@holmschmidt1754;1;0;CAMP_A;CAMP_A: Men opting out of dating due to perceived financial and legal risks. CAMP_B: Proponents of modern dating and critics of male grievance movements.;0.5;Neutral;Basic mathematics and common sense dictate avoiding people who want access to your assets.;;https://www.youtube.com/watch?v=PhBP6ubxEr0;57.8% (100/173)
The Financially Celibate Movement Explained: Millions of Men Are Quitting Dating;Inside the Mind;2026-06-29;Always exchange Credit Reports and Tax Filings before getting involved.;@jeffdav7338;1;0;CAMP_A;CAMP_A: Men opting out of dating due to perceived financial and legal risks. CAMP_B: Proponents of modern dating and critics of male grievance movements.;0.4;Sarcasm;Proposing to exchange credit reports and tax filings before dating.;;https://www.youtube.com/watch?v=PhBP6ubxEr0;57.8% (100/173)
The Financially Celibate Movement Explained: Millions of Men Are Quitting Dating;Inside the Mind;2026-06-29;In 2014 VA some dudes want female incentives. I choose my vid not the algorithm  Shadow doorways Thinkify  James Sexton  International divorce series;@TiamatandIrena83;1;0;NEUTRAL_SPAM;CAMP_A: Men opting out of dating due to perceived financial and legal risks. CAMP_B: Proponents of modern dating and critics of male grievance movements.;0.1;Neutral;Listing random channels and topics.;;https://www.youtube.com/watch?v=PhBP6ubxEr0;57.8% (100/173)
The Financially Celibate Movement Explained: Millions of Men Are Quitting Dating;Inside the Mind;2026-06-29;Hey fellas, you notice there is not one single woman here posting any push back comments? Interesting. They are usually  the first ones to start blabber mouthing.;@SwitchFoot2007;1;0;CAMP_A;CAMP_A: Men opting out of dating due to perceived financial and legal risks. CAMP_B: Proponents of modern dating and critics of male grievance movements.;0.5;Frustration;Noticing the absence of pushback from women in the comments.;;https://www.youtube.com/watch?v=PhBP6ubxEr0;57.8% (100/173)
The Financially Celibate Movement Explained: Millions of Men Are Quitting Dating;Inside the Mind;2026-06-29;The movement is real..;@WatupMon;1;0;CAMP_A;CAMP_A: Men opting out of dating due to perceived financial and legal risks. CAMP_B: Proponents of modern dating and critics of male grievance movements.;0.3;Excitement;Affirming that the financial celibacy movement is real.;;https://www.youtube.com/watch?v=PhBP6ubxEr0;57.8% (100/173)
The Financially Celibate Movement Explained: Millions of Men Are Quitting Dating;Inside the Mind;2026-06-29;Atleast then we'll have fun 😂;@frog-fe8it;1;0;CAMP_A;CAMP_A: Men opting out of dating due to perceived financial and legal risks. CAMP_B: Proponents of modern dating and critics of male grievance movements.;0.4;Excitement;At least trolling will be fun.;;https://www.youtube.com/watch?v=PhBP6ubxEr0;57.8% (100/173)
The Financially Celibate Movement Explained: Millions of Men Are Quitting Dating;Inside the Mind;2026-06-29;If you absolutely have to get some physical time with a woman, just rent by the hour.  There are plenty of them out there and they leave afterwards.;@Paul-cu9lu;1;0;CAMP_A;CAMP_A: Men opting out of dating due to perceived financial and legal risks. CAMP_B: Proponents of modern dating and critics of male grievance movements.;0.5;Neutral;Suggesting commercial alternatives to traditional dating.;;https://www.youtube.com/watch?v=PhBP6ubxEr0;57.8% (100/173)
The Financially Celibate Movement Explained: Millions of Men Are Quitting Dating;Inside the Mind;2026-06-29;Invest in COMMODITIES like GOLD, SILVER , CRUDE OIL ⛽ companies like CHEVRON with 4% DIVIDENDS! WARREN BUFFETT holds 84 million shares of CVX ! 💰💰;@Peradoce1;1;0;CAMP_A;CAMP_A: Men opting out of dating due to perceived financial and legal risks. CAMP_B: Proponents of modern dating and critics of male grievance movements.;0.5;Excitement;Investing in commodities and stocks rather than relationships.;;https://www.youtube.com/watch?v=PhBP6ubxEr0;57.8% (100/173)
The Financially Celibate Movement Explained: Millions of Men Are Quitting Dating;Inside the Mind;2026-06-29;IM THE PRIZE;@WilliamMartinez-vq2bn;1;0;CAMP_A;CAMP_A: Men opting out of dating due to perceived financial and legal risks. CAMP_B: Proponents of modern dating and critics of male grievance movements.;0.6;Excitement;Asserting personal self-worth.;;https://www.youtube.com/watch?v=PhBP6ubxEr0;57.8% (100/173)
The Financially Celibate Movement Explained: Millions of Men Are Quitting Dating;Inside the Mind;2026-06-29;Finding someone decent is the thing.;@JohnBird-i9g;1;0;CAMP_A;CAMP_A: Men opting out of dating due to perceived financial and legal risks. CAMP_B: Proponents of modern dating and critics of male grievance movements.;0.3;Neutral;Finding someone decent remains the core difficulty.;;https://www.youtube.com/watch?v=PhBP6ubxEr0;57.8% (100/173)
The Financially Celibate Movement Explained: Millions of Men Are Quitting Dating;Inside the Mind;2026-06-29;It's just not just financial. It's legal. Why pay for a bad experience, and then have to keep paying.;@Sasquatch-ff1pj;1;0;CAMP_A;CAMP_A: Men opting out of dating due to perceived financial and legal risks. CAMP_B: Proponents of modern dating and critics of male grievance movements.;0.5;Frustration;Dating involves not just financial costs, but legal liabilities that persist indefinitely.;;https://www.youtube.com/watch?v=PhBP6ubxEr0;57.8% (100/173)
The Financially Celibate Movement Explained: Millions of Men Are Quitting Dating;Inside the Mind;2026-06-29;So when she smashes her own arm in a drawer and then calls the police on you, why does this work? The laws. Who wrote the laws?  This was done to dismantle our civilization and eradicate our tribe.;@Z1gguratVert1go;1;0;CAMP_A;CAMP_A: Men opting out of dating due to perceived financial and legal risks. CAMP_B: Proponents of modern dating and critics of male grievance movements.;0.8;Anger;Biased legal systems allow false police reports to dismantle civilization.;Why does a false accusation work so easily under current laws?;https://www.youtube.com/watch?v=PhBP6ubxEr0;57.8% (100/173)
The Financially Celibate Movement Explained: Millions of Men Are Quitting Dating;Inside the Mind;2026-06-29;That double standard is the whole issue and it is everywhere when you look women get a hall pass all the time, and men are evil ??????;@philw2341;1;0;CAMP_A;CAMP_A: Men opting out of dating due to perceived financial and legal risks. CAMP_B: Proponents of modern dating and critics of male grievance movements.;0.7;Frustration;Double standards are everywhere, giving women a hall pass while painting men as evil.;;https://www.youtube.com/watch?v=PhBP6ubxEr0;57.8% (100/173)
The Financially Celibate Movement Explained: Millions of Men Are Quitting Dating;Inside the Mind;2026-06-29;Men seek romance and women seek transactions !!!  As a man once you understand that starting as a teenager, you learn quickly to stop wasting your time dating women that basically appreciate nothing!!!;@acohen3951;1;0;CAMP_A;CAMP_A: Men opting out of dating due to perceived financial and legal risks. CAMP_B: Proponents of modern dating and critics of male grievance movements.;0.6;Frustration;Men seek romance while women seek transactions, so young men should stop wasting time.;;https://www.youtube.com/watch?v=PhBP6ubxEr0;57.8% (100/173)
The Financially Celibate Movement Explained: Millions of Men Are Quitting Dating;Inside the Mind;2026-06-29;...plagued us for multiple millennia.;@ratoneJR;1;0;CAMP_A;CAMP_A: Men opting out of dating due to perceived financial and legal risks. CAMP_B: Proponents of modern dating and critics of male grievance movements.;0.5;Frustration;The burdens on men have plagued them for millennia.;;https://www.youtube.com/watch?v=PhBP6ubxEr0;57.8% (100/173)
Women Are Realizing Men Stopped Chasing;Kait Willett;2026-07-24;WOW.. Videos like this was so helpful to me on my journey of bringing back my husband , to think by this exact same time last year, he left me, and after a period of no contact, i reached out to him and it still didn't work, but then again, i was introduced to a wonderful lady, Gabriela Blanca Lopez , who is a certified spiritual therapist, with her help ,i was able to get him back, and for over a year now, it has been smooth sailing. fellas, if you love her, do not give up on her, show her and act on it, you are not a simp for going all out for the one you love. xx;@SandyWilkins-f5r;104;2;CAMP_A;CAMP_A: Men who have exited or criticized the modern dating market due to perceived unfairness, misandry, or the risks of modern feminism and legal systems. CAMP_B: Individuals, often women or traditionalists, defending relationships, promoting mutual respect, or criticizing men for withdrawing prematurely.;0.4;Excitement;A testimonial claiming that men shouldn't give up on love and can overcome relationship struggles with the right mindset and spiritual help.;Does hiring a spiritual therapist genuinely fix broken marriages or just delay inevitable separation?;https://www.youtube.com/watch?v=Ek-I_g2_2fk;1.9% (100/5312)
Women Are Realizing Men Stopped Chasing;Kait Willett;2026-07-24;“They became the husbands they were looking for, and now they can’t find one.”  Profound.;@RyanFarnes;17;2;CAMP_A;CAMP_A: Men who have exited or criticized the modern dating market due to perceived unfairness, misandry, or the risks of modern feminism and legal systems. CAMP_B: Individuals, often women or traditionalists, defending relationships, promoting mutual respect, or criticizing men for withdrawing prematurely.;0.3;Neutral;Highlighting the irony that women who strived to be independent self-sufficient providers now struggle to find suitable male partners.;;https://www.youtube.com/watch?v=Ek-I_g2_2fk;1.9% (100/5312)
Women Are Realizing Men Stopped Chasing;Kait Willett;2026-07-24;I chased a woman before. It almost ruined my life. Never again…;@Darkkefka;5;0;CAMP_A;CAMP_A: Men who have exited or criticized the modern dating market due to perceived unfairness, misandry, or the risks of modern feminism and legal systems. CAMP_B: Individuals, often women or traditionalists, defending relationships, promoting mutual respect, or criticizing men for withdrawing prematurely.;0.6;Frustration;Chasing women carries such severe personal risks that it almost ruined my life, leading to a permanent vow never to do it again.;;https://www.youtube.com/watch?v=Ek-I_g2_2fk;1.9% (100/5312)
Women Are Realizing Men Stopped Chasing;Kait Willett;2026-07-24;even brad pitt was divorced. if you cant win at a game, you stop playing it.;@politbert3845;3;1;CAMP_A;CAMP_A: Men who have exited or criticized the modern dating market due to perceived unfairness, misandry, or the risks of modern feminism and legal systems. CAMP_B: Individuals, often women or traditionalists, defending relationships, promoting mutual respect, or criticizing men for withdrawing prematurely.;0.5;Disappointment;Even extremely successful, high-status men like Brad Pitt experience devastating divorces, proving the dating game is unwinnable.;;https://www.youtube.com/watch?v=Ek-I_g2_2fk;1.9% (100/5312)
Women Are Realizing Men Stopped Chasing;Kait Willett;2026-07-24;Women show total disrespect towards men, women are always saying how great women are and how bad men are, men have taken note.;@davdep;3;0;CAMP_A;CAMP_A: Men who have exited or criticized the modern dating market due to perceived unfairness, misandry, or the risks of modern feminism and legal systems. CAMP_B: Individuals, often women or traditionalists, defending relationships, promoting mutual respect, or criticizing men for withdrawing prematurely.;0.7;Anger;Men have finally noticed and reacted to the constant disrespect and misandry coming from women.;;https://www.youtube.com/watch?v=Ek-I_g2_2fk;1.9% (100/5312)
Women Are Realizing Men Stopped Chasing;Kait Willett;2026-07-24;wait, women wreck men for decades, and they are surprised men stop showing interest? wow, that's an amazing discovery that was discovered (checks history) back in the 70s.;@jrogers922;3;0;CAMP_A;CAMP_A: Men who have exited or criticized the modern dating market due to perceived unfairness, misandry, or the risks of modern feminism and legal systems. CAMP_B: Individuals, often women or traditionalists, defending relationships, promoting mutual respect, or criticizing men for withdrawing prematurely.;0.6;Sarcasm;Women shouldn't be surprised that men stopped showing interest after decades of enduring relational mistreatment.;;https://www.youtube.com/watch?v=Ek-I_g2_2fk;1.9% (100/5312)
Women Are Realizing Men Stopped Chasing;Kait Willett;2026-07-24;You should do some work at altering your script so you don't sounds exactly like you are reading off of an AI.;@happyhunting1000;2;1;NEUTRAL_SPAM;CAMP_A: Men who have exited or criticized the modern dating market due to perceived unfairness, misandry, or the risks of modern feminism and legal systems. CAMP_B: Individuals, often women or traditionalists, defending relationships, promoting mutual respect, or criticizing men for withdrawing prematurely.;0.2;Neutral;Critiquing the creator's delivery for sounding like a robotic AI script.;;https://www.youtube.com/watch?v=Ek-I_g2_2fk;1.9% (100/5312)
Women Are Realizing Men Stopped Chasing;Kait Willett;2026-07-24;It is terribly important to realise this applies only to the USA. The rest of the world does not have this problem. And when we look at the USA, what we see is a completely broken country.;@Chris.Davies;2;1;NEUTRAL_SPAM;CAMP_A: Men who have exited or criticized the modern dating market due to perceived unfairness, misandry, or the risks of modern feminism and legal systems. CAMP_B: Individuals, often women or traditionalists, defending relationships, promoting mutual respect, or criticizing men for withdrawing prematurely.;0.3;Neutral;The dating crisis is uniquely American and reflects a completely broken country rather than a global phenomenon.;;https://www.youtube.com/watch?v=Ek-I_g2_2fk;1.9% (100/5312)
Women Are Realizing Men Stopped Chasing;Kait Willett;2026-07-24;"I'm 63 y/o now, but when I was 21 y/o I was already disgusted by American Women, so I decided to look for a Foreign wife. I discovered that Foreign women treat American men a lot better. Now, I've been happily married to my Foreign born wife for over 40 years; we have two successful children and three wonderful grandchildren. And this wouldn't have happened had I continued to pursue American women.";@bryanj.nevasr.2018;2;0;CAMP_A;CAMP_A: Men who have exited or criticized the modern dating market due to perceived unfairness, misandry, or the risks of modern feminism and legal systems. CAMP_B: Individuals, often women or traditionalists, defending relationships, promoting mutual respect, or criticizing men for withdrawing prematurely.;0.5;Neutral;Seeking foreign wives is a successful alternative for American men frustrated by local dating dynamics.;;https://www.youtube.com/watch?v=Ek-I_g2_2fk;1.9% (100/5312)
Women Are Realizing Men Stopped Chasing;Kait Willett;2026-07-24;We got bored from all the rejection;@Mooria;2;0;CAMP_A;CAMP_A: Men who have exited or criticized the modern dating market due to perceived unfairness, misandry, or the risks of modern feminism and legal systems. CAMP_B: Individuals, often women or traditionalists, defending relationships, promoting mutual respect, or criticizing men for withdrawing prematurely.;0.4;Disappointment;Men simply grew tired of facing constant rejection in the dating market.;;https://www.youtube.com/watch?v=Ek-I_g2_2fk;1.9% (100/5312)
Women Are Realizing Men Stopped Chasing;Kait Willett;2026-07-24;werd, FEMINISM has delivered women a HUGE injustice.;@ricstiles1969;2;0;CAMP_A;CAMP_A: Men who have exited or criticized the modern dating market due to perceived unfairness, misandry, or the risks of modern feminism and legal systems. CAMP_B: Individuals, often women or traditionalists, defending relationships, promoting mutual respect, or criticizing men for withdrawing prematurely.;0.6;Frustration;Feminism has ultimately delivered a huge injustice to women themselves.;;https://www.youtube.com/watch?v=Ek-I_g2_2fk;1.9% (100/5312)
Women Are Realizing Men Stopped Chasing;Kait Willett;2026-07-24;Lol, when you start generalizing you lose all credibility.;@christopherwood2290;2;0;CAMP_B;CAMP_A: Men who have exited or criticized the modern dating market due to perceived unfairness, misandry, or the risks of modern feminism and legal systems. CAMP_B: Individuals, often women or traditionalists, defending relationships, promoting mutual respect, or criticizing men for withdrawing prematurely.;0.3;Sarcasm;Broad generalizations completely undermine the credibility of any argument about dating.;;https://www.youtube.com/watch?v=Ek-I_g2_2fk;1.9% (100/5312)
Women Are Realizing Men Stopped Chasing;Kait Willett;2026-07-24;That's why men are starting to buy the female andriods!;@dsdragoon;1;1;CAMP_A;CAMP_A: Men who have exited or criticized the modern dating market due to perceived unfairness, misandry, or the risks of modern feminism and legal systems. CAMP_B: Individuals, often women or traditionalists, defending relationships, promoting mutual respect, or criticizing men for withdrawing prematurely.;0.5;Excitement;Men are turning to technological alternatives like androids as a solution to dating frustrations.;;https://www.youtube.com/watch?v=Ek-I_g2_2fk;1.9% (100/5312)
Women Are Realizing Men Stopped Chasing;Kait Willett;2026-07-24;American women can F off. You can have a six pack and still get rejected for being under 6’4”. I’ll go overseas if I want a real woman.;@disclosurewars;1;1;CAMP_A;CAMP_A: Men who have exited or criticized the modern dating market due to perceived unfairness, misandry, or the risks of modern feminism and legal systems. CAMP_B: Individuals, often women or traditionalists, defending relationships, promoting mutual respect, or criticizing men for withdrawing prematurely.;0.8;Anger;American women have unrealistic physical standards, prompting men to look overseas for traditional partners.;;https://www.youtube.com/watch?v=Ek-I_g2_2fk;1.9% (100/5312)
Women Are Realizing Men Stopped Chasing;Kait Willett;2026-07-24;Is this AI generated?  57% chance just randomly.  Your feed will give you this same bs over and over.;@Kcdowling62;1;1;NEUTRAL_SPAM;CAMP_A: Men who have exited or criticized the modern dating market due to perceived unfairness, misandry, or the risks of modern feminism and legal systems. CAMP_B: Individuals, often women or traditionalists, defending relationships, promoting mutual respect, or criticizing men for withdrawing prematurely.;0.3;Neutral;Questioning whether the video content and its accompanying social media feed are entirely AI-generated.;Is this video entirely AI generated?;https://www.youtube.com/watch?v=Ek-I_g2_2fk;1.9% (100/5312)
Women Are Realizing Men Stopped Chasing;Kait Willett;2026-07-24;Alimony and feminism can't exist together. Strong and independent women pay for themselves, don't they?;@me5421;1;1;CAMP_A;CAMP_A: Men who have exited or criticized the modern dating market due to perceived unfairness, misandry, or the risks of modern feminism and legal systems. CAMP_B: Individuals, often women or traditionalists, defending relationships, promoting mutual respect, or criticizing men for withdrawing prematurely.;0.6;Frustration;Alimony laws contradict the core premise of feminism that strong, independent women should pay for themselves.;;https://www.youtube.com/watch?v=Ek-I_g2_2fk;1.9% (100/5312)
Women Are Realizing Men Stopped Chasing;Kait Willett;2026-07-24;You can say what you want.  This IS women's fault.  Every bit.;@BrantleyAllen;1;1;CAMP_A;CAMP_A: Men who have exited or criticized the modern dating market due to perceived unfairness, misandry, or the risks of modern feminism and legal systems. CAMP_B: Individuals, often women or traditionalists, defending relationships, promoting mutual respect, or criticizing men for withdrawing prematurely.;0.7;Anger;The current state of dating and relationship breakdown is entirely the fault of women.;;https://www.youtube.com/watch?v=Ek-I_g2_2fk;1.9% (100/5312)
Women Are Realizing Men Stopped Chasing;Kait Willett;2026-07-24;Why would any man in his right mind enter into a legal contract that over half of the time ends in divorce and subsequently financial ruin.....SERIOUSLY WHY???;@dayvid60van;1;1;CAMP_A;CAMP_A: Men who have exited or criticized the modern dating market due to perceived unfairness, misandry, or the risks of modern feminism and legal systems. CAMP_B: Individuals, often women or traditionalists, defending relationships, promoting mutual respect, or criticizing men for withdrawing prematurely.;0.7;Frustration;Marriage is a risky legal contract that frequently results in divorce and financial ruin for men.;Why would any man enter a legal contract that so often ends in financial ruin?;https://www.youtube.com/watch?v=Ek-I_g2_2fk;1.9% (100/5312)
Women Are Realizing Men Stopped Chasing;Kait Willett;2026-07-24;Is Kait Ai?;@rogerhughes2242;0;2;NEUTRAL_SPAM;CAMP_A: Men who have exited or criticized the modern dating market due to perceived unfairness, misandry, or the risks of modern feminism and legal systems. CAMP_B: Individuals, often women or traditionalists, defending relationships, promoting mutual respect, or criticizing men for withdrawing prematurely.;0.1;Neutral;Asking whether the host Kait is an AI creation.;Is Kait AI?;https://www.youtube.com/watch?v=Ek-I_g2_2fk;1.9% (100/5312)
Women Are Realizing Men Stopped Chasing;Kait Willett;2026-07-24;Another wonderful analysis of the dating scene and shifting dynamics. I wonder if you can do a similar analysis on dating for older men and women? I would love to know more about your research!;@garycross2277;1;0;CAMP_B;CAMP_A: Men who have exited or criticized the modern dating market due to perceived unfairness, misandry, or the risks of modern feminism and legal systems. CAMP_B: Individuals, often women or traditionalists, defending relationships, promoting mutual respect, or criticizing men for withdrawing prematurely.;0.2;Neutral;Praising the analysis of dating dynamics and requesting further research on older demographics.;Can you do a similar analysis on dating for older men and women?;https://www.youtube.com/watch?v=Ek-I_g2_2fk;1.9% (100/5312)
Women Are Realizing Men Stopped Chasing;Kait Willett;2026-07-24;Women wanted equality, but now that the cost for men to initiate dating correctly is so high, it is essential for women to start to initiate dating.;@CynicalTherapist;1;0;CAMP_A;CAMP_A: Men who have exited or criticized the modern dating market due to perceived unfairness, misandry, or the risks of modern feminism and legal systems. CAMP_B: Individuals, often women or traditionalists, defending relationships, promoting mutual respect, or criticizing men for withdrawing prematurely.;0.5;Frustration;Since the cost for men to initiate is now too high due to changing roles, women need to start initiating dating.;;https://www.youtube.com/watch?v=Ek-I_g2_2fk;1.9% (100/5312)
Women Are Realizing Men Stopped Chasing;Kait Willett;2026-07-24;"I stopped dating when I was 24 years old. I am 39 years old now.  I don't miss it, I mean that really and truly. I much prefer living life alone.  But, to the point of this video... Even in the event I ever wanted to pursue a relationship with a woman again? It seems utterly impossible. I am in no way that type of guy who creeps on women or does the thing of, ""when they say no, it really means to try harder!"" - those guys are idiots.  However, women have collectively basically said, ""don't talk to me, leave me alone, never even look at me"" and I took that literally.   So when I do hear about women whining about how men aren't chasing after them? I shrug and I'm like, ""well, you wanted your space and you got it, you're still angry?""";@AdamasOldblade;1;0;CAMP_A;CAMP_A: Men who have exited or criticized the modern dating market due to perceived unfairness, misandry, or the risks of modern feminism and legal systems. CAMP_B: Individuals, often women or traditionalists, defending relationships, promoting mutual respect, or criticizing men for withdrawing prematurely.;0.6;Disappointment;After taking women's demands for space literally and opting out of dating, it's hypocritical for them to complain that men stopped chasing.;;https://www.youtube.com/watch?v=Ek-I_g2_2fk;1.9% (100/5312)
Women Are Realizing Men Stopped Chasing;Kait Willett;2026-07-24;The more I grow older the more I loathe dating and wanted to stay away from women for good;@gaalxystar1873;1;0;CAMP_A;CAMP_A: Men who have exited or criticized the modern dating market due to perceived unfairness, misandry, or the risks of modern feminism and legal systems. CAMP_B: Individuals, often women or traditionalists, defending relationships, promoting mutual respect, or criticizing men for criticizing men.;0.5;Disappointment;Growing older has only increased the desire to stay away from dating and women entirely.;;https://www.youtube.com/watch?v=Ek-I_g2_2fk;1.9% (100/5312)
Women Are Realizing Men Stopped Chasing;Kait Willett;2026-07-24;"How refreshing!!  Well done.  I'm within sight of my 80th birthday, so I'm more inclined to look back than forward.  The brutal truth is that whilst ""feminism"" has persuaded women to re-invent themselves, that process has made them, generally and significantly, less attractive as partners.  If it weren't for simple lust, there would be little point in being in a relationship and our declining birth rate is clear evidence of that.  You are quite right when you speak of the worsening of the ""cost benefit analysis"" both in emotional terms for a relationship and in entirely financial terms for marriage.  I have been married and I'm not sure I would recommend it to any man - how sad is that?  I'm lucky, I have two lovely children, but I fear for the future.....";@alanboman8860;1;0;CAMP_A;CAMP_A: Men who have exited or criticized the modern dating market due to perceived unfairness, misandry, or the risks of modern feminism and legal systems. CAMP_B: Individuals, often women or traditionalists, defending relationships, promoting mutual respect, or criticizing men for withdrawing prematurely.;0.5;Disappointment;Feminism has made women less attractive as long-term partners, heavily skewing the emotional and financial cost-benefit analysis of marriage.;;https://www.youtube.com/watch?v=Ek-I_g2_2fk;1.9% (100/5312)
Women Are Realizing Men Stopped Chasing;Kait Willett;2026-07-24;Ive had 2 dates in 4 years. By choice. Just before the second date with this woman, whom with I thought we had a great first date, texted me she was upset. My plans were not good enough. I should dazzle her. Put her on a pedestal and that the great first date I thought we had was tolerated by her. Just tolerated not enjoyed. Lol I told her that my therapist specifically got on my ass about putting women on pedestals. She was a great therapist. I also said I already have a job. 6 days a week. I wanted to share my precious time with her. Doing literally anything. So I bailed. So technically Ive only had one date in 4 years. So here I am again. Still happy. A bit disappointed,;@Kozmonot420;1;0;CAMP_A;CAMP_A: Men who have exited or criticized the modern dating market due to perceived unfairness, misandry, or the risks of modern feminism and legal systems. CAMP_B: Individuals, often women or traditionalists, defending relationships, promoting mutual respect, or criticizing men for withdrawing prematurely.;0.6;Frustration;Refusing to put women on pedestals and dealing with unreasonable expectations leads many men to choose single life happily.;;https://www.youtube.com/watch?v=Ek-I_g2_2fk;1.9% (100/5312)
Women Are Realizing Men Stopped Chasing;Kait Willett;2026-07-24;The graph at 13:42 going up at 1980 instantly made me think of Ronald Reagan.  Whenever you think you've traced all the bad things possible back to him, yet another one shows up lol.;@johnwinkowski3154;1;0;NEUTRAL_SPAM;CAMP_A: Men who have exited or criticized the modern dating market due to perceived unfairness, misandry, or the risks of modern feminism and legal systems. CAMP_B: Individuals, often women or traditionalists, defending relationships, promoting mutual respect, or criticizing men for withdrawing prematurely.;0.3;Neutral;Connecting historical economic and social shifts in 1980 back to political figures like Ronald Reagan.;;https://www.youtube.com/watch?v=Ek-I_g2_2fk;1.9% (100/5312)
Women Are Realizing Men Stopped Chasing;Kait Willett;2026-07-24;Jhonny Depp got done dirty as well, and that man had everything;@Dan_Kanerva;1;0;CAMP_A;CAMP_A: Men who have exited or criticized the modern dating market due to perceived unfairness, misandry, or the risks of modern feminism and legal systems. CAMP_B: Individuals, often women or traditionalists, defending relationships, promoting mutual respect, or criticizing men for withdrawing prematurely.;0.5;Frustration;Even highly wealthy and famous men like Johnny Depp can be mistreated by the legal and dating system.;;https://www.youtube.com/watch?v=Ek-I_g2_2fk;1.9% (100/5312)
Women Are Realizing Men Stopped Chasing;Kait Willett;2026-07-24;"I'm glad I'm married to a REAL caring, loving, encouraging, patient woman, my wife understands what the words help mate means. & she showed her self approved WAAAAAY before we said ""I DO"".... If we can get women to do that we wouldn't have these issues";@enforcer11000;1;0;CAMP_B;CAMP_A: Men who have exited or criticized the modern dating market due to perceived unfairness, misandry, or the risks of modern feminism and legal systems. CAMP_B: Individuals, often women or traditionalists, defending relationships, promoting mutual respect, or criticizing men for withdrawing prematurely.;0.4;Excitement;Good relationships are entirely possible when women embrace being a true supportive helpmate.;;https://www.youtube.com/watch?v=Ek-I_g2_2fk;1.9% (100/5312)
Women Are Realizing Men Stopped Chasing;Kait Willett;2026-07-24;if u r married, u might not be in future. if u r going to get married and think your’s is different, may god enlighten u. if u r divorced- u r better now brother, irrespective of whatever was taken from u.  if u r a “kid” and still want to jump in that pool of dating “ u deserve it” after so much experience and data men have had.;@singhakul;1;0;CAMP_A;CAMP_A: Men who have exited or criticized the modern dating market due to perceived unfairness, misandry, or the risks of modern feminism and legal systems. CAMP_B: Individuals, often women or traditionalists, defending relationships, promoting mutual respect, or criticizing men for withdrawing prematurely.;0.7;Anger;Marriage is a trap and young men who choose to enter the modern dating pool deserve the inevitable negative consequences.;;https://www.youtube.com/watch?v=Ek-I_g2_2fk;1.9% (100/5312)
Women Are Realizing Men Stopped Chasing;Kait Willett;2026-07-24;"I love your content, but it often seems skewed towards the largely male YouTube audience. However, your video about ""sour grapes and sweet lemons"" was spot on.  Unfortunately, the comments of that video seemed to be full of men who don't realize it was about them. Too many of them can't admit that they actually do want a stable relationship. So, instead, they devalue women by saying they were all crazy, and then sweetened up solitude.  I enjoy female companionship, in all forms. We can be intimate, or just friends. I can admit that. I can also admit that I want someone in my life I can call my partner. As a divorcee, I'm not even opposed to marriage with the right woman.";@TheUnhousedWanderer;1;0;CAMP_B;CAMP_A: Men who have exited or criticized the modern dating market due to perceived unfairness, misandry, or the risks of modern feminism and legal systems. CAMP_B: Individuals, often women or traditionalists, defending relationships, promoting mutual respect, or criticizing men for withdrawing prematurely.;0.5;Frustration;Many men in the comments are in denial about wanting stable relationships and instead resort to devaluing women.;;https://www.youtube.com/watch?v=Ek-I_g2_2fk;1.9% (100/5312)
Women Are Realizing Men Stopped Chasing;Kait Willett;2026-07-24;I thank God you are saying these things.;@MilesJonesAssistant;1;0;CAMP_B;CAMP_A: Men who have exited or criticized the modern dating market due to perceived unfairness, misandry, or the risks of modern feminism and legal systems. CAMP_B: Individuals, often women or traditionalists, defending relationships, promoting mutual respect, or criticizing men for withdrawing prematurely.;0.3;Excitement;Expressing gratitude and agreement with the video's commentary.;;https://www.youtube.com/watch?v=Ek-I_g2_2fk;1.9% (100/5312)
Women Are Realizing Men Stopped Chasing;Kait Willett;2026-07-24;looks like the safest way to stay single, for both women and men, was to do what feminists told you to do.;@AgiHammerthief;1;0;CAMP_A;CAMP_A: Men who have exited or criticized the modern dating market due to perceived unfairness, misandry, or the risks of modern feminism and legal systems. CAMP_B: Individuals, often women or traditionalists, defending relationships, promoting mutual respect, or criticizing men for withdrawing prematurely.;0.4;Sarcasm;Following feminist advice on independence ultimately created the safest way to ensure everyone stays single.;;https://www.youtube.com/watch?v=Ek-I_g2_2fk;1.9% (100/5312)
Women Are Realizing Men Stopped Chasing;Kait Willett;2026-07-24;Not a single man in the universe wants to be selected because of desperation. The shifting you are describing is not sincere, it's just desperation at its finest.;@tmengucor;1;0;CAMP_A;CAMP_A: Men who have exited or criticized the modern dating market due to perceived unfairness, misandry, or the risks of modern feminism and legal systems. CAMP_B: Individuals, often women or traditionalists, defending relationships, promoting mutual respect, or criticizing men for withdrawing prematurely.;0.5;Disappointment;Men do not want to be chosen out of late-stage desperation rather than genuine desire.;;https://www.youtube.com/watch?v=Ek-I_g2_2fk;1.9% (100/5312)
Women Are Realizing Men Stopped Chasing;Kait Willett;2026-07-24;"#metoo, ""Believe all women"", ""You go girl"", EEO, HR, feminism, all combined to screw the women that supported this.";@arthurerdman37;1;0;CAMP_A;CAMP_A: Men who have exited or criticized the modern dating market due to perceived unfairness, misandry, or the risks of modern feminism and legal systems. CAMP_B: Individuals, often women or traditionalists, defending relationships, promoting mutual respect, or criticizing men for withdrawing prematurely.;0.6;Frustration;Modern movements like #metoo and corporate feminism have ultimately backfired and harmed the very women who supported them.;;https://www.youtube.com/watch?v=Ek-I_g2_2fk;1.9% (100/5312)
Women Are Realizing Men Stopped Chasing;Kait Willett;2026-07-24;"when society as a whole turns from God, bad things happen; the biblical family structure was set up for a very good reason; I'll agree that the perception of a woman finding a good guy is probably pretty accurate; but, the same goes in the opposite direction; when women don't put in the same effort to establish healthy LOVING relationships, it stands to reason that those good guys wouldn't commit to those women; this economy should make us seek God's help all the more and should make us realize that positive interactions in the workplace can produce alliances that build teamwork; but, the economy is so bad and employers consider most every worker (including management) are expendable that people start to view each other as competition; businesses have automated so much that jobs are scarce, providing a perception to both sexes that there's not really a good future in store for us";@bob_greene;1;0;CAMP_B;CAMP_A: Men who have exited or criticized the modern dating market due to perceived unfairness, misandry, or the risks of modern feminism and legal systems. CAMP_B: Individuals, often women or traditionalists, defending relationships, promoting mutual respect, or criticizing men for withdrawing prematurely.;0.5;Disappointment;Societal decay, economic hardship, and a lack of traditional family values are causing both sexes to view each other with hostility.;;https://www.youtube.com/watch?v=Ek-I_g2_2fk;1.9% (100/5312)
Women Are Realizing Men Stopped Chasing;Kait Willett;2026-07-24;Why pay top-dollar to partake in a competition where the prize is servitude, constant criticism and possible loss of half your wealth?;@undercrackers56;1;0;CAMP_A;CAMP_A: Men who have exited or criticized the modern dating market due to perceived unfairness, misandry, or the risks of modern feminism and legal systems. CAMP_B: Individuals, often women or traditionalists, defending relationships, promoting mutual respect, or criticizing men for withdrawing prematurely.;0.7;Anger;Why participate in a dating market where the expected reward is constant criticism and financial risk?;Why pay top-dollar for a relationship where the prize is servitude and financial loss?;https://www.youtube.com/watch?v=Ek-I_g2_2fk;1.9% (100/5312)
Women Are Realizing Men Stopped Chasing;Kait Willett;2026-07-24;I'm 6'3, ripped, easy going, educated, handsome, and earn $175,000 a year conservatively. I don't date.;@swashbucklingrogue;1;0;CAMP_A;CAMP_A: Men who have exited or criticized the modern dating market due to perceived unfairness, misandry, or the risks of modern feminism and legal systems. CAMP_B: Individuals, often women or traditionalists, defending relationships, promoting mutual respect, or criticizing men for withdrawing prematurely.;0.4;Neutral;Even highly successful, conventionally attractive men with great income are choosing not to date.;;https://www.youtube.com/watch?v=Ek-I_g2_2fk;1.9% (100/5312)
Women Are Realizing Men Stopped Chasing;Kait Willett;2026-07-24;tbh let it burn down. They created their own Heaven, let them enjoy their Solitude after all it what they wanted right ? They fought so desperately for that right and no Chivalry isn’t dead we fulfill their desire to be left in peace… . They truly deserve it;@realliferevue;1;0;CAMP_A;CAMP_A: Men who have exited or criticized the modern dating market due to perceived unfairness, misandry, or the risks of modern feminism and legal systems. CAMP_B: Individuals, often women or traditionalists, defending relationships, promoting mutual respect, or criticizing men for withdrawing prematurely.;0.7;Sarcasm;Let women enjoy the solitude and independence they fought so desperately for, since men are obliging by leaving them in peace.;;https://www.youtube.com/watch?v=Ek-I_g2_2fk;1.9% (100/5312)
Women Are Realizing Men Stopped Chasing;Kait Willett;2026-07-24;"I'm 45 and never approached a woman before.  I have never chased a woman.  I've been married twice and I have had dozens of ""things"" and affairs.  And I didn't have to chase any of them.    Because, I am what women consider high quality.";@TheShadowsofGreybrooke;1;0;CAMP_A;CAMP_A: Men who have exited or criticized the modern dating market due to perceived unfairness, misandry, or the risks of modern feminism and legal systems. CAMP_B: Individuals, often women or traditionalists, defending relationships, promoting mutual respect, or criticizing men for withdrawing prematurely.;0.4;Neutral;High-value men don't need to chase because romantic partners naturally gravitate toward them.;;https://www.youtube.com/watch?v=Ek-I_g2_2fk;1.9% (100/5312)
Women Are Realizing Men Stopped Chasing;Kait Willett;2026-07-24;I turned 46 yesterday, and I am single with no kids! I’ve gotten the rotten end of this deal for most of my adult life. What’s so enjoyable about these stats is watching all the women that were hot and had options in their 20’s hit their late 30’s and their 40’s and lose all the options. They lose that dopamine drip and watch all the younger women steal the attention!;@AlphasWillard;1;0;CAMP_A;CAMP_A: Men who have exited or criticized the modern dating market due to perceived unfairness, misandry, or the risks of modern feminism and legal systems. CAMP_B: Individuals, often women or traditionalists, defending relationships, promoting mutual respect, or criticizing men for withdrawing prematurely.;0.6;Excitement;It's satisfying to watch women who had countless options in their youth lose their appeal as they age.;;https://www.youtube.com/watch?v=Ek-I_g2_2fk;1.9% (100/5312)
Women Are Realizing Men Stopped Chasing;Kait Willett;2026-07-24;I read some comments someone said it seems like only men are watching this . I hope only men are commenting on this and women are considering what is being said. To the ladies you have never been considered substandard or below them by most men you will always be our equal in the things you provide if we are respected you will be also.❤ I have daughters married and am proud they are thankfully not pushovers but work with not against the other teammate. 🎉🎉🎉;@birdtherapy2601;1;0;CAMP_B;CAMP_A: Men who have exited or criticized the modern dating market due to perceived unfairness, misandry, or the risks of modern feminism and legal systems. CAMP_B: Individuals, often women or traditionalists, defending relationships, promoting mutual respect, or criticizing men for withdrawing prematurely.;0.3;Neutral;Healthy relationships thrive on mutual respect and teamwork rather than adversarial gender dynamics.;;https://www.youtube.com/watch?v=Ek-I_g2_2fk;1.9% (100/5312)
Women Are Realizing Men Stopped Chasing;Kait Willett;2026-07-24;Thank you for accurate pertinent information, as a man why should  I allow women to manipulate my life instead of being a partner women can dump us at will;@Reynold-c2m;1;0;CAMP_A;CAMP_A: Men who have exited or criticized the modern dating market due to perceived unfairness, misandry, or the risks of modern feminism and legal systems. CAMP_B: Individuals, often women or traditionalists, defending relationships, promoting mutual respect, or criticizing men for withdrawing prematurely.;0.6;Frustration;Men shouldn't allow women to manipulate their lives when partners can abandon them at will.;;https://www.youtube.com/watch?v=Ek-I_g2_2fk;1.9% (100/5312)
Women Are Realizing Men Stopped Chasing;Kait Willett;2026-07-24;I liked that phrase also.... That was a good one;@enforcer11000;1;0;CAMP_B;CAMP_A: Men who have exited or criticized the modern dating market due to perceived unfairness, misandry, or the risks of modern feminism and legal systems. CAMP_B: Individuals, often women or traditionalists, defending relationships, promoting mutual respect, or criticizing men for withdrawing prematurely.;0.2;Neutral;Expressing agreement with a specific insightful quote from the video.;;https://www.youtube.com/watch?v=Ek-I_g2_2fk;1.9% (100/5312)
Women Are Realizing Men Stopped Chasing;Kait Willett;2026-07-24;It wasn’t even close to a quiet exit are you insane? The whole Men Go Their Own Way (MGTOW) movement started out because of this, men have been talking about this for a decade at this point and it was all dismissed as misogyny or incel cope. Ignored and suppressed for years. Now that an entire half of the young male population have gone their own way and tapped out entirely, you’re only just beginning to notice the disaster. Women turned deaf ears to the men screaming about the fire at their house next door, but now that its starting to engulf women’s yard only then they start to notice.   It was never a quiet exit, you all just didn’t listen because it didn’t affect your own lives, while you simultaneously demanded men, at the risk of their career and reputation, be invested in your problems. And this continues to this day because the very fact that you believe it was a quiet exit shows that you’ve completely dismissed and ignored the MGTOW movement.;@flochforster22;1;0;CAMP_A;CAMP_A: Men who have exited or criticized the modern dating market due to perceived unfairness, misandry, or the risks of modern feminism and legal systems. CAMP_B: Individuals, often women or traditionalists, defending relationships, promoting mutual respect, or criticizing men for withdrawing prematurely.;0.8;Anger;The MGTOW movement tried to warn society for years, but men's concerns were dismissed as misogyny until it started affecting women.;;https://www.youtube.com/watch?v=Ek-I_g2_2fk;1.9% (100/5312)
Women Are Realizing Men Stopped Chasing;Kait Willett;2026-07-24;"I woke up one morning and found out that our shared bank account (shared, yet funded entirely with my money)had been emptied by her without any notice, because apparently she was entitled to it. Raised in a culture where a man is expected to provide, but in return receives comfort and respect, I realized how little consideration I had actually been given. It had all been a lie. I moved out with just a few boxes and very little support. We men are taught to “man up,” so that's what I did. I started again from scratch. One thing I say to every gentleman out there: make sure you both give **and receive** respect—mutually and equally. Love, money, possessions... one day they might be there, and the next, they might be gone. And that's okay. That's life!  But consideration and respect? Make sure they are the cornerstone of your relationship.";@doctorgicu;1;0;CAMP_A;CAMP_A: Men who have exited or criticized the modern dating market due to perceived unfairness, misandry, or the risks of modern feminism and legal systems. CAMP_B: Individuals, often women or traditionalists, defending relationships, promoting mutual respect, or criticizing men for withdrawing prematurely.;0.6;Disappointment;After having shared assets unjustly drained, men must prioritize mutual respect and self-reliance over blind provision.;;https://www.youtube.com/watch?v=Ek-I_g2_2fk;1.9% (100/5312)
Women Are Realizing Men Stopped Chasing;Kait Willett;2026-07-24;The men exiting the dating market are disproportionately the most eligible.;@TomoNeverDies00andabit-n9c;1;0;CAMP_A;CAMP_A: Men who have exited or criticized the modern dating market due to perceived unfairness, misandry, or the risks of modern feminism and legal systems. CAMP_B: Individuals, often women or traditionalists, defending relationships, promoting mutual respect, or criticizing men for withdrawing prematurely.;0.4;Neutral;The men opting out of the dating market are disproportionately the most eligible and high-quality candidates.;;https://www.youtube.com/watch?v=Ek-I_g2_2fk;1.9% (100/5312)
Women Are Realizing Men Stopped Chasing;Kait Willett;2026-07-24;I don't know Kait, Vengeance is feeling real good right now.;@SirSunKnight;1;0;CAMP_A;CAMP_A: Men who have exited or criticized the modern dating market due to perceived unfairness, misandry, or the risks of modern feminism and legal systems. CAMP_B: Individuals, often women or traditionalists, defending relationships, promoting mutual respect, or criticizing men for withdrawing prematurely.;0.5;Excitement;Expressing a sense of vindication or vengeance as current dating trends unfold.;;https://www.youtube.com/watch?v=Ek-I_g2_2fk;1.9% (100/5312)
Women Are Realizing Men Stopped Chasing;Kait Willett;2026-07-24;Men stopped chasing women because women run around in circles with no real idea where they are going.   They just wanna be chased ,     like a 2 year old;@paulwyly9497;1;0;CAMP_A;CAMP_A: Men who have exited or criticized the modern dating market due to perceived unfairness, misandry, or the risks of modern feminism and legal systems. CAMP_B: Individuals, often women or traditionalists, defending relationships, promoting mutual respect, or criticizing men for withdrawing prematurely.;0.6;Frustration;Men stopped chasing because women act aimlessly and simply want to be pursued like children.;;https://www.youtube.com/watch?v=Ek-I_g2_2fk;1.9% (100/5312)
Women Are Realizing Men Stopped Chasing;Kait Willett;2026-07-24;Good podcast, but you are missing one critical point that the woman's liberation movement has been orchestrated for many generations to destroy the family unit for various reasons.;@onthelandnowwhat;1;0;CAMP_A;CAMP_A: Men who have exited or criticized the modern dating market due to perceived unfairness, misandry, or the risks of modern feminism and legal systems. CAMP_B: Individuals, often women or traditionalists, defending relationships, promoting mutual respect, or criticizing men for withdrawing prematurely.;0.5;Neutral;The women's liberation movement was intentionally orchestrated over generations to destroy the nuclear family unit.;;https://www.youtube.com/watch?v=Ek-I_g2_2fk;1.9% (100/5312)
Women Are Realizing Men Stopped Chasing;Kait Willett;2026-07-24;WE ALL KNEW THIS WOULD HAPPEN DECADES AGO!;@ShayHawk-GoChiefs;1;0;CAMP_A;CAMP_A: Men who have exited or criticized the modern dating market due to perceived unfairness, misandry, or the risks of modern feminism and legal systems. CAMP_B: Individuals, often women or traditionalists, defending relationships, promoting mutual respect, or criticizing men for withdrawing prematurely.;0.7;Excitement;Emphatically stating that the current dating collapse was entirely predictable decades ago.;;https://www.youtube.com/watch?v=Ek-I_g2_2fk;1.9% (100/5312)
Women Are Realizing Men Stopped Chasing;Kait Willett;2026-07-24;8- о да это корекция;@TheKelikat;1;0;NEUTRAL_SPAM;CAMP_A: Men who have exited or criticized the modern dating market due to perceived unfairness, misandry, or the risks of modern feminism and legal systems. CAMP_B: Individuals, often women or traditionalists, defending relationships, promoting mutual respect, or criticizing men for withdrawing prematurely.;0.1;Neutral;Foreign language comment noting a correction.;;https://www.youtube.com/watch?v=Ek-I_g2_2fk;1.9% (100/5312)
Women Are Realizing Men Stopped Chasing;Kait Willett;2026-07-24;Yet another female grifter realizing they can cash in on manosphere audience. She is just reading a generated script  verbatim. Not even bothering to change it. This woman is here for a cash grab. Don't be fooled. Where were all these woman MRA's before YouTube monetized? They didn't exist;@kevinmorrissey9398;1;0;CAMP_A;CAMP_A: Men who have exited or criticized the modern dating market due to perceived unfairness, misandry, or the risks of modern feminism and legal systems. CAMP_B: Individuals, often women or traditionalists, defending relationships, promoting mutual respect, or criticizing men for withdrawing prematurely.;0.7;Anger;Accusing the creator of being a female grifter cashing in on the manosphere audience with AI-generated scripts.;Where were all these women advocates before YouTube monetized?;https://www.youtube.com/watch?v=Ek-I_g2_2fk;1.9% (100/5312)
Women Are Realizing Men Stopped Chasing;Kait Willett;2026-07-24;Nice AI channel stating an AI generated speech;@SteelBlueVision;1;0;NEUTRAL_SPAM;CAMP_A: Men who have exited or criticized the modern dating market due to perceived unfairness, misandry, or the risks of modern feminism and legal systems. CAMP_B: Individuals, often women or traditionalists, defending relationships, promoting mutual respect, or criticizing men for withdrawing prematurely.;0.3;Neutral;Dismissing the channel as an AI-generated operation reading AI speeches.;;https://www.youtube.com/watch?v=Ek-I_g2_2fk;1.9% (100/5312)
Women Are Realizing Men Stopped Chasing;Kait Willett;2026-07-24;I don't like AI crap, like this!;@MichaelPower-i6c;1;0;NEUTRAL_SPAM;CAMP_A: Men who have exited or criticized the modern dating market due to perceived unfairness, misandry, or the risks of modern feminism and legal systems. CAMP_B: Individuals, often women or traditionalists, defending relationships, promoting mutual respect, or criticizing men for withdrawing prematurely.;0.3;Frustration;Expressing dislike for AI-generated content.;;https://www.youtube.com/watch?v=Ek-I_g2_2fk;1.9% (100/5312)
Women Are Realizing Men Stopped Chasing;Kait Willett;2026-07-24;“They became the husbands they were looking for.” 😂   If who we are attracted to was a choice, women could take over the world. Many heterosexual women I know tell me how disappointed they are they’re not lesbians.;@wolfsmith1671;0;1;CAMP_B;CAMP_A: Men who have exited or criticized the modern dating market due to perceived unfairness, misandry, or the risks of modern feminism and legal systems. CAMP_B: Individuals, often women or traditionalists, defending relationships, promoting mutual respect, or criticizing men for criticizing men.;0.4;Neutral;Heterosexual women often face the irony of not being able to choose their sexual attraction.;;https://www.youtube.com/watch?v=Ek-I_g2_2fk;1.9% (100/5312)
Women Are Realizing Men Stopped Chasing;Kait Willett;2026-07-24;Marriage is a legal remedy. That is all it is. It assumes failure and provides a course of action when that failure occurs. That's why you have to get a marriage license. That is why if you don't get the license but stay together long enough you will be married by common law. Marriage is simply a legal framework for divorce. Why anyone would want that is beyond me.;@DV8-p8f;0;1;CAMP_A;CAMP_A: Men who have exited or criticized the modern dating market due to perceived unfairness, misandry, or the risks of modern feminism and legal systems. CAMP_B: Individuals, often women or traditionalists, defending relationships, promoting mutual respect, or criticizing men for withdrawing prematurely.;0.5;Neutral;Marriage is merely a legal framework that assumes failure and provides the terms for divorce.;Why would anyone want to enter a legal framework designed for divorce?;https://www.youtube.com/watch?v=Ek-I_g2_2fk;1.9% (100/5312)
Women Are Realizing Men Stopped Chasing;Kait Willett;2026-07-24;I’m tired of being married. It’s just exhausting;@mysteryperson5564;0;1;CAMP_A;CAMP_A: Men who have exited or criticized the modern dating market due to perceived unfairness, misandry, or the risks of modern feminism and legal systems. CAMP_B: Individuals, often women or traditionalists, defending relationships, promoting mutual respect, or criticizing men for withdrawing prematurely.;0.4;Disappointment;Expressing exhaustion and fatigue with being married.;;https://www.youtube.com/watch?v=Ek-I_g2_2fk;1.9% (100/5312)
Women Are Realizing Men Stopped Chasing;Kait Willett;2026-07-24;thank you;@NevilleCoe;0;0;CAMP_B;CAMP_A: Men who have exited or criticized the modern dating market due to perceived unfairness, misandry, or the risks of modern feminism and legal systems. CAMP_B: Individuals, often women or traditionalists, defending relationships, promoting mutual respect, or criticizing men for withdrawing prematurely.;0.1;Neutral;Brief expression of gratitude.;;https://www.youtube.com/watch?v=Ek-I_g2_2fk;1.9% (100/5312)
Women Are Realizing Men Stopped Chasing;Kait Willett;2026-07-24;The better question is: can women fix what they created? For me, the answer is no. In order to fix it, is for the women who screwed up to tell women the fatal flaws  they did to cause them not a choice for me. That means responsibly and accountability. I already know that will never happen, that older women will let younger women fail the same way the older women did. Guy will tell younger guys what happened and give younger guys advice to help them out.;@ajrgohan;0;0;CAMP_A;CAMP_A: Men who have exited or criticized the modern dating market due to perceived unfairness, misandry, or the risks of modern feminism and legal systems. CAMP_B: Individuals, often women or traditionalists, defending relationships, promoting mutual respect, or criticizing men for withdrawing prematurely.;0.6;Frustration;Women cannot fix the dating crisis because older generations refuse to take accountability and warn younger women.;Can women fix what they created?;https://www.youtube.com/watch?v=Ek-I_g2_2fk;1.9% (100/5312)
Women Are Realizing Men Stopped Chasing;Kait Willett;2026-07-24;Well said.;@deadlydeadd;0;0;CAMP_B;CAMP_A: Men who have exited or criticized the modern dating market due to perceived unfairness, misandry, or the risks of modern feminism and legal systems. CAMP_B: Individuals, often women or traditionalists, defending relationships, promoting mutual respect, or criticizing men for withdrawing prematurely.;0.2;Neutral;Complimenting the commentary as well-spoken.;;https://www.youtube.com/watch?v=Ek-I_g2_2fk;1.9% (100/5312)
Women Are Realizing Men Stopped Chasing;Kait Willett;2026-07-24;Sorry, do not be forgiving. If you seek to crush men, men need to make women eat the consequences, hardcore. People only learn by serious repercussions. I know this from personal experience. I’ve been too nice in my life, never again.;@Beleverorig;0;0;CAMP_A;CAMP_A: Men who have exited or criticized the modern dating market due to perceived unfairness, misandry, or the risks of modern feminism and legal systems. CAMP_B: Individuals, often women or traditionalists, defending relationships, promoting mutual respect, or criticizing men for withdrawing prematurely.;0.7;Anger;Men should stop being forgiving and make women face serious consequences for trying to crush them.;;https://www.youtube.com/watch?v=Ek-I_g2_2fk;1.9% (100/5312)
Women Are Realizing Men Stopped Chasing;Kait Willett;2026-07-24;98% of women hate men or have a negative opinion of men so why bother?;@cynicalchimp107;0;0;CAMP_A;CAMP_A: Men who have exited or criticized the modern dating market due to perceived unfairness, misandry, or the risks of modern feminism and legal systems. CAMP_B: Individuals, often women or traditionalists, defending relationships, promoting mutual respect, or criticizing men for withdrawing prematurely.;0.6;Frustration;Since the vast majority of women hold negative opinions of men, trying to date is pointless.;;https://www.youtube.com/watch?v=Ek-I_g2_2fk;1.9% (100/5312)
Women Are Realizing Men Stopped Chasing;Kait Willett;2026-07-24;Pandora's box has now been opened and men have seen the truth. There's no putting the cat back in the box now. The real question is what lies ahead for the sexes? and I'm willing to bet the answer for men lies in the developing technologies of AI, robots and fully immersive VR.;@adrianace1725;0;0;CAMP_A;CAMP_A: Men who have exited or criticized the modern dating market due to perceived unfairness, misandry, or the risks of modern feminism and legal systems. CAMP_B: Individuals, often women or traditionalists, defending relationships, promoting mutual respect, or criticizing men for withdrawing prematurely.;0.6;Excitement;Men have seen the truth, and future relations will likely shift toward technology like AI, robots, and VR.;What lies ahead for the sexes?;https://www.youtube.com/watch?v=Ek-I_g2_2fk;1.9% (100/5312)
Women Are Realizing Men Stopped Chasing;Kait Willett;2026-07-24;Dude, the problem is government and corporate involvement in relationships, marriage, etc.. they aren't supposed to be involved in everyone's intimate affairs. They aren't intimate organisms. Corporations are inherently psychopathic. Governments are the same.. Dating apps are run by women. Match Group runs major dating apps/sites. They are owned largely by Vanguard and Blackrock, and they're literally one and the same, to dodge monopoly issues, you can guess why their names are different. People NEED to unplug from the corporate matrix. If everyone stops using social media they will collapse over night. I can only dream..;@AeronStraid;0;0;NEUTRAL_SPAM;CAMP_A: Men who have exited or criticized the modern dating market due to perceived unfairness, misandry, or the risks of modern feminism and legal systems. CAMP_B: Individuals, often women or traditionalists, defending relationships, promoting mutual respect, or criticizing men for withdrawing prematurely.;0.7;Anger;The root cause of relationship breakdown is corporate and government interference, alongside dating apps monopolized by major conglomerates.;;https://www.youtube.com/watch?v=Ek-I_g2_2fk;1.9% (100/5312)
Women Are Realizing Men Stopped Chasing;Kait Willett;2026-07-24;"Respectfully, there were signals.  Helen Smith wrote ""Men On Strike"" in 2013.  No one listened.";@DamianBiondo;0;0;CAMP_A;CAMP_A: Men who have exited or criticized the modern dating market due to perceived unfairness, misandry, or the risks of modern feminism and legal systems. CAMP_B: Individuals, often women or traditionalists, defending relationships, promoting mutual respect, or criticizing men for withdrawing prematurely.;0.4;Neutral;Societal warnings about men going on strike have existed for a decade, but nobody listened.;;https://www.youtube.com/watch?v=Ek-I_g2_2fk;1.9% (100/5312)
Women Are Realizing Men Stopped Chasing;Kait Willett;2026-07-24;"I have learned the hard way, to ""scan"" a woman at 5-40 yards, with my ""gut radar"".  Some military folks learn to do this, for self-preservation.  If a woman doesn't feel right, during the 3 second scan, I alter my course to avoid her.  I am aware of other men doing the same thing.  One feminist word out of a woman's mouth is the same as hearing an enemy mortar fire.  I know to get out of the area, and take cover, immediately.   Maybe 2 years ago, I heard of a British guy, who saved a woman from drowning.  She sued him for touching her w/o her permission- she was unconscious.  I've heard men say they just don't want to take that risk.  Dealing with feminists is like jogging in a live minefield. ""Good men who wish to help"" have become ""Good men who measure the risk, and leave w/o taking action.""";@mpa8336;0;0;CAMP_A;CAMP_A: Men who have exited or criticized the modern dating market due to perceived unfairness, misandry, or the risks of modern feminism and legal systems. CAMP_B: Individuals, often women or traditionalists, defending relationships, promoting mutual respect, or criticizing men for withdrawing prematurely.;0.7;Frustration;Men now treat modern interactions with feminists like navigating a live minefield, choosing to measure risks and avoid helping.;;https://www.youtube.com/watch?v=Ek-I_g2_2fk;1.9% (100/5312)
Women Are Realizing Men Stopped Chasing;Kait Willett;2026-07-24;Well I don't chase and I have never been single 😂;@MikeItuarte-k6u;0;0;CAMP_A;CAMP_A: Men who have exited or criticized the modern dating market due to perceived unfairness, misandry, or the risks of modern feminism and legal systems. CAMP_B: Individuals, often women or traditionalists, defending relationships, promoting mutual respect, or criticizing men for withdrawing prematurely.;0.4;Excitement;By refusing to chase, men can find success outside traditional single dynamics.;;https://www.youtube.com/watch?v=Ek-I_g2_2fk;1.9% (100/5312)
Women Are Realizing Men Stopped Chasing;Kait Willett;2026-07-24;These videos are so much healthier than manosphere content.;@s.g.waller4139;0;0;CAMP_B;CAMP_A: Men who have exited or criticized the modern dating market due to perceived unfairness, misandry, or the risks of modern feminism and legal systems. CAMP_B: Individuals, often women or traditionalists, defending relationships, promoting mutual respect, or criticizing men for withdrawing prematurely.;0.3;Neutral;These analytical videos are much healthier than toxic manosphere content.;;https://www.youtube.com/watch?v=Ek-I_g2_2fk;1.9% (100/5312)
Women Are Realizing Men Stopped Chasing;Kait Willett;2026-07-24;These videos are so dense in research, they can be their mini lessons of coursework.  I wish more videos in this space did videos with this same level of quality of research.;@johnrossford7927;0;0;CAMP_B;CAMP_A: Men who have exited or criticized the modern dating market due to perceived unfairness, misandry, or the risks of modern feminism and legal systems. CAMP_B: Individuals, often women or traditionalists, defending relationships, promoting mutual respect, or criticizing men for withdrawing prematurely.;0.3;Excitement;Praising the video's dense research and high quality.;;https://www.youtube.com/watch?v=Ek-I_g2_2fk;1.9% (100/5312)
Women Are Realizing Men Stopped Chasing;Kait Willett;2026-07-24;"Go ""be you"" in the real world in environments where participants could theoretically mate but are not focused on dating at all. Not dating events. Activities you actually enjoy. You might make friends! You might meet a partner. But, resist making ""meet a partner"" your objective. This situation works as well in 8th grade as it does in late adulthood and everywhere in between. Also, I think it is worth adding that dry/sober events help to filter out the risk that you'll meet people with chemical dependency issues and all the problems that can come with friendships and partnerships that include or center around drug and alcohol use and abuse.";@BrianKerrBK;0;0;CAMP_B;CAMP_A: Men who have exited or criticized the modern dating market due to perceived unfairness, misandry, or the risks of modern feminism and legal systems. CAMP_B: Individuals, often women or traditionalists, defending relationships, promoting mutual respect, or criticizing men for withdrawing prematurely.;0.3;Neutral;Advocating for participating in shared-interest, sober environments without making dating the primary objective.;;https://www.youtube.com/watch?v=Ek-I_g2_2fk;1.9% (100/5312)
Women Are Realizing Men Stopped Chasing;Kait Willett;2026-07-24;As a Man I appreciate your honest raw, unfiltered and very precise analytical research about dating and relationships !   This is information that both men and women need to know.;@NikolaiOlsenOfficial;0;0;CAMP_B;CAMP_A: Men who have exited or criticized the modern dating market due to perceived unfairness, misandry, or the risks of modern feminism and legal systems. CAMP_B: Individuals, often women or traditionalists, defending relationships, promoting mutual respect, or criticizing men for withdrawing prematurely.;0.4;Excitement;Appreciating the raw, unfiltered, and precise analytical research on relationships.;;https://www.youtube.com/watch?v=Ek-I_g2_2fk;1.9% (100/5312)
Women Are Realizing Men Stopped Chasing;Kait Willett;2026-07-24;At 62 I see nothing out there. It's always  the three, sixes.  The very last part that you spoke about both parties showing up and that's a great positive thing but you left out the part that that's a very small percentage of that happening.   For a very log time I've always wanted to know the real truth about the dating market. You've proved to me that I already knew a majority of your data.   This is what I've been looking for and thank you. I appreciate the actual data.   My question is are women actually watching videos like these and course correcting?  You're extremely lucky woman.;@timchaffin5471;0;0;CAMP_A;CAMP_A: Men who have exited or criticized the modern dating market due to perceived unfairness, misandry, or the risks of modern feminism and legal systems. CAMP_B: Individuals, often women or traditionalists, defending relationships, promoting mutual respect, or criticizing men for withdrawing prematurely.;0.5;Disappointment;Older men see very little hope in the modern dating market and wonder if women are actually course-correcting.;Are women actually watching videos like these and course correcting?;https://www.youtube.com/watch?v=Ek-I_g2_2fk;1.9% (100/5312)
Women Are Realizing Men Stopped Chasing;Kait Willett;2026-07-24;Thankfully I found a wise, loving, and Christian woman. We start each day with a devotional. Our marriage is based on our faith in Christ.  What makes this even more challenging for women is that men tend to die younger.;@rollosdad1;0;0;CAMP_B;CAMP_A: Men who have exited or criticized the modern dating market due to perceived unfairness, misandry, or the risks of modern feminism and legal systems. CAMP_B: Individuals, often women or traditionalists, defending relationships, promoting mutual respect, or criticizing men for withdrawing prematurely.;0.3;Neutral;Shared Christian faith provides a solid foundation for a successful marriage.;;https://www.youtube.com/watch?v=Ek-I_g2_2fk;1.9% (100/5312)
Women Are Realizing Men Stopped Chasing;Kait Willett;2026-07-24;"""The people who are experiencing the pain of this right now, at the highest level, are women."" Kind of rich hearing that line to be honest. Not to turn this into man vs women, but it just feels completely invalidating. The men who have been driven to the point of completely giving up are suffering less than someone whose options are limited versus being completely excluded? This line specifically rubbed me the wrong way on an otherwise very well made and informative video.";@legendary117;0;0;CAMP_A;CAMP_A: Men who have exited or criticized the modern dating market due to perceived unfairness, misandry, or the risks of modern feminism and legal systems. CAMP_B: Individuals, often women or traditionalists, defending relationships, promoting mutual respect, or criticizing men for withdrawing prematurely.;0.6;Frustration;Claiming that women are experiencing the highest level of pain invalidates the severe suffering of men who completely gave up.;;https://www.youtube.com/watch?v=Ek-I_g2_2fk;1.9% (100/5312)
Women Are Realizing Men Stopped Chasing;Kait Willett;2026-07-24;I think that's the future for men longterm;@adrianace1725;0;0;CAMP_A;CAMP_A: Men who have exited or criticized the modern dating market due to perceived unfairness, misandry, or the risks of modern feminism and legal systems. CAMP_B: Individuals, often women or traditionalists, defending relationships, promoting mutual respect, or criticizing men for withdrawing prematurely.;0.4;Neutral;Reiterating that technological substitutes are the long-term future for men.;;https://www.youtube.com/watch?v=Ek-I_g2_2fk;1.9% (100/5312)
Women Are Realizing Men Stopped Chasing;Kait Willett;2026-07-24;"Good grief. ""Dating casually in her 20s, work on her career, get her education, work on herself, and the stable men would still be there waiting""? Then, ""Her mother probably had the same options and her grandmother certainly did""???!? What are you smoking? Her grandmother had less time to find a man than she actually still does, and her grandmother wasn't likely to be pursuing a professional career, nor getting a higher education. Men were the ones who worked to improve themselves and their financial position before trying to find a woman to marry, not the other way around.";@eukonidor;0;0;CAMP_A;CAMP_A: Men who have exited or criticized the modern dating market due to perceived unfairness, misandry, or the risks of modern feminism and legal systems. CAMP_B: Individuals, often women or traditionalists, defending relationships, promoting mutual respect, or criticizing men for withdrawing prematurely.;0.6;Frustration;Challenging historical revisionism about women's options and career timelines compared to previous generations.;;https://www.youtube.com/watch?v=Ek-I_g2_2fk;1.9% (100/5312)
Women Are Realizing Men Stopped Chasing;Kait Willett;2026-07-24;My ex- went into dating @ 59 years old.  A few years later she convinced a loser to come live with her, pay her rent.  Literally every person I know who’s met him doesn’t like him.  I actually doubt she likes him all that much, just wanted rent and to not be alone.  Little does he know if he gets seriously ill, she’ll dump him like a pot of pasta water.  Not a caring bone in her body.  Me? Life is peaceful.  No more crazy in my life.;@drumsnbass;0;0;CAMP_A;CAMP_A: Men who have exited or criticized the modern dating market due to perceived unfairness, misandry, or the risks of modern feminism and legal systems. CAMP_B: Individuals, often women or traditionalists, defending relationships, promoting mutual respect, or criticizing men for withdrawing prematurely.;0.5;Disappointment;Late-life dating often leads people to settle with toxic partners purely out of fear of being alone.;;https://www.youtube.com/watch?v=Ek-I_g2_2fk;1.9% (100/5312)
Women Are Realizing Men Stopped Chasing;Kait Willett;2026-07-24;One point about the dating pool getting smaller for women, that may not be considered by some, is that even if they find a rare as hens’ teeth kind of man at the right time and the right place, he may not be attracted to her. I feel the one-directional nature of dating where men pursue and women choose may also create a situation where women who are never rejected start to posses an unconscious belief that they never will be.;@wolfsmith1671;0;0;CAMP_A;CAMP_A: Men who have exited or criticized the modern dating market due to perceived unfairness, misandry, or the risks of modern feminism and legal systems. CAMP_B: Individuals, often women or traditionalists, defending relationships, promoting mutual respect, or criticizing men for withdrawing prematurely.;0.5;Neutral;Women who are never rejected develop an unconscious belief that they are immune to rejection, making later matching harder.;;https://www.youtube.com/watch?v=Ek-I_g2_2fk;1.9% (100/5312)
Women Are Realizing Men Stopped Chasing;Kait Willett;2026-07-24;You are using Claude to write your text yo.;@hoderharris;0;0;NEUTRAL_SPAM;CAMP_A: Men who have exited or criticized the modern dating market due to perceived unfairness, misandry, or the risks of modern feminism and legal systems. CAMP_B: Individuals, often women or traditionalists, defending relationships, promoting mutual respect, or criticizing men for withdrawing prematurely.;0.2;Neutral;Accusing the creator of using Claude AI to write scripts.;;https://www.youtube.com/watch?v=Ek-I_g2_2fk;1.9% (100/5312)
Women Are Realizing Men Stopped Chasing;Kait Willett;2026-07-24;You cant have a relationship when one side of that gets money and prizes for ending it.;@benlee2659;0;0;CAMP_A;CAMP_A: Men who have exited or criticized the modern dating market due to perceived unfairness, misandry, or the risks of modern feminism and legal systems. CAMP_B: Individuals, often women or traditionalists, defending relationships, promoting mutual respect, or criticizing men for withdrawing prematurely.;0.5;Frustration;Relationships cannot function when one side receives financial rewards and prizes for ending them.;;https://www.youtube.com/watch?v=Ek-I_g2_2fk;1.9% (100/5312)
Women Are Realizing Men Stopped Chasing;Kait Willett;2026-07-24;I've been happily married for over 25 years, my wife and I compliment each other not complete against each other and I have to say that if something was to ever happen to her I would stay single for the remainder of my life because how can you replace perfection?!;@billh673;0;0;CAMP_B;CAMP_A: Men who have exited or criticized the modern dating market due to perceived unfairness, misandry, or the risks of modern feminism and legal systems. CAMP_B: Individuals, often women or traditionalists, defending relationships, promoting mutual respect, or criticizing men for withdrawing prematurely.;0.4;Excitement;Successful marriages are built on complementarity rather than competition.;;https://www.youtube.com/watch?v=Ek-I_g2_2fk;1.9% (100/5312)
Women Are Realizing Men Stopped Chasing;Kait Willett;2026-07-24;how come no one is waking up?;@ChristopherHarding-t6g8f;0;0;CAMP_A;CAMP_A: Men who have exited or criticized the modern dating market due to perceived unfairness, misandry, or the risks of modern feminism and legal systems. CAMP_B: Individuals, often women or traditionalists, defending relationships, promoting mutual respect, or criticizing men for withdrawing prematurely.;0.5;Frustration;Expressing frustration that people are still not waking up to societal realities.;How come no one is waking up?;https://www.youtube.com/watch?v=Ek-I_g2_2fk;1.9% (100/5312)
Women Are Realizing Men Stopped Chasing;Kait Willett;2026-07-24;Crazy is as crazy does;@Luci4n77;0;0;NEUTRAL_SPAM;CAMP_A: Men who have exited or criticized the modern dating market due to perceived unfairness, misandry, or the risks of modern feminism and legal systems. CAMP_B: Individuals, often women or traditionalists, defending relationships, promoting mutual respect, or criticizing men for withdrawing prematurely.;0.2;Neutral;A short colloquial phrase about erratic behavior.;;https://www.youtube.com/watch?v=Ek-I_g2_2fk;1.9% (100/5312)
Women Are Realizing Men Stopped Chasing;Kait Willett;2026-07-24;Very interesting;@Race2Retirement;0;0;NEUTRAL_SPAM;CAMP_A: Men who have exited or criticized the modern dating market due to perceived unfairness, misandry, or the risks of modern feminism and legal systems. CAMP_B: Individuals, often women or traditionalists, defending relationships, promoting mutual respect, or criticizing men for withdrawing prematurely.;0.1;Neutral;Expressing general interest.;;https://www.youtube.com/watch?v=Ek-I_g2_2fk;1.9% (100/5312)
Women Are Realizing Men Stopped Chasing;Kait Willett;2026-07-24;"There's absolutely a gender difference. Men would be willing to meet in the middle again, the issue is women moving further away and doubling down on ""independence"". Look at the Clancy case recently. That's women (on tiktok mostly, granted) saying ""I'm going to justify horrible behavior because otherwise would accept accountability for my actions"" and men ""this is objectively horrible and I won't support it"".   Women need to hold each other accountable again, as you mentioned in a different video. That worked before independence. The threat of ostracization kept this behavior at bay. The same thing exists, on the other end of the spectrum. ""Pick me"" girls, traditional ones, regular women are cast aside for ""impeding the movement"".";@derivinity;0;0;CAMP_A;CAMP_A: Men who have exited or criticized the modern dating market due to perceived unfairness, misandry, or the risks of modern feminism and legal systems. CAMP_B: Individuals, often women or traditionalists, defending relationships, promoting mutual respect, or criticizing men for withdrawing prematurely.;0.6;Frustration;Women need to hold each other accountable again instead of doubling down on toxic interpretations of independence.;;https://www.youtube.com/watch?v=Ek-I_g2_2fk;1.9% (100/5312)
Women Are Realizing Men Stopped Chasing;Kait Willett;2026-07-24;The system needs to change treat men equally in order for them to want a relationship. It's not fair, we see it and we are done. Treat us fairly!;@vokulven2090;0;0;CAMP_A;CAMP_A: Men who have exited or criticized the modern dating market due to perceived unfairness, misandry, or the risks of modern feminism and legal systems. CAMP_B: Individuals, often women or traditionalists, defending relationships, promoting mutual respect, or criticizing men for withdrawing prematurely.;0.6;Anger;"Men are done participating because the system treats them unfairly; equal treatment is required.";;https://www.youtube.com/watch?v=Ek-I_g2_2fk;1.9% (100/5312)
Women Are Realizing Men Stopped Chasing;Kait Willett;2026-07-24;It runs so much deeper than this, as men stop caring about anything. They cease to contribute to the state, they refuse to fight for the state when called upon and if the situation never changes they may take matters into their own hands and end their own lives….  Not out of profound emotional breakdown, but out of a sheer logical assessment of their own value in a society that has deemed them as obsolete. And this is only if they don’t turn bitter and angry…. Once this happens, that profound detachment turns into suffering for everyone else.   “A man completely rejected by his community will eventually seek its destruction.” -Anonymous   This is not just some bullshit, it is a common theme and is often explored in literature and popular media. The Joker was a perfect modern example of this. The Batman and the character of The Riddler also exemplified this within the same franchise,  but these themes cut so deep and are largely ignored in a world that capitalises on selfish desires. Add on the corporate machine of actually wanting dissatisfaction to maximise spending and it all amounts to a zero sum game and a collapse of the state.;@mindoftheswarm7;0;0;CAMP_A;CAMP_A: Men who have exited or criticized the modern dating market due to perceived unfairness, misandry, or the risks of modern feminism and legal systems. CAMP_B: Individuals, often women or traditionalists, defending relationships, promoting mutual respect, or criticizing men for withdrawing prematurely.;0.8;Anger;When society deems men obsolete, profound detachment leads to dangerous societal collapse and individual suffering.;;https://www.youtube.com/watch?v=Ek-I_g2_2fk;1.9% (100/5312)
Women Are Realizing Men Stopped Chasing;Kait Willett;2026-07-24;Birth rates have been falling in 'The West' for decades. In most countries it around 50٪ of what the ideal should be. Personally I avoid women because they're trouble (and I'm not gay BTW).;@brakenoodle105;0;0;CAMP_A;CAMP_A: Men who have exited or criticized the modern dating market due to perceived unfairness, misandry, or the risks of modern feminism and legal systems. CAMP_B: Individuals, often women or traditionalists, defending relationships, promoting mutual respect, or criticizing men for withdrawing prematurely.;0.4;Disappointment;Declining birth rates and personal avoidance of women stem from viewing them as trouble.;;https://www.youtube.com/watch?v=Ek-I_g2_2fk;1.9% (100/5312)
Women Are Realizing Men Stopped Chasing;Kait Willett;2026-07-24;"Divorce is a growth industry.   Child support is used to fund judge's pensions off the tax rolls.  Ca can demand over 100% of a man's income in child support and alimony.   I was a conservator for my mother.  I can say that when the courts want to watch where money is spent they require serious reporting.   After a child support check  is cut, nobody tracks a penny of that money.  A man has paid it, the court takes their cut, and woman cashes the check.   Nobody sees if that money is ever spent on the children whose ""needs""  determine  the bill.";@jeffreyplum5259;0;0;CAMP_A;CAMP_A: Men who have exited or criticized the modern dating market due to perceived unfairness, misandry, or the risks of modern feminism and legal systems. CAMP_B: Individuals, often women or traditionalists, defending relationships, promoting mutual respect, or criticizing men for withdrawing prematurely.;0.7;Frustration;Child support and family courts operate as unregulated growth industries that fail to track how funds are spent.;;https://www.youtube.com/watch?v=Ek-I_g2_2fk;1.9% (100/5312)
Women Are Realizing Men Stopped Chasing;Kait Willett;2026-07-24;Entering into a contract, an agreement, a deal means both parties understand each others expectations and agree to them. If there is conflict, this should be resolved. Communication and the ability to do so, or want to, erodes over time. Feminism informs women what to expect - what is their right to receive while degrading the mans needs and expectations. We are left feeling ignored, under-valued and, well, better off on our own;@ShaunMoffat;0;0;CAMP_A;CAMP_A: Men who have exited or criticized the modern dating market due to perceived unfairness, misandry, or the risks of modern feminism and legal systems. CAMP_B: Individuals, often women or traditionalists, defending relationships, promoting mutual respect, or criticizing men for withdrawing prematurely.;0.5;Disappointment;Feminism teaches women what rights to claim while degrading men's needs, leaving men feeling undervalued.;;https://www.youtube.com/watch?v=Ek-I_g2_2fk;1.9% (100/5312)
Women Are Realizing Men Stopped Chasing;Kait Willett;2026-07-24;So who are the men over 40 marrying, or partnering with, ĺinking up if the women are not meeting up with female relationship?;@EdwardWalthew;0;0;NEUTRAL_SPAM;CAMP_A: Men who have exited or criticized the modern dating market due to perceived unfairness, misandry, or the risks of modern feminism and legal systems. CAMP_B: Individuals, often women or traditionalists, defending relationships, promoting mutual respect, or criticizing men for withdrawing prematurely.;0.3;Neutral;Asking who older men are partnering with if domestic options are failing.;Who are the men over 40 marrying or partnering with if women are not meeting relationship standards?;https://www.youtube.com/watch?v=Ek-I_g2_2fk;1.9% (100/5312)
Women Are Realizing Men Stopped Chasing;Kait Willett;2026-07-24;The collision of messaging is also not talked about, while women is portrayed as the independent, strong ones, men are simultaneously portrayed as irresponsible or the but in the joke, the idiot, from advertising, to film and dating platforms, even at clubs, men always draw the short stick;@c-mandawg;0;0;CAMP_A;CAMP_A: Men who have exited or criticized the modern dating market due to perceived unfairness, misandry, or the risks of modern feminism and legal systems. CAMP_B: Individuals, often women or traditionalists, defending relationships, promoting mutual respect, or criticizing men for criticizing men.;0.5;Frustration;Media and advertising consistently portray women as strong while casting men as incompetent idiots.;;https://www.youtube.com/watch?v=Ek-I_g2_2fk;1.9% (100/5312)
Women Are Realizing Men Stopped Chasing;Kait Willett;2026-07-24;I'm a 🇹🇹, Christian woman who grew up going to church. I have always known that what men look for in a mate and what women look for are different because different needs are being met for each sex. At the age of 12 I began to notice a particular guy in church. He is 7 years older than me. I observed him quietly for 4 years to ensure he had the qualities that I knew would make a good husband. At 16 I wrote him a letter expressing my interest. He did not return my interest and never did. I'm a 38 year old virgin now. Over the years other men have shown interest, some were no-fault incompatible and others were disrespectful and got the boot. All the while I've been working on myself to become softer, more agreeable and just an all-round fascinating woman because I absolutely adore men. I think men are great. I once intentionally used what I had learned on my deceased brother who I had a tense relationship with at the time and it worked so well that he referred to the particular book I was learning from then as my obeah book. I still want to get married and as I age I am eternally grateful that I am black because a male classmate from highschool said I look the same as I did when I was 17. We hadn't seen each since school days 21 years ago and he recognized me but his beard kept me from recognizing him. Anyway, this deliberately pickmesha comment is long enough. I love this channel.;@maneofatrini;0;0;CAMP_B;CAMP_A: Men who have exited or criticized the modern dating market due to perceived unfairness, misandry, or the risks of modern feminism and legal systems. CAMP_B: Individuals, often women or traditionalists, defending relationships, promoting mutual respect, or criticizing men for withdrawing prematurely.;0.4;Excitement;Understanding male and female needs differ and deliberately working on personal agreeableness leads to fulfilling traditional relationships.;;https://www.youtube.com/watch?v=Ek-I_g2_2fk;1.9% (100/5312)
Women Are Realizing Men Stopped Chasing;Kait Willett;2026-07-24;You believe in equal rights for women? Then practice this line: “maybe we could do something together sometime. Maybe go to a movie or something”.  Now stop talking, look at his face, and wait;@gkess7106;0;0;CAMP_B;CAMP_A: Men who have exited or criticized the modern dating market due to perceived unfairness, misandry, or the risks of modern feminism and legal systems. CAMP_B: Individuals, often women or traditionalists, defending relationships, promoting mutual respect, or criticizing men for withdrawing prematurely.;0.4;Neutral;Advocating for women to occasionally take the initiative and ask men out to practice equal rights.;;https://www.youtube.com/watch?v=Ek-I_g2_2fk;1.9% (100/5312)
Women Are Realizing Men Stopped Chasing;Kait Willett;2026-07-24;I have zero faith in the dating market as it is today.  I've been single, not one date at all for almost 10 years, I've been engaged twice and cheated on both times with who I thought were good friends. I'm now 45, never married, never had kids and I doubt I ever will.  Simply I've been told by dozens of people that I'm undateable. I'm severely disabled and I cannot work (I can provide a list of everything wrong with me, if you're interested). I have to rely on government assistance, so there's strike one and two in the bag, I can't care for a woman and I cannot provide for her. Because of my disabilities, coupled with my genetics, I'm over weight and I've been told, again by dozens and dozens of people that I'm ugly and not attractive... Strike 3 and 4.  My only redeeming quality is my personality and sense of humour but the way everything is today, a good personality in a fucked up package still equals a 0 out of 10.;@misterinkeduk;0;0;CAMP_A;CAMP_A: Men who have exited or criticized the modern dating market due to perceived unfairness, misandry, or the risks of modern feminism and legal systems. CAMP_B: Individuals, often women or traditionalists, defending relationships, promoting mutual respect, or criticizing men for withdrawing prematurely.;0.6;Disappointment;Severe disability and reliance on government assistance make dating nearly impossible in a market that demands financial provision.;;https://www.youtube.com/watch?v=Ek-I_g2_2fk;1.9% (100/5312)
Women Are Realizing Men Stopped Chasing;Kait Willett;2026-07-24;My wife and I were teen friends ..  In our mid 30’s we reconnected.. our past made “us” immediately comfortable and shared a love and respect we built as great young friends.  We have been married for 15+ years.  I am the happiest I’ve been since I was a child.  We are a traditional couple..  Also, it doesn’t hurt that we both grew up Hottt .  LOL.  Great work … Thank You for your generous efforts.   Dj;@dennisjoynt29;0;0;CAMP_B;CAMP_A: Men who have exited or criticized the modern dating market due to perceived unfairness, misandry, or the risks of modern feminism and legal systems. CAMP_B: Individuals, often women or traditionalists, defending relationships, promoting mutual respect, or criticizing men for withdrawing prematurely.;0.4;Excitement;Reconnecting with a childhood friend later in life led to a happy, traditional, and respectful marriage.;;https://www.youtube.com/watch?v=Ek-I_g2_2fk;1.9% (100/5312)
Women Are Realizing Men Stopped Chasing;Kait Willett;2026-07-24;Men... No retreat, no surrender... We will fight in the shade.;@TemeculaValleyStockExchange;0;0;CAMP_A;CAMP_A: Men who have exited or criticized the modern dating market due to perceived unfairness, misandry, or the risks of modern feminism and legal systems. CAMP_B: Individuals, often women or traditionalists, defending relationships, promoting mutual respect, or criticizing men for withdrawing prematurely.;0.6;Excitement;A rallying cry for men to hold their ground and refuse to retreat in the cultural gender conflict.;;https://www.youtube.com/watch?v=Ek-I_g2_2fk;1.9% (100/5312)
Women Are Realizing Men Stopped Chasing;Kait Willett;2026-07-24;Women want to demonize and marginalize men and then stand and act confused why men turn them off. How do you honestly think you can marginalize or criminalize somebody, then expect them to love you or want you or even be around you? It's like a tyrant expecting the prisoner to love them.;@anotherpointlessusername;0;0;CAMP_A;CAMP_A: Men who have exited or criticized the modern dating market due to perceived unfairness, misandry, or the risks of modern feminism and legal systems. CAMP_B: Individuals, often women or traditionalists, defending relationships, promoting mutual respect, or criticizing men for withdrawing prematurely.;0.7;Anger;Demonizing and marginalizing men makes it absurd to expect them to feel love or desire toward women.;;https://www.youtube.com/watch?v=Ek-I_g2_2fk;1.9% (100/5312)
Women Are Realizing Men Stopped Chasing;Kait Willett;2026-07-24;Why chase after something that runs away from you ???;@DuaneBettger;0;0;CAMP_A;CAMP_A: Men who have exited or criticized the modern dating market due to perceived unfairness, misandry, or the risks of modern feminism and legal systems. CAMP_B: Individuals, often women or traditionalists, defending relationships, promoting mutual respect, or criticizing men for withdrawing prematurely.;0.4;Neutral;Questioning the logic of chasing after someone who actively runs away.;;https://www.youtube.com/watch?v=Ek-I_g2_2fk;1.9% (100/5312)
Women Are Realizing Men Stopped Chasing;Kait Willett;2026-07-24;"I would love it,  were a woman interested in me, she could find an innocent way for me to approach her safely. She could drop something near me to pick up for her. She could make a remark about something common in the general area where we are standing. She could ask my opinion on a food item if at the grocery store. [or] Any guy could walk up to any woman and tell her straight out that he would ""like to show more interest in her, but he's not very good at reading women"".  - [that leaves both if them several equitable ways outs.]. What do you think, Have I got a chance? lol";@ireckinso9343;0;0;CAMP_B;CAMP_A: Men who have exited or criticized the modern dating market due to perceived unfairness, misandry, or the risks of modern feminism and legal systems. CAMP_B: Individuals, often women or traditionalists, defending relationships, promoting mutual respect, or criticizing men for withdrawing prematurely.;0.4;Neutral;Suggesting practical, subtle ways women can make it easier and safer for men to approach them.;What do you think, Have I got a chance?;https://www.youtube.com/watch?v=Ek-I_g2_2fk;1.9% (100/5312)
“STOP Chasing Women!” Karlous Miller Gives Young Men BRUTAL Dating Advice;Jay Da Reactor Clips;2026-08-17;She either met another man have interest in another man or was talking to another guy the whole time and want to move things forward with him and not you;@Dakingjamesversion;12;1;CAMP_A;CAMP_A: Critiques modern women for deceitful dating practices, lack of accountability, and hypergamy. CAMP_B: Defends women's autonomy, critiques men's entitlement, and emphasizes male accountability.;0.5;Frustration;When a woman abruptly leaves or loses interest, it is usually because she was entertaining another man the entire time.;Why do women feel the need to hide their alternative options instead of being honest upfront?;https://www.youtube.com/watch?v=FRPYCCcjM2A;100.0% (12/12)
“STOP Chasing Women!” Karlous Miller Gives Young Men BRUTAL Dating Advice;Jay Da Reactor Clips;2026-08-17;"Your takes on dating and masculinity are real, But SEO is stopping your growth. Your videos are not reaching the right audience because keywords are missing. If we optimize your titles and descriptions with keywords like ""dating advice"" and ""relationship advice"", YouTube will show your videos to more people. Keep dropping the truth!";@tohidislam4657;11;0;NEUTRAL_SPAM;CAMP_A: Critiques modern women for deceitful dating practices, lack of accountability, and hypergamy. CAMP_B: Defends women's autonomy, critiques men's entitlement, and emphasizes male accountability.;0.2;Neutral;The creator's messaging on masculinity is accurate, but he needs to improve his SEO and keyword optimization to grow.;;https://www.youtube.com/watch?v=FRPYCCcjM2A;100.0% (12/12)
“STOP Chasing Women!” Karlous Miller Gives Young Men BRUTAL Dating Advice;Jay Da Reactor Clips;2026-08-17;6:50 y'all always blame the man, and no one holds the woman accountable for not being forthright. She could have told me that she was weighing her options instead of lying. She could have told him it was too fast for her instead of lying. But what we do is tell me he did too much, and then he change and no woman gets chosen.;@thetechconsultant;4;0;CAMP_A;CAMP_A: Critiques modern women for deceitful dating practices, lack of accountability, and hypergamy. CAMP_B: Defends women's autonomy, critiques men's entitlement, and emphasizes male accountability.;0.7;Anger;Society unfairly blames men while letting women evade accountability for lying and failing to be forthright about their intentions.;Why is female dishonesty constantly excused while men are always told they did too much?;https://www.youtube.com/watch?v=FRPYCCcjM2A;100.0% (12/12)
“STOP Chasing Women!” Karlous Miller Gives Young Men BRUTAL Dating Advice;Jay Da Reactor Clips;2026-08-17;Is that future brother...;@dougdagreatwilliams8044;1;2;NEUTRAL_SPAM;CAMP_A: Critiques modern women for deceitful dating practices, lack of accountability, and hypergamy. CAMP_B: Defends women's autonomy, critiques men's entitlement, and emphasizes male accountability.;0.1;Neutral;Casual remark noting a resemblance to someone else.;Is that future brother...;https://www.youtube.com/watch?v=FRPYCCcjM2A;100.0% (12/12)
“STOP Chasing Women!” Karlous Miller Gives Young Men BRUTAL Dating Advice;Jay Da Reactor Clips;2026-08-17;She was saying shit that made him comfortable enough to even entertain making his statement how is he pushy if he acknowledging the conversation they where having.;@kryptospiracy1462;2;0;CAMP_A;CAMP_A: Critiques modern women for deceitful dating practices, lack of accountability, and hypergamy. CAMP_B: Defends women's autonomy, critiques men's entitlement, and emphasizes male accountability.;0.6;Frustration;"The man wasn't being pushy; he was simply responding to the comfortable environment and conversation the woman created.";How can a man be blamed for being pushy when the woman actively encouraged the conversation?;https://www.youtube.com/watch?v=FRPYCCcjM2A;100.0% (12/12)
“STOP Chasing Women!” Karlous Miller Gives Young Men BRUTAL Dating Advice;Jay Da Reactor Clips;2026-08-17;She go for 2 summers don’t come back;@tripsandtravel919;2;0;CAMP_A;CAMP_A: Critiques modern women for deceitful dating practices, lack of accountability, and hypergamy. CAMP_B: Defends women's autonomy, critiques men's entitlement, and emphasizes male accountability.;0.4;Sarcasm;She will disappear for a long time and not return.;;https://www.youtube.com/watch?v=FRPYCCcjM2A;100.0% (12/12)
“STOP Chasing Women!” Karlous Miller Gives Young Men BRUTAL Dating Advice;Jay Da Reactor Clips;2026-08-17;10:38 a dreams can fuck up yo relationship go to sleep 😅😅;@zellyzell1993;0;0;NEUTRAL_SPAM;CAMP_A: Critiques modern women for deceitful dating practices, lack of accountability, and hypergamy. CAMP_B: Defends women's autonomy, critiques men's entitlement, and emphasizes male accountability.;0.2;Excitement;Bad dreams can ruin your relationship.;;https://www.youtube.com/watch?v=FRPYCCcjM2A;100.0% (12/12)
“STOP Chasing Women!” Karlous Miller Gives Young Men BRUTAL Dating Advice;Jay Da Reactor Clips;2026-08-17;Women: Emotional intelligence = Agree with me and take accountability.;@thetechconsultant;0;0;CAMP_A;CAMP_A: Critiques modern women for deceitful dating practices, lack of accountability, and hypergamy. CAMP_B: Defends women's autonomy, critiques men's entitlement, and emphasizes male accountability.;0.5;Sarcasm;Women define emotional intelligence purely as agreeing with them and avoiding personal accountability.;;https://www.youtube.com/watch?v=FRPYCCcjM2A;100.0% (12/12)
“STOP Chasing Women!” Karlous Miller Gives Young Men BRUTAL Dating Advice;Jay Da Reactor Clips;2026-08-17;Emotional intelligence is only empathy which they still don’t have;@elighburton9449;0;0;CAMP_A;CAMP_A: Critiques modern women for deceitful dating practices, lack of accountability, and hypergamy. CAMP_B: Defends women's autonomy, critiques men's entitlement, and emphasizes male accountability.;0.6;Anger;True emotional intelligence requires empathy, which women fundamentally lack.;;https://www.youtube.com/watch?v=FRPYCCcjM2A;100.0% (12/12)
“STOP Chasing Women!” Karlous Miller Gives Young Men BRUTAL Dating Advice;Jay Da Reactor Clips;2026-08-17;@dougdagreatwilliams8044 Deonte Kyle of the Grits and Eggs pod, dey pretty good you should check em out. Dude do look like Casino now that you mentioned it tho lol;@jeronjones7959;0;0;NEUTRAL_SPAM;CAMP_A: Critiques modern women for deceitful dating practices, lack of accountability, and hypergamy. CAMP_B: Defends women's autonomy, critiques men's entitlement, and emphasizes male accountability.;0.2;Neutral;Podcast recommendation and agreement on a physical resemblance mentioned previously.;;https://www.youtube.com/watch?v=FRPYCCcjM2A;100.0% (12/12)
“STOP Chasing Women!” Karlous Miller Gives Young Men BRUTAL Dating Advice;Jay Da Reactor Clips;2026-08-17;@dougdagreatwilliams8044 bruh im crying he do look like Casino 😭😭😭;@reddsmoke904;0;0;NEUTRAL_SPAM;CAMP_A: Critiques modern women for deceitful dating practices, lack of accountability, and hypergamy. CAMP_B: Defends women's autonomy, critiques men's entitlement, and emphasizes male accountability.;0.3;Excitement;Finding humor in a physical resemblance pointed out in another comment.;;https://www.youtube.com/watch?v=FRPYCCcjM2A;100.0% (12/12)
“STOP Chasing Women!” Karlous Miller Gives Young Men BRUTAL Dating Advice;Jay Da Reactor Clips;2026-08-17;@Dakingjamesversion typical… her she broke up with her dude for a month… and he was the rebound for the moment;@popmyshit7662;0;0;CAMP_A;CAMP_A: Critiques modern women for deceitful dating practices, lack of accountability, and hypergamy. CAMP_B: Defends women's autonomy, critiques men's entitlement, and emphasizes male accountability.;0.4;Frustration;The woman used the man as a temporary rebound right after breaking up with her previous partner.;;https://www.youtube.com/watch?v=FRPYCCcjM2A;100.0% (12/12)
This is EXACTLY Why Good Men Give up On Dating;GMAN SHOW 2.0;2026-08-05;Feel bad for bro. He's finally accepted that it's negative ROI -- all cost, no benefit.;@michaeldavid6832;57;3;CAMP_A;CAMP_A: Critical of modern dating and women, viewing relationships as a negative ROI trap for men. CAMP_B: Optimistic or traditional, advocating for personal accountability and constructive engagement in relationships.;0.4;Disappointment;The video subject has rightly accepted that modern relationships represent an entirely negative return on investment.;;https://www.youtube.com/watch?v=-82gWToGxMI;76.3% (100/131)
This is EXACTLY Why Good Men Give up On Dating;GMAN SHOW 2.0;2026-08-05;I have the wet footprint in shower from wife daily..she nags and she nags and she nags all fucking day..its no fun..theres zero fun in marriage nothing fun at all..ZERO..ONLY ENDLESS MISERY AND NOTHING MORE;@Earthhasnolove;51;9;CAMP_A;CAMP_A: Critical of modern dating and women, viewing relationships as a negative ROI trap for men. CAMP_B: Optimistic or traditional, advocating for personal accountability and constructive engagement in relationships.;0.9;Anger;Marriage offers zero fun and only endless misery driven by constant nagging.;;https://www.youtube.com/watch?v=-82gWToGxMI;76.3% (100/131)
This is EXACTLY Why Good Men Give up On Dating;GMAN SHOW 2.0;2026-08-05;"I was talking to a bird a few weeks ago, i told her- Lets meet, on the weekend. She seemed interested. Friday came, she had an excuse, Saturday a huge delay and an excuse. I ghosted her after that. She messaged mid week, with a list of things to why she couldn't make the date, she smashed her car, her personal belongings were in a flood, she threw out her back. I just sent her the ""all the best and take care text"". What a clown.";@Mark-ih4zx;37;9;CAMP_A;CAMP_A: Critical of modern dating and women, viewing relationships as a negative ROI trap for men. CAMP_B: Optimistic or traditional, advocating for personal accountability and constructive engagement in relationships.;0.6;Frustration;Dating involves endless excuses and time-wasting from women who flake on commitments.;;https://www.youtube.com/watch?v=-82gWToGxMI;76.3% (100/131)
This is EXACTLY Why Good Men Give up On Dating;GMAN SHOW 2.0;2026-08-05;Once these idiots realise that the majority of likes and winks etc come from bots designed to keep people engaged and the money flowing !! Wake up idiots !!;@conservative-proud;39;1;CAMP_A;CAMP_A: Critical of modern dating and women, viewing relationships as a negative ROI trap for men. CAMP_B: Optimistic or traditional, advocating for personal accountability and constructive engagement in relationships.;0.8;Anger;Dating apps are deceptive platforms filled with bots designed purely to extract money from users.;;https://www.youtube.com/watch?v=-82gWToGxMI;76.3% (100/131)
This is EXACTLY Why Good Men Give up On Dating;GMAN SHOW 2.0;2026-08-05;"This guy just entered the ""awakening"" stage of being red-pilled. It's tough. It's like going thru growing pains. Most of us experience this upon realizing Disney lied to us all along. And now the veil has lifted, his eyes are burning.";@clovers-zi5fe;28;0;CAMP_A;CAMP_A: Critical of modern dating and women, viewing relationships as a negative ROI trap for men. CAMP_B: Optimistic or traditional, advocating for personal accountability and constructive engagement in relationships.;0.5;Neutral;The man in the video is going through a painful red-pilled awakening after realizing societal lies about romance.;;https://www.youtube.com/watch?v=-82gWToGxMI;76.3% (100/131)
This is EXACTLY Why Good Men Give up On Dating;GMAN SHOW 2.0;2026-08-05;Those apps are a scam, a rigged slot coin machine, a massive waste of time;@maneljoaquincaudet3443;22;3;CAMP_A;CAMP_A: Critical of modern dating and women, viewing relationships as a negative ROI trap for men. CAMP_B: Optimistic or traditional, advocating for personal accountability and constructive engagement in relationships.;0.6;Frustration;Dating apps are nothing more than rigged slot machines that waste people's time.;;https://www.youtube.com/watch?v=-82gWToGxMI;76.3% (100/131)
This is EXACTLY Why Good Men Give up On Dating;GMAN SHOW 2.0;2026-08-05;Love it when the GMan story sounds strangely personal;@blordo;18;1;NEUTRAL_SPAM;CAMP_A: Critical of modern dating and women, viewing relationships as a negative ROI trap for men. CAMP_B: Optimistic or traditional, advocating for personal accountability and constructive engagement in relationships.;0.1;Neutral;The creator's story feels unusually personal.;;https://www.youtube.com/watch?v=-82gWToGxMI;76.3% (100/131)
This is EXACTLY Why Good Men Give up On Dating;GMAN SHOW 2.0;2026-08-05;Socrates is often credited with the quote, “By all means, marry. If you get a good wife, you will be happy. If you get a bad one, you will be a philosopher.”;@steveh8658;16;2;CAMP_A;CAMP_A: Critical of modern dating and women, viewing relationships as a negative ROI trap for men. CAMP_B: Optimistic or traditional, advocating for personal accountability and constructive engagement in relationships.;0.3;Neutral;A bad wife turns a man into a philosopher.;;https://www.youtube.com/watch?v=-82gWToGxMI;76.3% (100/131)
This is EXACTLY Why Good Men Give up On Dating;GMAN SHOW 2.0;2026-08-05;I like the Shawshank analogy;@roklobsta1111;12;0;NEUTRAL_SPAM;CAMP_A: Critical of modern dating and women, viewing relationships as a negative ROI trap for men. CAMP_B: Optimistic or traditional, advocating for personal accountability and constructive engagement in relationships.;0.1;Neutral;Appreciation for the Shawshank movie analogy used in the video.;;https://www.youtube.com/watch?v=-82gWToGxMI;76.3% (100/131)
This is EXACTLY Why Good Men Give up On Dating;GMAN SHOW 2.0;2026-08-05;It is indeed true that if you have a high paying job, you will meet a lot of hotties. The problem is that you are then trapped in that job forever - and that if you lose it or quit, you will also lose the woman.;@thomashilmersen711;7;4;CAMP_A;CAMP_A: Critical of modern dating and women, viewing relationships as a negative ROI trap for men. CAMP_B: Optimistic or traditional, advocating for personal accountability and constructive engagement in relationships.;0.4;Disappointment;High-paying jobs attract women, but they trap men in a cycle where losing the job means losing the partner.;;https://www.youtube.com/watch?v=-82gWToGxMI;76.3% (100/131)
This is EXACTLY Why Good Men Give up On Dating;GMAN SHOW 2.0;2026-08-05;"""You are what you attract"" isn't always true. A lot of women nowadays have an inflated sense of their SMV (sexual market value) because they've had ONS (one night stands) with decent looking guys or guys with money. But getting a man to sleep with you isn't the same thing as getting a man to commit to you. Basically, there are a lot of women who are below average thinking they deserve an 8, 9, or 10. You also underestimate how bad the women are on dating apps today. It's way worse now than it was ten years ago. Women are also pickier on dating apps because it's more impersonal than talking to someone in person.";@KingofWisdom;7;3;CAMP_A;CAMP_A: Critical of modern dating and women, viewing relationships as a negative ROI trap for men. CAMP_B: Optimistic or traditional, advocating for personal accountability and constructive engagement in relationships.;0.7;Frustration;Many below-average women have inflated sexual market value due to casual hookups and expect high-tier men.;;https://www.youtube.com/watch?v=-82gWToGxMI;76.3% (100/131)
This is EXACTLY Why Good Men Give up On Dating;GMAN SHOW 2.0;2026-08-05;Great video G. This poor bastard is representative of a huge number of men out there today. I like to think that might give him the tiniest bit of solace. Keep your chin up mate, as fucked as the world of women is.;@Moggy8745;9;0;CAMP_A;CAMP_A: Critical of modern dating and women, viewing relationships as a negative ROI trap for men. CAMP_B: Optimistic or traditional, advocating for personal accountability and constructive engagement in relationships.;0.3;Disappointment;The man in the video represents a huge number of modern men struggling with a broken dating world.;;https://www.youtube.com/watch?v=-82gWToGxMI;76.3% (100/131)
This is EXACTLY Why Good Men Give up On Dating;GMAN SHOW 2.0;2026-08-05;Have a conversation with her but once its like that you should be planning your exit. Ive experienced that hell on earth. I started pricing apartments and worked out a budget. I got a second job and told her i was done. She was done anyway and we did the diy divorce without lawyers and actually had an easy split. It only cost me 300 bucks. There were no kids and no alimony so we just took what was ours and split up the rest. I guess i was lucky, she had a decent job and didnt need support... but rippin that band-aid off was the best thing i did for my self and my own mental health.;@graybeardsage;8;0;CAMP_A;CAMP_A: Critical of modern dating and women, viewing relationships as a negative ROI trap for men. CAMP_B: Optimistic or traditional, advocating for personal accountability and constructive engagement in relationships.;0.6;Frustration;Quickly exiting a toxic marriage and cutting losses was the best mental health decision.;;https://www.youtube.com/watch?v=-82gWToGxMI;76.3% (100/131)
This is EXACTLY Why Good Men Give up On Dating;GMAN SHOW 2.0;2026-08-05;He is seeing the world through his own ethical framework. The world is opposite.;@Kiefer1000;7;1;CAMP_A;CAMP_A: Critical of modern dating and women, viewing relationships as a negative ROI trap for men. CAMP_B: Optimistic or traditional, advocating for personal accountability and constructive engagement in relationships.;0.2;Neutral;The subject evaluates the world through his own ethical framework, but reality is the opposite.;;https://www.youtube.com/watch?v=-82gWToGxMI;76.3% (100/131)
This is EXACTLY Why Good Men Give up On Dating;GMAN SHOW 2.0;2026-08-05;Love the Ikea domestic reference.;@tristanjones344;7;0;NEUTRAL_SPAM;CAMP_A: Critical of modern dating and women, viewing relationships as a negative ROI trap for men. CAMP_B: Optimistic or traditional, advocating for personal accountability and constructive engagement in relationships.;0.1;Neutral;Appreciation for the IKEA domestic reference.;;https://www.youtube.com/watch?v=-82gWToGxMI;76.3% (100/131)
This is EXACTLY Why Good Men Give up On Dating;GMAN SHOW 2.0;2026-08-05;"""Please. Please!! Don't let it be her!!""  OMG man you get me laughing.";@deosmanerllng;6;1;NEUTRAL_SPAM;CAMP_A: Critical of modern dating and women, viewing relationships as a negative ROI trap for men. CAMP_B: Optimistic or traditional, advocating for personal accountability and constructive engagement in relationships.;0.3;Excitement;The video's humor regarding dating mishaps is very funny.;;https://www.youtube.com/watch?v=-82gWToGxMI;76.3% (100/131)
This is EXACTLY Why Good Men Give up On Dating;GMAN SHOW 2.0;2026-08-05;@15:57 G-man you're fucken killing me 🤣;@atarig33k;6;0;NEUTRAL_SPAM;CAMP_A: Critical of modern dating and women, viewing relationships as a negative ROI trap for men. CAMP_B: Optimistic or traditional, advocating for personal accountability and constructive engagement in relationships.;0.3;Excitement;The creator is extremely funny in this segment.;;https://www.youtube.com/watch?v=-82gWToGxMI;76.3% (100/131)
This is EXACTLY Why Good Men Give up On Dating;GMAN SHOW 2.0;2026-08-05;I understand this guy. After being rejected a lot your self confidence goes to shite!;@dmaverick2396;6;0;CAMP_A;CAMP_A: Critical of modern dating and women, viewing relationships as a negative ROI trap for men. CAMP_B: Optimistic or traditional, advocating for personal accountability and constructive engagement in relationships.;0.4;Disappointment;Constant rejection destroys a man's self-confidence.;;https://www.youtube.com/watch?v=-82gWToGxMI;76.3% (100/131)
This is EXACTLY Why Good Men Give up On Dating;GMAN SHOW 2.0;2026-08-05;Insider bot designed to keep you just enough ’interested’…;@conservative-proud;6;0;CAMP_A;CAMP_A: Critical of modern dating and women, viewing relationships as a negative ROI trap for men. CAMP_B: Optimistic or traditional, advocating for personal accountability and constructive engagement in relationships.;0.4;Frustration;Dating apps use insider bots to keep users hooked.;;https://www.youtube.com/watch?v=-82gWToGxMI;76.3% (100/131)
This is EXACTLY Why Good Men Give up On Dating;GMAN SHOW 2.0;2026-08-05;I was talking to one we had a great connection. I paid for breakfast than date two she didn’t even offer to pay for mini golf date two which was $17, neither dinner. And I traveled to her(50 miles). And didn’t even get a peck on the lips. I’m so done with this. The chads don’t have to do 1/10 of this effort;@BrianWaller-qe7gr;6;0;CAMP_A;CAMP_A: Critical of modern dating and women, viewing relationships as a negative ROI trap for men. CAMP_B: Optimistic or traditional, advocating for personal accountability and constructive engagement in relationships.;0.7;Anger;Men put in all the travel and financial effort on dates while receiving zero reciprocation, unlike top-tier men.;;https://www.youtube.com/watch?v=-82gWToGxMI;76.3% (100/131)
This is EXACTLY Why Good Men Give up On Dating;GMAN SHOW 2.0;2026-08-05;You went to easy on her.;@milton1448;5;0;CAMP_A;CAMP_A: Critical of modern dating and women, viewing relationships as a negative ROI trap for men. CAMP_B: Optimistic or traditional, advocating for personal accountability and constructive engagement in relationships.;0.3;Neutral;The commenter should have been harsher in response.;;https://www.youtube.com/watch?v=-82gWToGxMI;76.3% (100/131)
This is EXACTLY Why Good Men Give up On Dating;GMAN SHOW 2.0;2026-08-05;Nothing better than waking up single on a Saturday morning, money in the bank, all the time in the world and only yourself to please. Have a look at married dudes faces when they’re sitting in a shopping center waiting for their wife to stop spending their money…they’re broken. Give em nothing boys.;@Horsesnameisfriday;4;1;CAMP_A;CAMP_A: Critical of modern dating and women, viewing relationships as a negative ROI trap for men. CAMP_B: Optimistic or traditional, advocating for personal accountability and constructive engagement in relationships.;0.7;Excitement;Being single with money is vastly superior to being a broken, financially drained married man.;;https://www.youtube.com/watch?v=-82gWToGxMI;76.3% (100/131)
This is EXACTLY Why Good Men Give up On Dating;GMAN SHOW 2.0;2026-08-05;0:31 This guy's problem is his lack of resilience and lack of grit and gratitude. Look at that sour puss look on his face. II wouldn't want to have a relationship with a woman with that look  Thats. huge turn off. (and yeah, I've been cancelled about 30 times in my life including losing my family at age 10 and getting shuffled to 10 different foster and group homes when I was a child -  - but you see joy and gratitude on my face a lot);@andre1987eph;3;2;CAMP_B;CAMP_A: Critical of modern dating and women, viewing relationships as a negative ROI trap for men. CAMP_B: Optimistic or traditional, advocating for personal accountability and constructive engagement in relationships.;0.7;Frustration;The man in the video lacks resilience, grit, and gratitude, which are the real sources of his dating problems.;;https://www.youtube.com/watch?v=-82gWToGxMI;76.3% (100/131)
This is EXACTLY Why Good Men Give up On Dating;GMAN SHOW 2.0;2026-08-05;"Thanks for watching. If you would like to contact me or support the channel, see below.  G-Man's Channels - G-Man's SRI - https://youtube.com/@G-MANS_SRI?si=BrxXr9PTP02-9sj0 - G-man Speaks TV - https://youtube.com/@G-MANSPEAKSTV?si=raejH7yF0s4hClc1  • Paypal Donation: https://www.paypal.com/ncp/payment/JJY2QWD9D8JBS • Book a call: https://calendly.com/gmanspeakstv • Support the Channel on Locals: https://g-man.locals.com/support/promo/GMANTRIAL2?_utm_source=yt • E-mail me: gmanspeakstv@gmail.com";@GMANSHOW2.0;4;0;NEUTRAL_SPAM;CAMP_A: Critical of modern dating and women, viewing relationships as a negative ROI trap for men. CAMP_B: Optimistic or traditional, advocating for personal accountability and constructive engagement in relationships.;0.1;Neutral;Channel support links and contact information.;;https://www.youtube.com/watch?v=-82gWToGxMI;76.3% (100/131)
This is EXACTLY Why Good Men Give up On Dating;GMAN SHOW 2.0;2026-08-05;"Modern whamen, increasingly all over the world but especially in the West, have been told since childhood that they're princesses, that they deserve everything just because they exist, that their actions have no consequences and that there will always be a man willing to provide and protect them in exchange for nothing at the end of the road when they're like 40 and no Chad wants them anymore, in fact they've been told that men are biologically hardwired to want them, that it's the sole reason men exist, which goes against the progressive ""everything is social and learnt behavior"" narrative that they overwhelmingly defend, but heh, don't ask for logic 😂";@yqlvi6t96nxybwa24nhlf;4;0;CAMP_A;CAMP_A: Critical of modern dating and women, viewing relationships as a negative ROI trap for men. CAMP_B: Optimistic or traditional, advocating for personal accountability and constructive engagement in relationships.;0.8;Anger;Western women have been conditioned to act like entitled princesses expecting men to provide everything without offering anything in return.;;https://www.youtube.com/watch?v=-82gWToGxMI;76.3% (100/131)
This is EXACTLY Why Good Men Give up On Dating;GMAN SHOW 2.0;2026-08-05;Bro doesn’t realize how over rated marriage and girlfriends are.  Took me 56+ years and ongoing divorce to realize it’s all over rated and poor ROI except for getting three great kids out of it.;@Kuato2026;4;0;CAMP_A;CAMP_A: Critical of modern dating and women, viewing relationships as a negative ROI trap for men. CAMP_B: Optimistic or traditional, advocating for personal accountability and constructive engagement in relationships.;0.5;Disappointment;Marriage and girlfriends are vastly overrated with poor ROI, save for having children.;;https://www.youtube.com/watch?v=-82gWToGxMI;76.3% (100/131)
This is EXACTLY Why Good Men Give up On Dating;GMAN SHOW 2.0;2026-08-05;The comment you made about having your first domestic with your missus while putting together the $250.00 table from Ikea once you move in together had me in tears. Farken Funny As;@D_Rongo75;3;0;NEUTRAL_SPAM;CAMP_A: Critical of modern dating and women, viewing relationships as a negative ROI trap for men. CAMP_B: Optimistic or traditional, advocating for personal accountability and constructive engagement in relationships.;0.3;Excitement;The Ikea table story was hilarious.;;https://www.youtube.com/watch?v=-82gWToGxMI;76.3% (100/131)
This is EXACTLY Why Good Men Give up On Dating;GMAN SHOW 2.0;2026-08-05;We met because I looked like a Chad and Bumble gave her a prompt to ask me about what's the one food I could eat over and over again if I were stranded on a deserted island. I replied, we dated, and I turned out to be a bumbling idiot because I asked her to marry me. And then the sex dried up...;@goodtwogo;3;0;CAMP_A;CAMP_A: Critical of modern dating and women, viewing relationships as a negative ROI trap for men. CAMP_B: Optimistic or traditional, advocating for personal accountability and constructive engagement in relationships.;0.4;Disappointment;Getting married led to the intimacy drying up despite an initial good connection.;;https://www.youtube.com/watch?v=-82gWToGxMI;76.3% (100/131)
This is EXACTLY Why Good Men Give up On Dating;GMAN SHOW 2.0;2026-08-05;"This is the way to do it. Don't entertain them, don't give them the ego boost. My date routine is, coffee, or one drink, then go for a  walk and make sure the walk passes my car on the route. As soon as I reach my car I make sure I say and I fire off the ""that's my ride here, why don't you come round and see xyz"" (bring up xyz at some point earlier in the date). If she likes you, she says yes (then make the moves when you get back to your place). If she doesn't come back, she ain't interested and never will be - just part ways and end the date. Keep it to 45 mins. Don't waste anymore time than that.";@TheLinkedList;3;0;CAMP_B;CAMP_A: Critical of modern dating and women, viewing relationships as a negative ROI trap for men. CAMP_B: Optimistic or traditional, advocating for personal accountability and constructive engagement in relationships.;0.5;Neutral;Keep dates short, maintain firm boundaries, and test genuine interest efficiently without wasting time.;;https://www.youtube.com/watch?v=-82gWToGxMI;76.3% (100/131)
This is EXACTLY Why Good Men Give up On Dating;GMAN SHOW 2.0;2026-08-05;i’m guessing that’s why he became a philosopher lmao;@andrew-t8t2x;3;0;NEUTRAL_SPAM;CAMP_A: Critical of modern dating and women, viewing relationships as a negative ROI trap for men. CAMP_B: Optimistic or traditional, advocating for personal accountability and constructive engagement in relationships.;0.2;Neutral;Humorous speculation on why Socrates became a philosopher.;;https://www.youtube.com/watch?v=-82gWToGxMI;76.3% (100/131)
This is EXACTLY Why Good Men Give up On Dating;GMAN SHOW 2.0;2026-08-05;Yeah, that’s not true. I got zero options.;@ChristopherHawkins-j5m;3;0;CAMP_A;CAMP_A: Critical of modern dating and women, viewing relationships as a negative ROI trap for men. CAMP_B: Optimistic or traditional, advocating for personal accountability and constructive engagement in relationships.;0.3;Disappointment;"Not all men have options; some have zero dating opportunities.";;https://www.youtube.com/watch?v=-82gWToGxMI;76.3% (100/131)
This is EXACTLY Why Good Men Give up On Dating;GMAN SHOW 2.0;2026-08-05;I was on them ten years ago worst thing invented same as Facebook life was better before the phone;@BrettMartin-jb3zd;3;0;CAMP_A;CAMP_A: Critical of modern dating and women, viewing relationships as a negative ROI trap for men. CAMP_B: Optimistic or traditional, advocating for personal accountability and constructive engagement in relationships.;0.4;Disappointment;Life was much better before phones and dating apps.;;https://www.youtube.com/watch?v=-82gWToGxMI;76.3% (100/131)
This is EXACTLY Why Good Men Give up On Dating;GMAN SHOW 2.0;2026-08-05;Stand up, grow a spine and stop talking to her. Tell her to her face you are doing other things that exclude her She’ll either piss off or revitalise Either way, you get an outcome you can control;@DMC33;3;0;CAMP_B;CAMP_A: Critical of modern dating and women, viewing relationships as a negative ROI trap for men. CAMP_B: Optimistic or traditional, advocating for personal accountability and constructive engagement in relationships.;0.6;Frustration;Men need to stand up, grow a spine, and take control of their relationship outcomes.;;https://www.youtube.com/watch?v=-82gWToGxMI;76.3% (100/131)
This is EXACTLY Why Good Men Give up On Dating;GMAN SHOW 2.0;2026-08-05;Wet footprint in shower? What’s that mean?;@InTheWeeds209;3;0;NEUTRAL_SPAM;CAMP_A: Critical of modern dating and women, viewing relationships as a negative ROI trap for men. CAMP_B: Optimistic or traditional, advocating for personal accountability and constructive engagement in relationships.;0.2;Neutral;Asking for clarification on the shower footprint reference.;What does wet footprint in shower mean?;https://www.youtube.com/watch?v=-82gWToGxMI;76.3% (100/131)
This is EXACTLY Why Good Men Give up On Dating;GMAN SHOW 2.0;2026-08-05;It's a win anyway;@ftrdtuh4827;3;0;CAMP_A;CAMP_A: Critical of modern dating and women, viewing relationships as a negative ROI trap for men. CAMP_B: Optimistic or traditional, advocating for personal accountability and constructive engagement in relationships.;0.3;Excitement;Walking away from bad relationships is ultimately a win.;;https://www.youtube.com/watch?v=-82gWToGxMI;76.3% (100/131)
This is EXACTLY Why Good Men Give up On Dating;GMAN SHOW 2.0;2026-08-05;I’m deadass tired of getting ghosted like I can’t even get more than 2 dates. And most of the women I’ve hung out with were genuinely interested in me first. I mean I can’t change who I am it’s got to the point I don’t even really wanna approach anymore because nothing happens after. I’m at the point I just want to straight up tell them “look if you’re truly interested in me here’s my number and hmu when you’re free to link up”. I’m done doing this jester maxing bs and getting absolutely nothing for showing that I’m interested.;@Jmon_ey;2;1;CAMP_A;CAMP_A: Critical of modern dating and women, viewing relationships as a negative ROI trap for men. CAMP_B: Optimistic or traditional, advocating for personal accountability and constructive engagement in relationships.;0.8;Frustration;Being constantly ghosted after initial interest makes approaching women feel pointless and exhausting.;;https://www.youtube.com/watch?v=-82gWToGxMI;76.3% (100/131)
This is EXACTLY Why Good Men Give up On Dating;GMAN SHOW 2.0;2026-08-05;This guy is a loser.  Who has not been through the dry years?  Gen X here … but fk off and grow a set.;@36handy;1;2;CAMP_B;CAMP_A: Critical of modern dating and women, viewing relationships as a negative ROI trap for men. CAMP_B: Optimistic or traditional, advocating for personal accountability and constructive engagement in relationships.;0.7;Anger;Men complaining online are losers who need to endure dry spells and toughen up.;;https://www.youtube.com/watch?v=-82gWToGxMI;76.3% (100/131)
This is EXACTLY Why Good Men Give up On Dating;GMAN SHOW 2.0;2026-08-05;My favorite thing is to talk for a week about absolutely nothing and then attempt to arrange a meet up and then she ghosts....Why? Because she's waiting on Chad LOLOL;@joshfrench6426;2;0;CAMP_A;CAMP_A: Critical of modern dating and women, viewing relationships as a negative ROI trap for men. CAMP_B: Optimistic or traditional, advocating for personal accountability and constructive engagement in relationships.;0.6;Frustration;Women ghosting after small talk are just waiting around for a high-status Chad.;;https://www.youtube.com/watch?v=-82gWToGxMI;76.3% (100/131)
This is EXACTLY Why Good Men Give up On Dating;GMAN SHOW 2.0;2026-08-05;"The guy looks like a nerdy scrawny blue pill nice guy. Just being honest. He should read the books ""No More Mister Nice Guy"" and ""Unplugged Alpha"".";@RicRoars;2;0;CAMP_A;CAMP_A: Critical of modern dating and women, viewing relationships as a negative ROI trap for men. CAMP_B: Optimistic or traditional, advocating for personal accountability and constructive engagement in relationships.;0.4;Neutral;The guy in the video acts like a nice guy and should read red-pill literature.;;https://www.youtube.com/watch?v=-82gWToGxMI;76.3% (100/131)
This is EXACTLY Why Good Men Give up On Dating;GMAN SHOW 2.0;2026-08-05;Yup;@mr.nobody6457;2;0;NEUTRAL_SPAM;CAMP_A: Critical of modern dating and women, viewing relationships as a negative ROI trap for men. CAMP_B: Optimistic or traditional, advocating for personal accountability and constructive engagement in relationships.;0.1;Neutral;Agreement with the preceding point.;;https://www.youtube.com/watch?v=-82gWToGxMI;76.3% (100/131)
This is EXACTLY Why Good Men Give up On Dating;GMAN SHOW 2.0;2026-08-05;"You should have told her ""I just didn't feel the spark. Good luck on your search"".";@goodtwogo;2;0;CAMP_A;CAMP_A: Critical of modern dating and women, viewing relationships as a negative ROI trap for men. CAMP_B: Optimistic or traditional, advocating for personal accountability and constructive engagement in relationships.;0.3;Neutral;Suggesting a better comeback line to reject insincere women.;;https://www.youtube.com/watch?v=-82gWToGxMI;76.3% (100/131)
This is EXACTLY Why Good Men Give up On Dating;GMAN SHOW 2.0;2026-08-05;Not if you work from home bro;@ClipAWowWow;2;0;NEUTRAL_SPAM;CAMP_A: Critical of modern dating and women, viewing relationships as a negative ROI trap for men. CAMP_B: Optimistic or traditional, advocating for personal accountability and constructive engagement in relationships.;0.2;Neutral;Working from home alters the dynamic of meeting people.;;https://www.youtube.com/watch?v=-82gWToGxMI;76.3% (100/131)
This is EXACTLY Why Good Men Give up On Dating;GMAN SHOW 2.0;2026-08-05;​@InTheWeeds209something is always in the wrong spot;@Earthhasnolove;2;0;CAMP_A;CAMP_A: Critical of modern dating and women, viewing relationships as a negative ROI trap for men. CAMP_B: Optimistic or traditional, advocating for personal accountability and constructive engagement in relationships.;0.2;Neutral;Small domestic annoyances pile up in relationships.;;https://www.youtube.com/watch?v=-82gWToGxMI;76.3% (100/131)
This is EXACTLY Why Good Men Give up On Dating;GMAN SHOW 2.0;2026-08-05;All I can add is....thank fuck I didn't get married and have no interest in marriage.;@klawlor3659;2;0;CAMP_A;CAMP_A: Critical of modern dating and women, viewing relationships as a negative ROI trap for men. CAMP_B: Optimistic or traditional, advocating for personal accountability and constructive engagement in relationships.;0.5;Excitement;Expressing gratitude for avoiding marriage altogether.;;https://www.youtube.com/watch?v=-82gWToGxMI;76.3% (100/131)
This is EXACTLY Why Good Men Give up On Dating;GMAN SHOW 2.0;2026-08-05;I haven't dating since divorce that was 2022 because I just don't want to deal with all the bs it's hard to go back to prison by choice😂 gym and Xbox baby;@seanbossb;1;1;CAMP_A;CAMP_A: Critical of modern dating and women, viewing relationships as a negative ROI trap for men. CAMP_B: Optimistic or traditional, advocating for personal accountability and constructive engagement in relationships.;0.5;Excitement;"Avoiding dating post-divorce is better than choosing prison; the gym and Xbox are enough.";;https://www.youtube.com/watch?v=-82gWToGxMI;76.3% (100/131)
This is EXACTLY Why Good Men Give up On Dating;GMAN SHOW 2.0;2026-08-05;This guy’s best option would be to pay for a filter that makes him a black guy;@ChristopherHawkins-j5m;1;1;CAMP_A;CAMP_A: Critical of modern dating and women, viewing relationships as a negative ROI trap for men. CAMP_B: Optimistic or traditional, advocating for personal accountability and constructive engagement in relationships.;0.4;Sarcasm;Sarcastic joke about changing racial filters to improve dating success.;;https://www.youtube.com/watch?v=-82gWToGxMI;76.3% (100/131)
This is EXACTLY Why Good Men Give up On Dating;GMAN SHOW 2.0;2026-08-05;Cost of slurry crisis 😂😂😂;@charlesstone369;1;0;NEUTRAL_SPAM;CAMP_A: Critical of modern dating and women, viewing relationships as a negative ROI trap for men. CAMP_B: Optimistic or traditional, advocating for personal accountability and constructive engagement in relationships.;0.2;Excitement;Laughing at a joke made in the video.;;https://www.youtube.com/watch?v=-82gWToGxMI;76.3% (100/131)
This is EXACTLY Why Good Men Give up On Dating;GMAN SHOW 2.0;2026-08-05;Me too✋;@Luis-nk1gt;1;0;NEUTRAL_SPAM;CAMP_A: Critical of modern dating and women, viewing relationships as a negative ROI trap for men. CAMP_B: Optimistic or traditional, advocating for personal accountability and constructive engagement in relationships.;0.1;Neutral;Agreeing briefly with another commenter.;;https://www.youtube.com/watch?v=-82gWToGxMI;76.3% (100/131)
This is EXACTLY Why Good Men Give up On Dating;GMAN SHOW 2.0;2026-08-05;Fellas don't date or marry just pass it on;@Meezy-f4j;1;0;CAMP_A;CAMP_A: Critical of modern dating and women, viewing relationships as a negative ROI trap for men. CAMP_B: Optimistic or traditional, advocating for personal accountability and constructive engagement in relationships.;0.4;Neutral;Advice to men to completely avoid dating or marriage.;;https://www.youtube.com/watch?v=-82gWToGxMI;76.3% (100/131)
This is EXACTLY Why Good Men Give up On Dating;GMAN SHOW 2.0;2026-08-05;We all know dating apps are rigged. If you go on there you are a mark and a fool. I can't feel too bad for this guy as that's the experience for every sub 8 guy. I told him to watch rehab room...dude needs to understand the black pill.;@rustwins4442;1;0;CAMP_A;CAMP_A: Critical of modern dating and women, viewing relationships as a negative ROI trap for men. CAMP_B: Optimistic or traditional, advocating for personal accountability and constructive engagement in relationships.;0.6;Frustration;Dating apps are rigged, and sub-8 men who use them are fools who need to learn the black pill.;;https://www.youtube.com/watch?v=-82gWToGxMI;76.3% (100/131)
This is EXACTLY Why Good Men Give up On Dating;GMAN SHOW 2.0;2026-08-05;The apps arnt designed to keep you on them   It's people's simple lack of self control.  Trust me z it's hard deleting the apps.  You know how much I miss it after only a few weeks? I have girls I'm seeing and I still miss the variety and the sport of it.  That random hook-up fun and just seeing what she's like in the sack.  That's hard to give up. Right at your fingertips.  I don't think I look like Henry Cavill but women certainly think I do on some level. I'm sure as heck not showing up in suits or mint cars.  Nope, more like t-shirt jeans and a 15-20 year old car filled with booster seats and tools.  It's an evil world we live in. Enjoy it boys!;@deosmanerllng;1;0;CAMP_A;CAMP_A: Critical of modern dating and women, viewing relationships as a negative ROI trap for men. CAMP_B: Optimistic or traditional, advocating for personal accountability and constructive engagement in relationships.;0.6;Frustration;Dating apps are addictive and hard to quit due to the temptation of casual hookups, despite an evil world.;;https://www.youtube.com/watch?v=-82gWToGxMI;76.3% (100/131)
This is EXACTLY Why Good Men Give up On Dating;GMAN SHOW 2.0;2026-08-05;That could be some of my fault. Being a young man I played the Game and the players and became top of my game when hunting my prey. Now being an old fella I have guilt for the pain I created for the opposite sex. I was not worthy of your love. I am sorry;@David-xl2ur;1;0;CAMP_B;CAMP_A: Critical of modern dating and women, viewing relationships as a negative ROI trap for men. CAMP_B: Optimistic or traditional, advocating for personal accountability and constructive engagement in relationships.;0.4;Disappointment;Reflecting remorsefully on past behavior in dating and apologizing for causing pain to women.;;https://www.youtube.com/watch?v=-82gWToGxMI;76.3% (100/131)
This is EXACTLY Why Good Men Give up On Dating;GMAN SHOW 2.0;2026-08-05;Oh well bro. Get on with it, start working with AI or something then try abroad.  Less tax less worries might find someone nice.;@ClipAWowWow;1;0;CAMP_A;CAMP_A: Critical of modern dating and women, viewing relationships as a negative ROI trap for men. CAMP_B: Optimistic or traditional, advocating for personal accountability and constructive engagement in relationships.;0.3;Neutral;Move on, focus on tech like AI, and look abroad for fewer taxes and better relationship prospects.;;https://www.youtube.com/watch?v=-82gWToGxMI;76.3% (100/131)
This is EXACTLY Why Good Men Give up On Dating;GMAN SHOW 2.0;2026-08-05;If I get on the dating app again, I’m gonna lie my ass off and I’m gonna get filters. It’s gonna be on my app name is gonna be long no Captain Long Shlong !!!;@ChristopherHawkins-j5m;1;0;CAMP_A;CAMP_A: Critical of modern dating and women, viewing relationships as a negative ROI trap for men. CAMP_B: Optimistic or traditional, advocating for personal accountability and constructive engagement in relationships.;0.5;Excitement;Joking about using fake names and filters if ever returning to dating apps.;;https://www.youtube.com/watch?v=-82gWToGxMI;76.3% (100/131)
This is EXACTLY Why Good Men Give up On Dating;GMAN SHOW 2.0;2026-08-05;Men need to go back to caveman days.;@raywelch6954;1;0;CAMP_A;CAMP_A: Critical of modern dating and women, viewing relationships as a negative ROI trap for men. CAMP_B: Optimistic or traditional, advocating for personal accountability and constructive engagement in relationships.;0.4;Neutral;Men need to return to caveman days.;;https://www.youtube.com/watch?v=-82gWToGxMI;76.3% (100/131)
This is EXACTLY Why Good Men Give up On Dating;GMAN SHOW 2.0;2026-08-05;When you don’t pay for it, you get nine likes a day but you never match with him then you pay for it cause you got 30 likes and you never hear back from any of them. It’s a scam.;@ChristopherHawkins-j5m;1;0;CAMP_A;CAMP_A: Critical of modern dating and women, viewing relationships as a negative ROI trap for men. CAMP_B: Optimistic or traditional, advocating for personal accountability and constructive engagement in relationships.;0.6;Frustration;Paying for dating apps only increases fake likes and results in zero actual matches.;;https://www.youtube.com/watch?v=-82gWToGxMI;76.3% (100/131)
This is EXACTLY Why Good Men Give up On Dating;GMAN SHOW 2.0;2026-08-05;Is nagging actually avoidable/ survivable? I can’t figure out a workaround. Ick ick ick.;@sprawlington;1;0;CAMP_A;CAMP_A: Critical of modern dating and women, viewing relationships as a negative ROI trap for men. CAMP_B: Optimistic or traditional, advocating for personal accountability and constructive engagement in relationships.;0.5;Frustration;Wondering if female nagging is completely unavoidable and unsurvivable.;Is nagging actually avoidable/ survivable?;https://www.youtube.com/watch?v=-82gWToGxMI;76.3% (100/131)
This is EXACTLY Why Good Men Give up On Dating;GMAN SHOW 2.0;2026-08-05;Swiping and messaging is like loot boxes in most online games.;@ClipAWowWow;1;0;CAMP_A;CAMP_A: Critical of modern dating and women, viewing relationships as a negative ROI trap for men. CAMP_B: Optimistic or traditional, advocating for personal accountability and constructive engagement in relationships.;0.3;Neutral;Swiping on apps feels just like opening loot boxes in video games.;;https://www.youtube.com/watch?v=-82gWToGxMI;76.3% (100/131)
This is EXACTLY Why Good Men Give up On Dating;GMAN SHOW 2.0;2026-08-05;No lie was told here !;@vladimirstrangar3050;1;0;CAMP_A;CAMP_A: Critical of modern dating and women, viewing relationships as a negative ROI trap for men. CAMP_B: Optimistic or traditional, advocating for personal accountability and constructive engagement in relationships.;0.2;Excitement;Complete agreement with the preceding anti-dating statements.;;https://www.youtube.com/watch?v=-82gWToGxMI;76.3% (100/131)
This is EXACTLY Why Good Men Give up On Dating;GMAN SHOW 2.0;2026-08-05;Then you realise she's 250kg, with 6 kids, down from Pakenham or Bacchus Marsh. LOL;@sun-man;1;0;CAMP_A;CAMP_A: Critical of modern dating and women, viewing relationships as a negative ROI trap for men. CAMP_B: Optimistic or traditional, advocating for personal accountability and constructive engagement in relationships.;0.6;Sarcasm;Mocking the poor quality and heavy baggage of women found on dating apps.;;https://www.youtube.com/watch?v=-82gWToGxMI;76.3% (100/131)
This is EXACTLY Why Good Men Give up On Dating;GMAN SHOW 2.0;2026-08-05;Red pill awakening, still he may not grasp the whole thing but he is on the way;@maneljoaquincaudet3443;1;0;CAMP_A;CAMP_A: Critical of modern dating and women, viewing relationships as a negative ROI trap for men. CAMP_B: Optimistic or traditional, advocating for personal accountability and constructive engagement in relationships.;0.3;Neutral;Another man experiencing a red pill awakening.;;https://www.youtube.com/watch?v=-82gWToGxMI;76.3% (100/131)
This is EXACTLY Why Good Men Give up On Dating;GMAN SHOW 2.0;2026-08-05;These dating apps aren't as effective as you think. The business that owns most of the dating apps is struggling financially because people are leaving the apps or don't see the point in spending money on the apps.;@KingofWisdom;1;0;CAMP_A;CAMP_A: Critical of modern dating and women, viewing relationships as a negative ROI trap for men. CAMP_B: Optimistic or traditional, advocating for personal accountability and constructive engagement in relationships.;0.4;Neutral;Dating apps are losing money because people are finally realizing they are pointless.;;https://www.youtube.com/watch?v=-82gWToGxMI;76.3% (100/131)
This is EXACTLY Why Good Men Give up On Dating;GMAN SHOW 2.0;2026-08-05;Women are very unapproachable. Very standoffish. Im not hitting the bar or club scene anymore, but women will dismiss you before you've even said hi, regardless of what you look like. In the gym they wear headphones, they dont want to be bothered. So let them be! They have til mid 30s- after that, its like the stock market. They plummet hard. Stay single lads, youll be richer and happier.;@Mark-ih4zx;1;0;CAMP_A;CAMP_A: Critical of modern dating and women, viewing relationships as a negative ROI trap for men. CAMP_B: Optimistic or traditional, advocating for personal accountability and constructive engagement in relationships.;0.7;Frustration;Modern women are unapproachable and dismissive, so men should stay single and be happier and richer.;;https://www.youtube.com/watch?v=-82gWToGxMI;76.3% (100/131)
This is EXACTLY Why Good Men Give up On Dating;GMAN SHOW 2.0;2026-08-05;Andy Dufrain!;@yipster0290;1;0;NEUTRAL_SPAM;CAMP_A: Critical of modern dating and women, viewing relationships as a negative ROI trap for men. CAMP_B: Optimistic or traditional, advocating for personal accountability and constructive engagement in relationships.;0.1;Neutral;Reference to Andy Dufresne from Shawshank.;;https://www.youtube.com/watch?v=-82gWToGxMI;76.3% (100/131)
This is EXACTLY Why Good Men Give up On Dating;GMAN SHOW 2.0;2026-08-05;If I was not married to a Dominican in the Dominican Republic with a daughter, and I was stuck in Canada, I would NEVER bother with the women there. I never had trouble getting chicks, growing up as a young millennial, but throughout the years of my “monster hunting” days, I saw women get totally absorbed by social media. It has rotted their brains beyond repair, and yes, there is the same social media here in the Dominican, and yes women are mostly women wherever you are, BUT… Western women are the worst.. Argue with me about it LOL;@Beyond.Millennial;1;0;CAMP_A;CAMP_A: Critical of modern dating and women, viewing relationships as a negative ROI trap for men. CAMP_B: Optimistic or traditional, advocating for personal accountability and constructive engagement in relationships.;0.7;Frustration;Western women's brains have been rotted by social media, making them much worse than women abroad.;;https://www.youtube.com/watch?v=-82gWToGxMI;76.3% (100/131)
This is EXACTLY Why Good Men Give up On Dating;GMAN SHOW 2.0;2026-08-05;Drop the apps and go where the nice women hang out. Tennis leagues, golf course, sailing races, dance clubs. Just get out there, be interesting, and well-dressed. This guy is cute but gives negative vibes.;@carole6124;0;1;CAMP_B;CAMP_A: Critical of modern dating and women, viewing relationships as a negative ROI trap for men. CAMP_B: Optimistic or traditional, advocating for personal accountability and constructive engagement in relationships.;0.3;Neutral;Drop dating apps and go to real-world social venues where nice women congregate.;;https://www.youtube.com/watch?v=-82gWToGxMI;76.3% (100/131)
This is EXACTLY Why Good Men Give up On Dating;GMAN SHOW 2.0;2026-08-05;"eHarmony defrauded me of a chunk of money by promising hundreds of matches but only allowing me to see the matches after I'd paid. It turned out that there were only 3 matches in a 50 mile radius, and those 3 were hopelessly inappropriate, one of them a 75 year old woman. Most dating apps are owned by Match, a corrupt company. They own Tinder, Hinge, OkCupid, Plenty of Fish, Match, The League, Meetic, Pairs, Azar, BLK, Chispa, Upward, Stir, and OurTime. They have honed their algorithms to make sure you keep paying and don't find anyone. It's not in their interest that you actually find a relationship; that would be a financial disaster for them. The US Federal Trade Commission sued Match Group for using deceptive tactics, including setting up fraudulent, fake accounts to lure users into paying for subscriptions. Investigations revealed many accounts were bots, set up by Match to dupe men. The company also made it difficult for users to cancel. People have wised up to the scam and moved away, with the result that major platforms like Tinder and Bumble have seen massive declines in market value, with Bumble losing over 90% of its value since its 2021 IPO.  In the UK, for example, 1.4 million people left online dating in the 12 months leading to December 2024, and the top 10 apps saw a 16% decline in usage. Users get burnout from the ""illusion of choice"", wherein the constant stream of profiles leads to choice paralysis and dissatisfaction, as users constantly believe someone ""better"" is one swipe away. Over 78% of Gen Z users reported burnout, citing ""ghosting"" (ending communication without notice), ""flaking"" (canceling dates), and lacklustre, repetitive conversations. Users also feel the process is now more of a ""chore"" or ""admin"" than a social activity, with 79% of women reporting they are uninterested in future app usage.  The Match Group is headed up by an utter tvrd called Bernard Kim, who has an extensive background in the mobile gaming industry, previously serving as president of mobile game maker Zynga. During his tenure at Zynga, he was credited with driving significant growth by promoting compulsive, addictive behaviour in app users. He's brought that toxicity to the online dating sphere, resulting in a lawsuit:  ""Match Group was sued on Wednesday in a proposed class action claiming that its dating apps Tinder, Hinge and The League are designed to addict users, generating more profit for the company, rather than help them establish relationships. The plaintiffs said Match's ""predatory"" business model defrauds those looking for love and fearful of missing out with an algorithm that rewards ""compulsive use"" of its platforms, and entices them to pay hundreds of dollars a year for subscriptions. Match employs features ""to gamify the platforms to transform users into gamblers locked in a search for psychological rewards that Match makes elusive on purpose,"" according to the complaint filed in federal court in San Francisco. The six plaintiffs - who live in California, Florida, Georgia and New York - called this inconsistent with Match's ad slogan that its apps are ""designed to be deleted."" Match's apps deliver ""a game, leading to addiction, and the loneliness, anxiety and depression that come with it,"" a lawyer for the plaintiffs said in a statement.""";@sun-man;0;1;CAMP_A;CAMP_A: Critical of modern dating and women, viewing relationships as a negative ROI trap for men. CAMP_B: Optimistic or traditional, advocating for personal accountability and constructive engagement in relationships.;0.8;Anger;Dating apps are predatory corporate scams designed to addict users, generate loneliness, and prevent actual relationships.;;https://www.youtube.com/watch?v=-82gWToGxMI;76.3% (100/131)
This is EXACTLY Why Good Men Give up On Dating;GMAN SHOW 2.0;2026-08-05;I'm just average myself, I have to say that I don't exist for women, no chance, not with a woman;@GoranMujanovic-c5q;0;0;CAMP_A;CAMP_A: Critical of modern dating and women, viewing relationships as a negative ROI trap for men. CAMP_B: Optimistic or traditional, advocating for personal accountability and constructive engagement in relationships.;0.4;Disappointment;Average men feel invisible and non-existent to women.;;https://www.youtube.com/watch?v=-82gWToGxMI;76.3% (100/131)
This is EXACTLY Why Good Men Give up On Dating;GMAN SHOW 2.0;2026-08-05;He seems like a weak, whiny baby. No wonder women don't want him 😂;@sjh4977;0;0;CAMP_B;CAMP_A: Critical of modern dating and women, viewing relationships as a negative ROI trap for men. CAMP_B: Optimistic or traditional, advocating for personal accountability and constructive engagement in relationships.;0.6;Anger;The video subject is a weak, whiny baby, which explains why women reject him.;;https://www.youtube.com/watch?v=-82gWToGxMI;76.3% (100/131)
This is EXACTLY Why Good Men Give up On Dating;GMAN SHOW 2.0;2026-08-05;Think of all the life destroying bullet's you've missed by being rejected...don't get bitter mate be grateful;@bradnorton9659;0;0;CAMP_B;CAMP_A: Critical of modern dating and women, viewing relationships as a negative ROI trap for men. CAMP_B: Optimistic or traditional, advocating for personal accountability and constructive engagement in relationships.;0.3;Neutral;Men should be grateful for rejections as bullets dodged rather than becoming bitter.;;https://www.youtube.com/watch?v=-82gWToGxMI;76.3% (100/131)
This is EXACTLY Why Good Men Give up On Dating;GMAN SHOW 2.0;2026-08-05;Totally agree 95% of women have options.at best 15% of men have options and that's probably being generous..this  poor bloke seems utterly defeated .if he can walk away from it all work on yourself,stack your cash may not be easy but you will gain your sanity back ....;@bradnorton9659;0;0;CAMP_A;CAMP_A: Critical of modern dating and women, viewing relationships as a negative ROI trap for men. CAMP_B: Optimistic or traditional, advocating for personal accountability and constructive engagement in relationships.;0.5;Disappointment;"Most women have endless options while very few men do; men should walk away and focus on self-improvement.";;https://www.youtube.com/watch?v=-82gWToGxMI;76.3% (100/131)
This is EXACTLY Why Good Men Give up On Dating;GMAN SHOW 2.0;2026-08-05;Shove ya dimm Sim in there 😂😂😂😂 ahh gman you make me smile ya terminology is just gold 🤣🤣🤣🤣;@bradnorton9659;0;0;NEUTRAL_SPAM;CAMP_A: Critical of modern dating and women, viewing relationships as a negative ROI trap for men. CAMP_B: Optimistic or traditional, advocating for personal accountability and constructive engagement in relationships.;0.3;Excitement;Laughing at the creator's funny slang terms.;;https://www.youtube.com/watch?v=-82gWToGxMI;76.3% (100/131)
This is EXACTLY Why Good Men Give up On Dating;GMAN SHOW 2.0;2026-08-05;This guy needs to treat dating like actors treat auditions. Go in, audition, do your best, and then forget. Divorce your feelings from the outcome.  Stop falling in love with every woman you speak with. He comes off as weak and desperate.;@dmil843;0;0;CAMP_B;CAMP_A: Critical of modern dating and women, viewing relationships as a negative ROI trap for men. CAMP_B: Optimistic or traditional, advocating for personal accountability and constructive engagement in relationships.;0.5;Frustration;Men need to treat dating like job interviews, divorcing their feelings from outcomes instead of acting desperate.;;https://www.youtube.com/watch?v=-82gWToGxMI;76.3% (100/131)
This is EXACTLY Why Good Men Give up On Dating;GMAN SHOW 2.0;2026-08-05;Everyone get ghosted by womans even if u are 12/10 Chad the more u look unattractive the more u get host;@07glrbogy;0;0;CAMP_A;CAMP_A: Critical of modern dating and women, viewing relationships as a negative ROI trap for men. CAMP_B: Optimistic or traditional, advocating for personal accountability and constructive engagement in relationships.;0.4;Neutral;Everyone gets ghosted regardless of appearance, though uglier men suffer more.;;https://www.youtube.com/watch?v=-82gWToGxMI;76.3% (100/131)
This is EXACTLY Why Good Men Give up On Dating;GMAN SHOW 2.0;2026-08-05;I think he's at where we're all at. We know all the laughs and smiles in the beginning is fake. Just sitting waiting around to get discarded.  Done with it.;@0QualityOverQuantity;0;0;CAMP_A;CAMP_A: Critical of modern dating and women, viewing relationships as a negative ROI trap for men. CAMP_B: Optimistic or traditional, advocating for personal accountability and constructive engagement in relationships.;0.4;Disappointment;Initial romantic warmth is fake, leaving men waiting around to be discarded.;;https://www.youtube.com/watch?v=-82gWToGxMI;76.3% (100/131)
This is EXACTLY Why Good Men Give up On Dating;GMAN SHOW 2.0;2026-08-05;Diversified derivatives, lmao mate!;@0rwelzDucatd;0;0;NEUTRAL_SPAM;CAMP_A: Critical of modern dating and women, viewing relationships as a negative ROI trap for men. CAMP_B: Optimistic or traditional, advocating for personal accountability and constructive engagement in relationships.;0.2;Excitement;Enjoying the creator's financial puns.;;https://www.youtube.com/watch?v=-82gWToGxMI;76.3% (100/131)
This is EXACTLY Why Good Men Give up On Dating;GMAN SHOW 2.0;2026-08-05;😂;@SDMotorsports;0;0;NEUTRAL_SPAM;CAMP_A: Critical of modern dating and women, viewing relationships as a negative ROI trap for men. CAMP_B: Optimistic or traditional, advocating for personal accountability and constructive engagement in relationships.;0.1;Excitement;Laughing emoji response.;;https://www.youtube.com/watch?v=-82gWToGxMI;76.3% (100/131)
This is EXACTLY Why Good Men Give up On Dating;GMAN SHOW 2.0;2026-08-05;LOL I like getting involved, I'm a FA.  I just want a good one.;@georgepenguin2515;0;0;NEUTRAL_SPAM;CAMP_A: Critical of modern dating and women, viewing relationships as a negative ROI trap for men. CAMP_B: Optimistic or traditional, advocating for personal accountability and constructive engagement in relationships.;0.2;Excitement;Expressing a lighthearted desire to find a good partner.;;https://www.youtube.com/watch?v=-82gWToGxMI;76.3% (100/131)
This is EXACTLY Why Good Men Give up On Dating;GMAN SHOW 2.0;2026-08-05;😂😂😂 you’re a funny cnt because it’s true;@gianpierodeiana2030;0;0;NEUTRAL_SPAM;CAMP_A: Critical of modern dating and women, viewing relationships as a negative ROI trap for men. CAMP_B: Optimistic or traditional, advocating for personal accountability and constructive engagement in relationships.;0.3;Excitement;Praising the creator's humor.;;https://www.youtube.com/watch?v=-82gWToGxMI;76.3% (100/131)
This is EXACTLY Why Good Men Give up On Dating;GMAN SHOW 2.0;2026-08-05;Fark I used to open with dtf on the apps. Like shooting fish in a barrel. You miss 100% of the shots you don’t take.;@87nsi;0;0;CAMP_A;CAMP_A: Critical of modern dating and women, viewing relationships as a negative ROI trap for men. CAMP_B: Optimistic or traditional, advocating for personal accountability and constructive engagement in relationships.;0.4;Excitement;Taking a bold, aggressive approach on dating apps yields easy results.;;https://www.youtube.com/watch?v=-82gWToGxMI;76.3% (100/131)
This is EXACTLY Why Good Men Give up On Dating;GMAN SHOW 2.0;2026-08-05;16:04 🤣🤣🤣;@MrBrowneyedBeast;0;0;NEUTRAL_SPAM;CAMP_A: Critical of modern dating and women, viewing relationships as a negative ROI trap for men. CAMP_B: Optimistic or traditional, advocating for personal accountability and constructive engagement in relationships.;0.2;Excitement;Timestamp reaction laugh.;;https://www.youtube.com/watch?v=-82gWToGxMI;76.3% (100/131)
This is EXACTLY Why Good Men Give up On Dating;GMAN SHOW 2.0;2026-08-05;Serendipity Lifetime movie lol;@taqeemhilton;0;0;NEUTRAL_SPAM;CAMP_A: Critical of modern dating and women, viewing relationships as a negative ROI trap for men. CAMP_B: Optimistic or traditional, advocating for personal accountability and constructive engagement in relationships.;0.1;Neutral;Making a movie reference comparison.;;https://www.youtube.com/watch?v=-82gWToGxMI;76.3% (100/131)
This is EXACTLY Why Good Men Give up On Dating;GMAN SHOW 2.0;2026-08-05;The apps could be 100% bots with guys managing photos and transactions...  & they do have quarterly profit goals...;@starfleetcommander;0;0;CAMP_A;CAMP_A: Critical of modern dating and women, viewing relationships as a negative ROI trap for men. CAMP_B: Optimistic or traditional, advocating for personal accountability and constructive engagement in relationships.;0.3;Neutral;Dating apps prioritize quarterly profits, utilizing bots and managed profiles.;;https://www.youtube.com/watch?v=-82gWToGxMI;76.3% (100/131)
This is EXACTLY Why Good Men Give up On Dating;GMAN SHOW 2.0;2026-08-05;16:47 😂😂 Bin Juice Is Priceless.;@mamba_ke;0;0;NEUTRAL_SPAM;CAMP_A: Critical of modern dating and women, viewing relationships as a negative ROI trap for men. CAMP_B: Optimistic or traditional, advocating for personal accountability and constructive engagement in relationships.;0.3;Excitement;Enjoying the creator's bin juice joke.;;https://www.youtube.com/watch?v=-82gWToGxMI;76.3% (100/131)
This is EXACTLY Why Good Men Give up On Dating;GMAN SHOW 2.0;2026-08-05;The guy complaining in the video could indeed be a little on the spectrum. It's usually a good trait and you can see he's an honest bloke and very frustrated. But, he's doing it wrong. Don't complain, don't be bitter, and don't care. Don't care about garden tools. To garden tools, this guy is helluva boring and in the looks department, he's not interesting to them. Mind you, he looks well-groomed and is of higher intelligence. He probably has an honest job in construction (planning?) and makes decent money, but nothing exceptional. Women care about being dominated and they want that attractive man or the man who might not be so attractive physically speaking, but he's got presence, confidence, and exudes danger and dominance. These men have resources and status. That's what the women care about. They'll want to tamper with you and if they succeed, they leave. If you keep them wanting and afraid, they stay. My parents are that way: bad marriage, my father is dominant and quite nasty and my mother is afraid and hates me father and wants to divorce, but guess what, she stays. That's why women say they've been in all kinds of ab*sive relationships and with 'toxic' men. I've had most women I've been with tell me this. The first had an ex who was into substances. Another had an ex who also had issues. One had f*cked around a lot and the father of her son was a dangerous man and into substances. I could go on. This is a red thread. One had ended a relationship for no good reason at all. I got her as a sort of rebound. They always do that: a woman is rarely without a man for long. If she's single, she's messing around. I met one blonde who had been single for 5 years, she said. I found out she was getting plowed by various men, none of them having any personal interest in her. It's just superficial, but the woman thinks she can get commitment. Only once in my life did I give commitment to a woman and I am loyal, but I ended this relationship, as it quickly got to be unbearable. Reason was she was maybe a 5 and I am most definitely not. She was 24 and had been severely overweight, but had lost the weight. Slowly but surely she regained weight and got sloppy. I never married. I look around and see how married men pretend to be happy, while they're bagged and powerless and probably don't get any. If you desperately need a lay, you will soon realize it means nothing. Don't invest in them emotionally for sure. I made this mistake when I hadn't heard of the blue pill and all this knowledge and I also made it once after, with the blonde, who was to me very attractive, but I ignored the red flags to keep alive the dream. When the dream collapses -- and for some this is when she announces divorce -- you will realize what a monster you were with all the time. Women can act. When they shrug off the acting, get away.;@Fortress333;0;0;CAMP_A;CAMP_A: Critical of modern dating and women, viewing relationships as a negative ROI trap for men. CAMP_B: Optimistic or traditional, advocating for personal accountability and constructive engagement in relationships.;0.7;Frustration;Women claim to hate toxic men while actively seeking dominant, dangerous partners, leaving nice men frustrated and disillusioned.;;https://www.youtube.com/watch?v=-82gWToGxMI;76.3% (100/131)
This is EXACTLY Why Good Men Give up On Dating;GMAN SHOW 2.0;2026-08-05;Is narcissistic pathology and egocentric acute;@indohkg1975;0;0;NEUTRAL_SPAM;CAMP_A: Critical of modern dating and women, viewing relationships as a negative ROI trap for men. CAMP_B: Optimistic or traditional, advocating for personal accountability and constructive engagement in relationships.;0.1;Neutral;Commenting on narcissistic pathology.;;https://www.youtube.com/watch?v=-82gWToGxMI;76.3% (100/131)
This is EXACTLY Why Good Men Give up On Dating;GMAN SHOW 2.0;2026-08-05;The only “Standards” both Men & Women can have is a decent level of Attraction & LOVE.  Any requirements in excess of attraction & Love will lead to Failure & Aloneness.  “Love” is not the romantic movies Love - Love includes all of the following:  Respect, Appreciation, Peace, Freedom to be your authentic/imperfect Self, & Joy.  No one has the right to ask for anything more than this!  If you do, you will Always be Disappointed.;@Dieselhate;0;0;CAMP_B;CAMP_A: Critical of modern dating and women, viewing relationships as a negative ROI trap for men. CAMP_B: Optimistic or traditional, advocating for personal accountability and constructive engagement in relationships.;0.3;Neutral;"Healthy standards should be limited to attraction, respect, and peace; demanding more leads to disappointment.";;https://www.youtube.com/watch?v=-82gWToGxMI;76.3% (100/131)
This is EXACTLY Why Good Men Give up On Dating;GMAN SHOW 2.0;2026-08-05;Thanks for the advice carole 🙄🤣;@darren2351;0;0;CAMP_A;CAMP_A: Critical of modern dating and women, viewing relationships as a negative ROI trap for men. CAMP_B: Optimistic or traditional, advocating for personal accountability and constructive engagement in relationships.;0.3;Sarcasm;Sarcastic dismissal of conventional relationship advice.;;https://www.youtube.com/watch?v=-82gWToGxMI;76.3% (100/131)
This is EXACTLY Why Good Men Give up On Dating;GMAN SHOW 2.0;2026-08-05;bro paid the price of freedom;@somewhereinbetwixt;0;0;CAMP_A;CAMP_A: Critical of modern dating and women, viewing relationships as a negative ROI trap for men. CAMP_B: Optimistic or traditional, advocating for personal accountability and constructive engagement in relationships.;0.3;Excitement;Paying the price for freedom after leaving a relationship.;;https://www.youtube.com/watch?v=-82gWToGxMI;76.3% (100/131)
This is EXACTLY Why Good Men Give up On Dating;GMAN SHOW 2.0;2026-08-05;Truth!;@ChristopherHawkins-j5m;0;0;CAMP_A;CAMP_A: Critical of modern dating and women, viewing relationships as a negative ROI trap for men. CAMP_B: Optimistic or traditional, advocating for personal accountability and constructive engagement in relationships.;0.2;Excitement;Strong agreement with the anti-marriage viewpoint.;;https://www.youtube.com/watch?v=-82gWToGxMI;76.3% (100/131)
This is EXACTLY Why Good Men Give up On Dating;GMAN SHOW 2.0;2026-08-05;This just might be the dumbest period in human history. Not necessarily the worst, but probably the most pathetic and meaningless.;@Lindenrd25;0;0;CAMP_A;CAMP_A: Critical of modern dating and women, viewing relationships as a negative ROI trap for men. CAMP_B: Optimistic or traditional, advocating for personal accountability and constructive engagement in relationships.;0.5;Disappointment;Modern times represent a pathetic and meaningless period in human history regarding relations.;;https://www.youtube.com/watch?v=-82gWToGxMI;76.3% (100/131)
This is EXACTLY Why Good Men Give up On Dating;GMAN SHOW 2.0;2026-08-05;19:23 they need the app to set the people up but maybe it isn’t worth the lawsuit if they are actually dangerous;@3K-watermeloncrawler;0;0;CAMP_B;CAMP_A: Critical of modern dating and women, viewing relationships as a negative ROI trap for men. CAMP_B: Optimistic or traditional, advocating for personal accountability and constructive engagement in relationships.;0.2;Neutral;Dating apps help match people, but security risks complicate the process.;;https://www.youtube.com/watch?v=-82gWToGxMI;76.3% (100/131)
This is EXACTLY Why Good Men Give up On Dating;GMAN SHOW 2.0;2026-08-05;No money, no attention no validation. Pamper and improve yourself, my man.;@toddjohnson271;0;0;CAMP_A;CAMP_A: Critical of modern dating and women, viewing relationships as a negative ROI trap for men. CAMP_B: Optimistic or traditional, advocating for personal accountability and constructive engagement in relationships.;0.4;Excitement;Discard external validation and focus entirely on self-pampering and self-improvement.;;https://www.youtube.com/watch?v=-82gWToGxMI;76.3% (100/131)
This is EXACTLY Why Good Men Give up On Dating;GMAN SHOW 2.0;2026-08-05;My guy it not that easy for some people so chill;@shadowknight_studios7588;0;0;CAMP_B;CAMP_A: Critical of modern dating and women, viewing relationships as a negative ROI trap for men. CAMP_B: Optimistic or traditional, advocating for personal accountability and constructive engagement in relationships.;0.3;Frustration;Life hardships and dating struggles are not equally easy for everyone to overcome.;;https://www.youtube.com/watch?v=-82gWToGxMI;76.3% (100/131)
This is EXACTLY Why Good Men Give up On Dating;GMAN SHOW 2.0;2026-08-05;@shadowknight_studios7588-  I grew up like this but didn’t have an audience to cry for.  lol. So chill.;@36handy;0;0;CAMP_B;CAMP_A: Critical of modern dating and women, viewing relationships as a negative ROI trap for men. CAMP_B: Optimistic or traditional, advocating for personal accountability and constructive engagement in relationships.;0.5;Frustration;Enduring hardships quietly without crying for public attention is the proper way to live.;;https://www.youtube.com/watch?v=-82gWToGxMI;76.3% (100/131)
This is EXACTLY Why Good Men Give up On Dating;GMAN SHOW 2.0;2026-08-05;Artificial wombs will completely eliminate women all together. Just think about it. Men can have children and continue their line without all the nagging and chaos.;@milton1448;0;0;CAMP_A;CAMP_A: Critical of modern dating and women, viewing relationships as a negative ROI trap for men. CAMP_B: Optimistic or traditional, advocating for personal accountability and constructive engagement in relationships.;0.6;Excitement;Artificial wombs will completely eliminate the need for women and their nagging.;;https://www.youtube.com/watch?v=-82gWToGxMI;76.3% (100/131)
This is EXACTLY Why Good Men Give up On Dating;GMAN SHOW 2.0;2026-08-05;Slurry opinions don't matter.;@milton1448;0;0;CAMP_A;CAMP_A: Critical of modern dating and women, viewing relationships as a negative ROI trap for men. CAMP_B: Optimistic or traditional, advocating for personal accountability and constructive engagement in relationships.;0.2;Neutral;Dismissive comment on worthless opinions.;;https://www.youtube.com/watch?v=-82gWToGxMI;76.3% (100/131)
This is EXACTLY Why Good Men Give up On Dating;GMAN SHOW 2.0;2026-08-05;I got a 65 inch TV and a fancy hookah. Life is good.;@Nobody90019;0;0;CAMP_A;CAMP_A: Critical of modern dating and women, viewing relationships as a negative ROI trap for men. CAMP_B: Optimistic or traditional, advocating for personal accountability and constructive engagement in relationships.;0.3;Excitement;Enjoying solitary life with a big TV and a hookah instead of dealing with partners.;;https://www.youtube.com/watch?v=-82gWToGxMI;76.3% (100/131)
This is EXACTLY Why Good Men Give up On Dating;GMAN SHOW 2.0;2026-08-05;Facebook dating isn't too bad, no pay wall. But there's still the issue of women lol 😅;@willpatton9529;0;0;CAMP_A;CAMP_A: Critical of modern dating and women, viewing relationships as a negative ROI trap for men. CAMP_B: Optimistic or traditional, advocating for personal accountability and constructive engagement in relationships.;0.2;Neutral;Alternative apps have no paywalls, but the underlying issue of dealing with women remains.;;https://www.youtube.com/watch?v=-82gWToGxMI;76.3% (100/131)
This is EXACTLY Why Good Men Give up On Dating;GMAN SHOW 2.0;2026-08-05;I've been there. Land whale waddles up - ugh😮😢;@USNavyVet_STG;0;0;CAMP_A;CAMP_A: Critical of modern dating and women, viewing relationships as a negative ROI trap for men. CAMP_B: Optimistic or traditional, advocating for personal accountability and constructive engagement in relationships.;0.4;Disappointment;Sharing unpleasant physical experiences encountered on dates.;;https://www.youtube.com/watch?v=-82gWToGxMI;76.3% (100/131)
