Video;Channel;Published Date;Comment;Author;Likes;Reply Count;Stance;Camp Definition;Arousal Score;Emotion;Core Argument;Unresolved Question;Link;Comment Analysis Coverage
🟥Karol Nawrocki korzystał z brudnych pieniędzy. Prezydent, jak i inni politycy patoprawicy wplątali;Canal X;2026-09-03;Niestety jest to mafia, która ma haki na wiele osób. Będą się bronić wszelkimi sposobami.;@LidiaKorpak;57;6;CAMP_A;CAMP_A: Pro-government supporters defending Tusk and attacking the opposition (PiS/Konfederacja) as corrupt mafias. CAMP_B: Anti-government critics accusing Tusk of lies, foreign loyalties, and ruining Poland.;0.8;Anger;The opposition functions as a mafia protecting its corrupt network.;Who specifically holds the blackmail material mentioned?;https://www.youtube.com/watch?v=0ZvyPWyMp5w;6.6% (100/1512)
🟥Karol Nawrocki korzystał z brudnych pieniędzy. Prezydent, jak i inni politycy patoprawicy wplątali;Canal X;2026-09-03;Ojciec JOZEFA BAKA z Amber Gold 😅😅😅😅😅;@otowaldekokoniewski;49;2;CAMP_B;CAMP_A: Pro-government supporters defending Tusk and attacking the opposition (PiS/Konfederacja) as corrupt mafias. CAMP_B: Anti-government critics accusing Tusk of lies, foreign loyalties, and ruining Poland.;0.6;Sarcasm;Mocks political figures by linking them to past financial scandals like Amber Gold.;;https://www.youtube.com/watch?v=0ZvyPWyMp5w;6.6% (100/1512)
🟥Karol Nawrocki korzystał z brudnych pieniędzy. Prezydent, jak i inni politycy patoprawicy wplątali;Canal X;2026-09-03;„Czy te oczy mogą kłamać ?”;@danutaszmigielska2193;32;15;CAMP_B;CAMP_A: Pro-government supporters defending Tusk and attacking the opposition (PiS/Konfederacja) as corrupt mafias. CAMP_B: Anti-government critics accusing Tusk of lies, foreign loyalties, and ruining Poland.;0.5;Sarcasm;Suggests the politician speaking is untrustworthy and lying.;;https://www.youtube.com/watch?v=0ZvyPWyMp5w;6.6% (100/1512)
🟥Karol Nawrocki korzystał z brudnych pieniędzy. Prezydent, jak i inni politycy patoprawicy wplątali;Canal X;2026-09-03;Jak by. ten okropny człowiek nie próbował przemycić jakichś śmierdzieli w  ustawie o krypto  to by Nawrocki podpisał;@fubar9872;21;6;CAMP_A;CAMP_A: Pro-government supporters defending Tusk and attacking the opposition (PiS/Konfederacja) as corrupt mafias. CAMP_B: Anti-government critics accusing Tusk of lies, foreign loyalties, and ruining Poland.;0.6;Frustration;Nawrocki would have signed the crypto bill if controversial elements weren't smuggled in.;;https://www.youtube.com/watch?v=0ZvyPWyMp5w;6.6% (100/1512)
🟥Karol Nawrocki korzystał z brudnych pieniędzy. Prezydent, jak i inni politycy patoprawicy wplątali;Canal X;2026-09-03;Co to za cyrk to nie sejm tylko cyrk na kułkach😂😂😂;@anielapolak991;19;8;CAMP_B;CAMP_A: Pro-government supporters defending Tusk and attacking the opposition (PiS/Konfederacja) as corrupt mafias. CAMP_B: Anti-government critics accusing Tusk of lies, foreign loyalties, and ruining Poland.;0.7;Sarcasm;The parliament resembles a chaotic circus rather than a legislative body.;;https://www.youtube.com/watch?v=0ZvyPWyMp5w;6.6% (100/1512)
🟥Karol Nawrocki korzystał z brudnych pieniędzy. Prezydent, jak i inni politycy patoprawicy wplątali;Canal X;2026-09-03;Czy te oczy mogą kłamać 😂😂😂😂😂😂😂😂😂😂😂😂😂😂😂;@ElaŚladowska;23;1;CAMP_B;CAMP_A: Pro-government supporters defending Tusk and attacking the opposition (PiS/Konfederacja) as corrupt mafias. CAMP_B: Anti-government critics accusing Tusk of lies, foreign loyalties, and ruining Poland.;0.5;Sarcasm;Mocks the facial expressions and perceived dishonesty of the speaker.;;https://www.youtube.com/watch?v=0ZvyPWyMp5w;6.6% (100/1512)
🟥Karol Nawrocki korzystał z brudnych pieniędzy. Prezydent, jak i inni politycy patoprawicy wplątali;Canal X;2026-09-03;Głównym świadkiem koronnym jest postać znana😂😂😂;@stanisawwan311;20;0;CAMP_B;CAMP_A: Pro-government supporters defending Tusk and attacking the opposition (PiS/Konfederacja) as corrupt mafias. CAMP_B: Anti-government critics accusing Tusk of lies, foreign loyalties, and ruining Poland.;0.4;Sarcasm;Discredits the main crown witness as a known, unreliable figure.;;https://www.youtube.com/watch?v=0ZvyPWyMp5w;6.6% (100/1512)
🟥Karol Nawrocki korzystał z brudnych pieniędzy. Prezydent, jak i inni politycy patoprawicy wplątali;Canal X;2026-09-03;Dziwnie czerwony 😂😂😂;@rafarafa5503;10;1;CAMP_B;CAMP_A: Pro-government supporters defending Tusk and attacking the opposition (PiS/Konfederacja) as corrupt mafias. CAMP_B: Anti-government critics accusing Tusk of lies, foreign loyalties, and ruining Poland.;0.4;Sarcasm;Mocks the speaker's flushed facial appearance during the address.;;https://www.youtube.com/watch?v=0ZvyPWyMp5w;6.6% (100/1512)
🟥Karol Nawrocki korzystał z brudnych pieniędzy. Prezydent, jak i inni politycy patoprawicy wplątali;Canal X;2026-09-03;Puste gesty, puste słowa, puste serce, pusta mowa, puste, choć zacięte usta, pusty wzrok i głowa pusta, pusty program i projekty, do cna pustych stek inwektyw, pusty jazgot, próżne żale, krzyk, co treści nie ma wcale, puste groźby, puste miny, wielkie morze próżnej śliny, puste hasła, obietnice, wszystko puste – poza picem! Słowem zero, nicość, próżnia – tym się w świecie Tusk wyróżnia... Tak o Panu, premierze piszą źli ludzie, to nie ludzie, to wilcy!!!;@andrzejszylejko3111;10;0;CAMP_B;CAMP_A: Pro-government supporters defending Tusk and attacking the opposition (PiS/Konfederacja) as corrupt mafias. CAMP_B: Anti-government critics accusing Tusk of lies, foreign loyalties, and ruining Poland.;0.9;Anger;Poetically condemns Donald Tusk as a hollow politician full of empty rhetoric and destruction.;;https://www.youtube.com/watch?v=0ZvyPWyMp5w;6.6% (100/1512)
🟥Karol Nawrocki korzystał z brudnych pieniędzy. Prezydent, jak i inni politycy patoprawicy wplątali;Canal X;2026-09-03;🤮Ale na szczęście to już koniec jesienią 2027. Zostaniecie rozliczeni;@Pawel-g9j;10;0;CAMP_B;CAMP_A: Pro-government supporters defending Tusk and attacking the opposition (PiS/Konfederacja) as corrupt mafias. CAMP_B: Anti-government critics accusing Tusk of lies, foreign loyalties, and ruining Poland.;0.8;Anger;Expresses anticipation for the fall and legal accountability of the current government in 2027.;;https://www.youtube.com/watch?v=0ZvyPWyMp5w;6.6% (100/1512)
🟥Karol Nawrocki korzystał z brudnych pieniędzy. Prezydent, jak i inni politycy patoprawicy wplątali;Canal X;2026-09-03;Przecież Akurat te oczy to kłamią cały czas;@JACK-g8j2n;8;0;CAMP_B;CAMP_A: Pro-government supporters defending Tusk and attacking the opposition (PiS/Konfederacja) as corrupt mafias. CAMP_B: Anti-government critics accusing Tusk of lies, foreign loyalties, and ruining Poland.;0.5;Anger;Directly asserts that the speaker's eyes reflect constant lying.;;https://www.youtube.com/watch?v=0ZvyPWyMp5w;6.6% (100/1512)
🟥Karol Nawrocki korzystał z brudnych pieniędzy. Prezydent, jak i inni politycy patoprawicy wplątali;Canal X;2026-09-03;Ciekawe, wszystkie wieści  mówią, że  ta afera z krypto walutą  to następna, która obciąża Tuska  I jego ekipę;@danutaczerwinska9264;6;2;CAMP_B;CAMP_A: Pro-government supporters defending Tusk and attacking the opposition (PiS/Konfederacja) as corrupt mafias. CAMP_B: Anti-government critics accusing Tusk of lies, foreign loyalties, and ruining Poland.;0.5;Frustration;Reports indicate the cryptocurrency scandal actually incriminates Tusk and his circle.;;https://www.youtube.com/watch?v=0ZvyPWyMp5w;6.6% (100/1512)
🟥Karol Nawrocki korzystał z brudnych pieniędzy. Prezydent, jak i inni politycy patoprawicy wplątali;Canal X;2026-09-03;To już jest psycho osobnik!😮;@beatanowicka8328;3;5;CAMP_B;CAMP_A: Pro-government supporters defending Tusk and attacking the opposition (PiS/Konfederacja) as corrupt mafias. CAMP_B: Anti-government critics accusing Tusk of lies, foreign loyalties, and ruining Poland.;0.8;Anger;Attacks the mental stability of the politician speaking.;;https://www.youtube.com/watch?v=0ZvyPWyMp5w;6.6% (100/1512)
🟥Karol Nawrocki korzystał z brudnych pieniędzy. Prezydent, jak i inni politycy patoprawicy wplątali;Canal X;2026-09-03;Nie ma z czego rządu za rok robić. Same szumowiny.;@kkswider899;6;1;CAMP_B;CAMP_A: Pro-government supporters defending Tusk and attacking the opposition (PiS/Konfederacja) as corrupt mafias. CAMP_B: Anti-government critics accusing Tusk of lies, foreign loyalties, and ruining Poland.;0.7;Disappointment;Expresses total disdain for the current political ruling class.;;https://www.youtube.com/watch?v=0ZvyPWyMp5w;6.6% (100/1512)
🟥Karol Nawrocki korzystał z brudnych pieniędzy. Prezydent, jak i inni politycy patoprawicy wplątali;Canal X;2026-09-03;On jest chory psychicznie , wspułczuje rodzinie;@malibusl13nd;5;2;CAMP_B;CAMP_A: Pro-government supporters defending Tusk and attacking the opposition (PiS/Konfederacja) as corrupt mafias. CAMP_B: Anti-government critics accusing Tusk of lies, foreign loyalties, and ruining Poland.;0.7;Anger;Claims the politician is mentally ill and expresses pity for their family.;;https://www.youtube.com/watch?v=0ZvyPWyMp5w;6.6% (100/1512)
🟥Karol Nawrocki korzystał z brudnych pieniędzy. Prezydent, jak i inni politycy patoprawicy wplątali;Canal X;2026-09-03;Parodia jaki to jest aniołek😂;@johndeereforwarder;6;0;CAMP_B;CAMP_A: Pro-government supporters defending Tusk and attacking the opposition (PiS/Konfederacja) as corrupt mafias. CAMP_B: Anti-government critics accusing Tusk of lies, foreign loyalties, and ruining Poland.;0.6;Sarcasm;Mocks the innocent persona projected by the speaker.;;https://www.youtube.com/watch?v=0ZvyPWyMp5w;6.6% (100/1512)
🟥Karol Nawrocki korzystał z brudnych pieniędzy. Prezydent, jak i inni politycy patoprawicy wplątali;Canal X;2026-09-03;Fałszywe  oczy.;@53aleks1;6;0;CAMP_B;CAMP_A: Pro-government supporters defending Tusk and attacking the opposition (PiS/Konfederacja) as corrupt mafias. CAMP_B: Anti-government critics accusing Tusk of lies, foreign loyalties, and ruining Poland.;0.4;Disappointment;Reiterates that the speaker's eyes look false and deceitful.;;https://www.youtube.com/watch?v=0ZvyPWyMp5w;6.6% (100/1512)
🟥Karol Nawrocki korzystał z brudnych pieniędzy. Prezydent, jak i inni politycy patoprawicy wplątali;Canal X;2026-09-03;No tusk wpakowałes sie w brudny interes..dobrze o sobie mówisz  ty nie jestes nadzym szefem ani premierem i wpakowaliscie sie cała wasza kłamliwa banda koalicja nie obywatelska dobrze mówisz o sobie nareszcie .wpakowaliscie sie wbrudny interes  i moze przyzna sie pan wkoncu do czego pan zmierza  Narobiliscie dużo gnoju i zla i ma pan z e swoimi oszustami okazje sie naprawić nie klamać  odwraca. pan kota ogonemi szuka pan winnych a winni to WY I TYLKO WY. PANA TU NIKT NIE CHCIAL PO CO PAN DO POLSKI PRZYJECHAŁ  POLACY MÓWIA WON. Nie bedzie miał pan czelnosci obrazac polskiego Prezydenta Bo NAROD POLSKI WYBRAŁ.  PANA K.NAWROCKIEGO I NIC.panu do tego.    Pis jest kochany i tylko PIS PIS PIS .tusk az czerwony  ze złosci z nienawisci i z nieudolstwa .;@iwonaboniewska6916;6;0;CAMP_B;CAMP_A: Pro-government supporters defending Tusk and attacking the opposition (PiS/Konfederacja) as corrupt mafias. CAMP_B: Anti-government critics accusing Tusk of lies, foreign loyalties, and ruining Poland.;0.95;Anger;Accuses Tusk of leading a corrupt coalition, ruining Poland, and unjustly attacking President Nawrocki.;Why did Tusk return to Poland if no one wanted him here?;https://www.youtube.com/watch?v=0ZvyPWyMp5w;6.6% (100/1512)
🟥Karol Nawrocki korzystał z brudnych pieniędzy. Prezydent, jak i inni politycy patoprawicy wplątali;Canal X;2026-09-03;Super przemowa gorzej się nie dało;@anielapolak991;5;0;CAMP_B;CAMP_A: Pro-government supporters defending Tusk and attacking the opposition (PiS/Konfederacja) as corrupt mafias. CAMP_B: Anti-government critics accusing Tusk of lies, foreign loyalties, and ruining Poland.;0.5;Sarcasm;Sarcastically dismisses the speech as the worst possible performance.;;https://www.youtube.com/watch?v=0ZvyPWyMp5w;6.6% (100/1512)
🟥Karol Nawrocki korzystał z brudnych pieniędzy. Prezydent, jak i inni politycy patoprawicy wplątali;Canal X;2026-09-03;Chyba nie;@KrzysztofKamiński-f4d;5;0;CAMP_A;CAMP_A: Pro-government supporters defending Tusk and attacking the opposition (PiS/Konfederacja) as corrupt mafias. CAMP_B: Anti-government critics accusing Tusk of lies, foreign loyalties, and ruining Poland.;0.2;Neutral;Disagrees with the anti-Tusk sentiment.;;https://www.youtube.com/watch?v=0ZvyPWyMp5w;6.6% (100/1512)
🟥Karol Nawrocki korzystał z brudnych pieniędzy. Prezydent, jak i inni politycy patoprawicy wplątali;Canal X;2026-09-03;Ten ma juz taką niemiecką opsesje,  nie widzi i ukrywa  swoje bledy i oszukanstwa   ,a szuka u innych błędów.  Zeby tak chociaż raz tak wyliczył swoje  zła.  Niech opowie o Amber Gold;@renatap4053;4;1;CAMP_B;CAMP_A: Pro-government supporters defending Tusk and attacking the opposition (PiS/Konfederacja) as corrupt mafias. CAMP_B: Anti-government critics accusing Tusk of lies, foreign loyalties, and ruining Poland.;0.7;Anger;Accuses Tusk of German obsession and hypocrisy for ignoring his own scandals while attacking others.;;https://www.youtube.com/watch?v=0ZvyPWyMp5w;6.6% (100/1512)
🟥Karol Nawrocki korzystał z brudnych pieniędzy. Prezydent, jak i inni politycy patoprawicy wplątali;Canal X;2026-09-03;jak ta ustawa nie ma nic wspólnego z ochrona Polaków xD;@chiopengzao8848;4;0;CAMP_B;CAMP_A: Pro-government supporters defending Tusk and attacking the opposition (PiS/Konfederacja) as corrupt mafias. CAMP_B: Anti-government critics accusing Tusk of lies, foreign loyalties, and ruining Poland.;0.5;Frustration;Argues that the proposed legislation has nothing to do with protecting Polish citizens.;;https://www.youtube.com/watch?v=0ZvyPWyMp5w;6.6% (100/1512)
🟥Karol Nawrocki korzystał z brudnych pieniędzy. Prezydent, jak i inni politycy patoprawicy wplątali;Canal X;2026-09-03;Szkoda naszego pięknego kraju że ma takiego premiera,to jest po prostu nasza klęska.;@jankowalski4635;3;1;CAMP_B;CAMP_A: Pro-government supporters defending Tusk and attacking the opposition (PiS/Konfederacja) as corrupt mafias. CAMP_B: Anti-government critics accusing Tusk of lies, foreign loyalties, and ruining Poland.;0.7;Disappointment;Deplores having Donald Tusk as prime minister, calling it a national disaster.;;https://www.youtube.com/watch?v=0ZvyPWyMp5w;6.6% (100/1512)
🟥Karol Nawrocki korzystał z brudnych pieniędzy. Prezydent, jak i inni politycy patoprawicy wplątali;Canal X;2026-09-03;😂... to o Amber Gold mówi, czy o czym...😂😂😂?;@HubertBuszewski;3;0;CAMP_B;CAMP_A: Pro-government supporters defending Tusk and attacking the opposition (PiS/Konfederacja) as corrupt mafias. CAMP_B: Anti-government critics accusing Tusk of lies, foreign loyalties, and ruining Poland.;0.5;Sarcasm;Mocks whether the speech is about Amber Gold or current events.;;https://www.youtube.com/watch?v=0ZvyPWyMp5w;6.6% (100/1512)
🟥Karol Nawrocki korzystał z brudnych pieniędzy. Prezydent, jak i inni politycy patoprawicy wplątali;Canal X;2026-09-03;​@KrzysztofKamiński-f4d  Łżą;@renatap4053;3;0;CAMP_B;CAMP_A: Pro-government supporters defending Tusk and attacking the opposition (PiS/Konfederacja) as corrupt mafias. CAMP_B: Anti-government critics accusing Tusk of lies, foreign loyalties, and ruining Poland.;0.4;Anger;Accuses opponents of outright lying.;;https://www.youtube.com/watch?v=0ZvyPWyMp5w;6.6% (100/1512)
🟥Karol Nawrocki korzystał z brudnych pieniędzy. Prezydent, jak i inni politycy patoprawicy wplątali;Canal X;2026-09-03;Nieźle się wpakował rudy;@JacekJan-v8d;3;0;CAMP_B;CAMP_A: Pro-government supporters defending Tusk and attacking the opposition (PiS/Konfederacja) as corrupt mafias. CAMP_B: Anti-government critics accusing Tusk of lies, foreign loyalties, and ruining Poland.;0.6;Sarcasm;Suggests the 'ginger' politician has gotten himself into deep trouble.;;https://www.youtube.com/watch?v=0ZvyPWyMp5w;6.6% (100/1512)
🟥Karol Nawrocki korzystał z brudnych pieniędzy. Prezydent, jak i inni politycy patoprawicy wplątali;Canal X;2026-09-03;Zobaczcie tę zestresowaną, przerażoną gębę, to trzeba specjalnych predyspozycji żeby tak świecić oczami,;@ewaszmewa2190;2;1;CAMP_B;CAMP_A: Pro-government supporters defending Tusk and attacking the opposition (PiS/Konfederacja) as corrupt mafias. CAMP_B: Anti-government critics accusing Tusk of lies, foreign loyalties, and ruining Poland.;0.8;Anger;Insults the speaker's facial expression, claiming it shows panic and stress.;;https://www.youtube.com/watch?v=0ZvyPWyMp5w;6.6% (100/1512)
🟥Karol Nawrocki korzystał z brudnych pieniędzy. Prezydent, jak i inni politycy patoprawicy wplątali;Canal X;2026-09-03;Jakie te oczy niepewne !!?? Tyle strachu,niepewnosci i  morze klamstwa !! I po co ?;@krystyna98;2;0;CAMP_B;CAMP_A: Pro-government supporters defending Tusk and attacking the opposition (PiS/Konfederacja) as corrupt mafias. CAMP_B: Anti-government critics accusing Tusk of lies, foreign loyalties, and ruining Poland.;0.7;Frustration;Points out fearful, uncertain eyes filled with endless lies.;;https://www.youtube.com/watch?v=0ZvyPWyMp5w;6.6% (100/1512)
🟥Karol Nawrocki korzystał z brudnych pieniędzy. Prezydent, jak i inni politycy patoprawicy wplątali;Canal X;2026-09-03;Gada pan wspierający promocyjnie krypto Górno! Niech juz jedzie do Brukseli!;@zscorporation;2;0;CAMP_B;CAMP_A: Pro-government supporters defending Tusk and attacking the opposition (PiS/Konfederacja) as corrupt mafias. CAMP_B: Anti-government critics accusing Tusk of lies, foreign loyalties, and ruining Poland.;0.6;Anger;Accuses the speaker of promoting crypto projects and tells them to return to Brussels.;;https://www.youtube.com/watch?v=0ZvyPWyMp5w;6.6% (100/1512)
🟥Karol Nawrocki korzystał z brudnych pieniędzy. Prezydent, jak i inni politycy patoprawicy wplątali;Canal X;2026-09-03;Powiec mi jakich;@GrzegorzMadej-o7u;2;0;CAMP_B;CAMP_A: Pro-government supporters defending Tusk and attacking the opposition (PiS/Konfederacja) as corrupt mafias. CAMP_B: Anti-government critics accusing Tusk of lies, foreign loyalties, and ruining Poland.;0.3;Neutral;Asks for proof of the alleged smuggled provisions.;What specific things were smuggled in?;https://www.youtube.com/watch?v=0ZvyPWyMp5w;6.6% (100/1512)
🟥Karol Nawrocki korzystał z brudnych pieniędzy. Prezydent, jak i inni politycy patoprawicy wplątali;Canal X;2026-09-03;A co niby miałby przemycić fakty są i tyle na temat a ty użyj mózgu;@HalinaMularczyk-z8f;2;0;CAMP_A;CAMP_A: Pro-government supporters defending Tusk and attacking the opposition (PiS/Konfederacja) as corrupt mafias. CAMP_B: Anti-government critics accusing Tusk of lies, foreign loyalties, and ruining Poland.;0.5;Frustration;Insists the facts are clear and tells the opponent to use their brain.;;https://www.youtube.com/watch?v=0ZvyPWyMp5w;6.6% (100/1512)
🟥Karol Nawrocki korzystał z brudnych pieniędzy. Prezydent, jak i inni politycy patoprawicy wplątali;Canal X;2026-09-03;@HalinaMularczyk-z8ffakty?!!😆😆 jeśli masz kisiel z mózgu to nie proponuj żeby ktoś go używał 🙄😆;@DanaReis86;2;0;CAMP_B;CAMP_A: Pro-government supporters defending Tusk and attacking the opposition (PiS/Konfederacja) as corrupt mafias. CAMP_B: Anti-government critics accusing Tusk of lies, foreign loyalties, and ruining Poland.;0.6;Sarcasm;Mocks the opponent's cognitive capacity.;;https://www.youtube.com/watch?v=0ZvyPWyMp5w;6.6% (100/1512)
🟥Karol Nawrocki korzystał z brudnych pieniędzy. Prezydent, jak i inni politycy patoprawicy wplątali;Canal X;2026-09-03;Tak to cholerna sprawa..b.ponura;@barbaranowakowska9734;2;0;NEUTRAL_SPAM;CAMP_A: Pro-government supporters defending Tusk and attacking the opposition (PiS/Konfederacja) as corrupt mafias. CAMP_B: Anti-government critics accusing Tusk of lies, foreign loyalties, and ruining Poland.;0.2;Neutral;Comments on the general gloominess of the situation.;;https://www.youtube.com/watch?v=0ZvyPWyMp5w;6.6% (100/1512)
🟥Karol Nawrocki korzystał z brudnych pieniędzy. Prezydent, jak i inni politycy patoprawicy wplątali;Canal X;2026-09-03;Panie premierze kota ogonem  to pan jest mistrzem swiata;@JadwigaWarzecha;2;0;CAMP_B;CAMP_A: Pro-government supporters defending Tusk and attacking the opposition (PiS/Konfederacja) as corrupt mafias. CAMP_B: Anti-government critics accusing Tusk of lies, foreign loyalties, and ruining Poland.;0.5;Frustration;Accuses the Prime Minister of being a world champion at deflecting blame.;;https://www.youtube.com/watch?v=0ZvyPWyMp5w;6.6% (100/1512)
🟥Karol Nawrocki korzystał z brudnych pieniędzy. Prezydent, jak i inni politycy patoprawicy wplątali;Canal X;2026-09-03;Brawo panie Premierze 👏👍 Dobrać się PiSowcom do tych lepkich tłustych rączek i posadzić na długie lata razem z kilkoma członkami Konfederacji . Mentzen miał tak dużo do powiedzenia a teraz siedzi cicho i ucieka przed dziennikarzami 😂 W Panu i pana Rządzie nadzieja Polska znowu będzie Polską i nikt już nie będzie dzielił narodu a co najważniejsze nie dojdzie do ponownej Targowicy w tym kraju. Proszę zrobić wszystko co możliwe aby w końcu były wolne i niezależne sądy . A i jakiś Trybunał Stanu dla rezydenta 😂 mile widziany 😀 Pozdrawiam serdecznie ❤🇵🇱;@Renata-b1k6w;2;0;CAMP_A;CAMP_A: Pro-government supporters defending Tusk and attacking the opposition (PiS/Konfederacja) as corrupt mafias. CAMP_B: Anti-government critics accusing Tusk of lies, foreign loyalties, and ruining Poland.;0.85;Excitement;Praises Tusk, calls for holding PiS and Konfederacja accountable, and hopes for independent courts.;;https://www.youtube.com/watch?v=0ZvyPWyMp5w;6.6% (100/1512)
🟥Karol Nawrocki korzystał z brudnych pieniędzy. Prezydent, jak i inni politycy patoprawicy wplątali;Canal X;2026-09-03;Chyba z nim jest jeszcze gorzej, wogule chyba nie wie o czym mowi. Chory człowiek;@AndreasNamyslo;2;0;CAMP_B;CAMP_A: Pro-government supporters defending Tusk and attacking the opposition (PiS/Konfederacja) as corrupt mafias. CAMP_B: Anti-government critics accusing Tusk of lies, foreign loyalties, and ruining Poland.;0.7;Anger;Claims the speaker is incoherent and mentally unwell.;;https://www.youtube.com/watch?v=0ZvyPWyMp5w;6.6% (100/1512)
🟥Karol Nawrocki korzystał z brudnych pieniędzy. Prezydent, jak i inni politycy patoprawicy wplątali;Canal X;2026-09-03;Skąd oni mają 35,% Ze wszystkimi co rozmawiam nikt go nie chce, no może SB-ki. Faul.;@maciucha9245;2;0;CAMP_B;CAMP_A: Pro-government supporters defending Tusk and attacking the opposition (PiS/Konfederacja) as corrupt mafias. CAMP_B: Anti-government critics accusing Tusk of lies, foreign loyalties, and ruining Poland.;0.6;Frustration;Questions the polling numbers, claiming nobody they know supports the ruling party.;Where do they get these 35 percent poll numbers from?;https://www.youtube.com/watch?v=0ZvyPWyMp5w;6.6% (100/1512)
🟥Karol Nawrocki korzystał z brudnych pieniędzy. Prezydent, jak i inni politycy patoprawicy wplątali;Canal X;2026-09-03;Hahaha nie zesraj się 😂😂😂😂😢😢😢😢😂😂😂😂😂😂😂😂😂😂😂😂;@anielapolak991;1;1;NEUTRAL_SPAM;CAMP_A: Pro-government supporters defending Tusk and attacking the opposition (PiS/Konfederacja) as corrupt mafias. CAMP_B: Anti-government critics accusing Tusk of lies, foreign loyalties, and ruining Poland.;0.6;Excitement;Uses spam emojis and laughter to troll the comment section.;;https://www.youtube.com/watch?v=0ZvyPWyMp5w;6.6% (100/1512)
🟥Karol Nawrocki korzystał z brudnych pieniędzy. Prezydent, jak i inni politycy patoprawicy wplątali;Canal X;2026-09-03;Bełkoczący, cyniczny bałwanie - żeby cię kibole kiedyś dopadli….;@malenkihoa;0;2;CAMP_B;CAMP_A: Pro-government supporters defending Tusk and attacking the opposition (PiS/Konfederacja) as corrupt mafias. CAMP_B: Anti-government critics accusing Tusk of lies, foreign loyalties, and ruining Poland.;0.95;Anger;Directly hurls aggressive insults and expresses violent wishes toward the speaker.;;https://www.youtube.com/watch?v=0ZvyPWyMp5w;6.6% (100/1512)
🟥Karol Nawrocki korzystał z brudnych pieniędzy. Prezydent, jak i inni politycy patoprawicy wplątali;Canal X;2026-09-03;"Pan Tusk wystarczająco długo jest w polityce aby nie mieć złudzeń, do czego zdolni są ""politycy"". Jeśli on ma nadzieję, że psiory odrzucą weto alfonsa, to większą szansą jest trafić szóstkę w totka!!!";@Paw0-o7v;1;0;CAMP_B;CAMP_A: Pro-government supporters defending Tusk and attacking the opposition (PiS/Konfederacja) as corrupt mafias. CAMP_B: Anti-government critics accusing Tusk of lies, foreign loyalties, and ruining Poland.;0.6;Frustration;Argues that expecting the opposition to cooperate with Tusk is as unlikely as winning the lottery.;;https://www.youtube.com/watch?v=0ZvyPWyMp5w;6.6% (100/1512)
🟥Karol Nawrocki korzystał z brudnych pieniędzy. Prezydent, jak i inni politycy patoprawicy wplątali;Canal X;2026-09-03;Największy brudny interes dla Polski to ty !!!;@rotor469;1;0;CAMP_B;CAMP_A: Pro-government supporters defending Tusk and attacking the opposition (PiS/Konfederacja) as corrupt mafias. CAMP_B: Anti-government critics accusing Tusk of lies, foreign loyalties, and ruining Poland.;0.8;Anger;Declares that Tusk himself is the biggest dirty interest for Poland.;;https://www.youtube.com/watch?v=0ZvyPWyMp5w;6.6% (100/1512)
🟥Karol Nawrocki korzystał z brudnych pieniędzy. Prezydent, jak i inni politycy patoprawicy wplątali;Canal X;2026-09-03;O uczciwy i rzetelny ,od słów Sumlińskiego sprostuj wyjaśnia;@AdamPuchal-e7m;1;0;CAMP_B;CAMP_A: Pro-government supporters defending Tusk and attacking the opposition (PiS/Konfederacja) as corrupt mafias. CAMP_B: Anti-government critics accusing Tusk of lies, foreign loyalties, and ruining Poland.;0.4;Sarcasm;Mocks requests for fair and honest fact-checking.;;https://www.youtube.com/watch?v=0ZvyPWyMp5w;6.6% (100/1512)
🟥Karol Nawrocki korzystał z brudnych pieniędzy. Prezydent, jak i inni politycy patoprawicy wplątali;Canal X;2026-09-03;Masz nasrane w gaciach...boisz  sie i ujadasz...;@jarosawsmigielski2061;1;0;CAMP_B;CAMP_A: Pro-government supporters defending Tusk and attacking the opposition (PiS/Konfederacja) as corrupt mafias. CAMP_B: Anti-government critics accusing Tusk of lies, foreign loyalties, and ruining Poland.;0.85;Anger;Accuses the target of panicking and lashing out out of fear.;;https://www.youtube.com/watch?v=0ZvyPWyMp5w;6.6% (100/1512)
🟥Karol Nawrocki korzystał z brudnych pieniędzy. Prezydent, jak i inni politycy patoprawicy wplątali;Canal X;2026-09-03;Hahaha co to za do dupy przemowa;@anielapolak991;1;0;CAMP_B;CAMP_A: Pro-government supporters defending Tusk and attacking the opposition (PiS/Konfederacja) as corrupt mafias. CAMP_B: Anti-government critics accusing Tusk of lies, foreign loyalties, and ruining Poland.;0.5;Sarcasm;Dismisses the speech as a worthless piece of garbage.;;https://www.youtube.com/watch?v=0ZvyPWyMp5w;6.6% (100/1512)
🟥Karol Nawrocki korzystał z brudnych pieniędzy. Prezydent, jak i inni politycy patoprawicy wplątali;Canal X;2026-09-03;Ty oszuście parszywy te oczy       Zawsze kłamią;@anielapolak991;1;0;CAMP_B;CAMP_A: Pro-government supporters defending Tusk and attacking the opposition (PiS/Konfederacja) as corrupt mafias. CAMP_B: Anti-government critics accusing Tusk of lies, foreign loyalties, and ruining Poland.;0.8;Anger;Calls the speaker a scoundrel whose eyes always lie.;;https://www.youtube.com/watch?v=0ZvyPWyMp5w;6.6% (100/1512)
🟥Karol Nawrocki korzystał z brudnych pieniędzy. Prezydent, jak i inni politycy patoprawicy wplątali;Canal X;2026-09-03;trochę masz rację, ale prawdziwy cyrk to był jak prokremlowska pismafia dewastowała i okradała  Polskę !!!;@dariuszostaszewski8473;1;0;CAMP_A;CAMP_A: Pro-government supporters defending Tusk and attacking the opposition (PiS/Konfederacja) as corrupt mafias. CAMP_B: Anti-government critics accusing Tusk of lies, foreign loyalties, and ruining Poland.;0.6;Anger;Counters that the real circus was when the pro-Kremlin PiS mafia was devastating Poland.;;https://www.youtube.com/watch?v=0ZvyPWyMp5w;6.6% (100/1512)
🟥Karol Nawrocki korzystał z brudnych pieniędzy. Prezydent, jak i inni politycy patoprawicy wplątali;Canal X;2026-09-03;​@krzysztofzacharow234   Co ci ukradli???;@halinahalina3218;1;0;CAMP_B;CAMP_A: Pro-government supporters defending Tusk and attacking the opposition (PiS/Konfederacja) as corrupt mafias. CAMP_B: Anti-government critics accusing Tusk of lies, foreign loyalties, and ruining Poland.;0.4;Frustration;Challenges the government supporter to name what was actually stolen from them.;What did they steal from you?;https://www.youtube.com/watch?v=0ZvyPWyMp5w;6.6% (100/1512)
🟥Karol Nawrocki korzystał z brudnych pieniędzy. Prezydent, jak i inni politycy patoprawicy wplątali;Canal X;2026-09-03;Co to za oszust wszedł do sejmu kto go tam w puścił sam się tam w piepszył debil 😢😢😢😢;@anielapolak991;1;0;CAMP_B;CAMP_A: Pro-government supporters defending Tusk and attacking the opposition (PiS/Konfederacja) as corrupt mafias. CAMP_B: Anti-government critics accusing Tusk of lies, foreign loyalties, and ruining Poland.;0.85;Anger;Insults the politician as a fraud who forced his way into parliament.;;https://www.youtube.com/watch?v=0ZvyPWyMp5w;6.6% (100/1512)
🟥Karol Nawrocki korzystał z brudnych pieniędzy. Prezydent, jak i inni politycy patoprawicy wplątali;Canal X;2026-09-03;Jak zwykle wszystkim winien PIS.Rzad do roboty a nie opowiadać głupoty 😢😢😢😢😢;@anielapolak991;1;0;CAMP_B;CAMP_A: Pro-government supporters defending Tusk and attacking the opposition (PiS/Konfederacja) as corrupt mafias. CAMP_B: Anti-government critics accusing Tusk of lies, foreign loyalties, and ruining Poland.;0.6;Frustration;Criticizes the government for always blaming PiS instead of doing actual work.;;https://www.youtube.com/watch?v=0ZvyPWyMp5w;6.6% (100/1512)
🟥Karol Nawrocki korzystał z brudnych pieniędzy. Prezydent, jak i inni politycy patoprawicy wplątali;Canal X;2026-09-03;Ale ma ryja czerwonego jak klamie ! W piekle bedzie bardziej czerwony od ognia ! Polska jego nie osadzi tylko LUCEK z PIEKLOWA ! Na takiego kundla nie ma slow !;@andrewSzczesny-s6n;1;0;CAMP_B;CAMP_A: Pro-government supporters defending Tusk and attacking the opposition (PiS/Konfederacja) as corrupt mafias. CAMP_B: Anti-government critics accusing Tusk of lies, foreign loyalties, and ruining Poland.;0.95;Anger;Violently attacks the politician's appearance and wishes eternal damnation in hell.;;https://www.youtube.com/watch?v=0ZvyPWyMp5w;6.6% (100/1512)
🟥Karol Nawrocki korzystał z brudnych pieniędzy. Prezydent, jak i inni politycy patoprawicy wplątali;Canal X;2026-09-03;PANIE  PREMIERZE    OSTRO   STAWIAC FAKTY NIE POPUSCIC NIECH WRUCA   TE PIENIADZE  LUDZIOM !!! TO PRAWDZIWA    MAFIA ZLODZIEJI  I KLAMCY Z REPUBLIKA!!!;@reginamarcinkiewicz;1;0;CAMP_A;CAMP_A: Pro-government supporters defending Tusk and attacking the opposition (PiS/Konfederacja) as corrupt mafias. CAMP_B: Anti-government critics accusing Tusk of lies, foreign loyalties, and ruining Poland.;0.85;Anger;Urges the Prime Minister to stand firm, expose facts, and force thieves to return the money.;;https://www.youtube.com/watch?v=0ZvyPWyMp5w;6.6% (100/1512)
🟥Karol Nawrocki korzystał z brudnych pieniędzy. Prezydent, jak i inni politycy patoprawicy wplątali;Canal X;2026-09-03;Czas pokaże kto jest winny. Strach wychodzi mu uszami. Czekamy.;@jolantacudzik3197;1;0;CAMP_B;CAMP_A: Pro-government supporters defending Tusk and attacking the opposition (PiS/Konfederacja) as corrupt mafias. CAMP_B: Anti-government critics accusing Tusk of lies, foreign loyalties, and ruining Poland.;0.5;Frustration;Asserts that fear is visible on the politician and time will reveal the truth.;;https://www.youtube.com/watch?v=0ZvyPWyMp5w;6.6% (100/1512)
🟥Karol Nawrocki korzystał z brudnych pieniędzy. Prezydent, jak i inni politycy patoprawicy wplątali;Canal X;2026-09-03;Niestety drogi Tusku niszczysz Polskę i Polaków,31 sierpnia zamknąłeś Elektrownię Dolna Odra w zachodniopomorskim ,ludzie ci nigdy tego nie zapomną,śmiej się ostatni, jesteś Niemcem i nic dobrego dla Polski nie zrobisz,;@jagoda-oo3po;1;0;CAMP_B;CAMP_A: Pro-government supporters defending Tusk and attacking the opposition (PiS/Konfederacja) as corrupt mafias. CAMP_B: Anti-government critics accusing Tusk of lies, foreign loyalties, and ruining Poland.;0.85;Anger;Accuses Tusk of destroying Poland, shutting down power plants, and acting as a German agent.;;https://www.youtube.com/watch?v=0ZvyPWyMp5w;6.6% (100/1512)
🟥Karol Nawrocki korzystał z brudnych pieniędzy. Prezydent, jak i inni politycy patoprawicy wplątali;Canal X;2026-09-03;Jak się ogląda republikę to można takie kłamstwa usłyszeć, ale nikt normalny nie wierzy w takie brednie , nawet dziecko wie, że pis jest po uszy umoczony w aferze zondy;@AniaAnia-n1w;1;0;CAMP_A;CAMP_A: Pro-government supporters defending Tusk and attacking the opposition (PiS/Konfederacja) as corrupt mafias. CAMP_B: Anti-government critics accusing Tusk of lies, foreign loyalties, and ruining Poland.;0.7;Anger;Dismisses pro-opposition media and claims PiS is deeply involved in the cryptocurrency scandal.;;https://www.youtube.com/watch?v=0ZvyPWyMp5w;6.6% (100/1512)
🟥Karol Nawrocki korzystał z brudnych pieniędzy. Prezydent, jak i inni politycy patoprawicy wplątali;Canal X;2026-09-03;Ten gościu już nigdy nie zmądrzeje, jest coraz gorzej.;@TomPerła-k3p;1;0;CAMP_B;CAMP_A: Pro-government supporters defending Tusk and attacking the opposition (PiS/Konfederacja) as corrupt mafias. CAMP_B: Anti-government critics accusing Tusk of lies, foreign loyalties, and ruining Poland.;0.6;Disappointment;Claims the politician is regressing and will never gain wisdom.;;https://www.youtube.com/watch?v=0ZvyPWyMp5w;6.6% (100/1512)
🟥Karol Nawrocki korzystał z brudnych pieniędzy. Prezydent, jak i inni politycy patoprawicy wplątali;Canal X;2026-09-03;ten swietoszek co od perszinga pieniedzy nie pozyczł ciekawe czy były czyste;@kowalikkowalik3720;1;0;CAMP_B;CAMP_A: Pro-government supporters defending Tusk and attacking the opposition (PiS/Konfederacja) as corrupt mafias. CAMP_B: Anti-government critics accusing Tusk of lies, foreign loyalties, and ruining Poland.;0.5;Sarcasm;Sarcastically questions the cleanliness of past financial dealings.;Were those money transactions clean?;https://www.youtube.com/watch?v=0ZvyPWyMp5w;6.6% (100/1512)
🟥Karol Nawrocki korzystał z brudnych pieniędzy. Prezydent, jak i inni politycy patoprawicy wplątali;Canal X;2026-09-03;To prawda co pan premier mówi. Trzeba walczyć z grzechem, złem i patologią. Chwała mu za to. Jak widzę tą dzicz która nie potrafi się zachować i nie ma szacunku dla innych to mi jest niedobrze. Bardzo proszę o szacunek w wypowiedziach bo na tym powinna polegać mądra konwersacja a nie na obrzucaniu się obelgami. Z góry dziękuję.;@RobertPrucnal-bh6lf;1;0;CAMP_A;CAMP_A: Pro-government supporters defending Tusk and attacking the opposition (PiS/Konfederacja) as corrupt mafias. CAMP_B: Anti-government critics accusing Tusk of lies, foreign loyalties, and ruining Poland.;0.6;Frustration;Supports fighting pathology and calls for mutual respect in political discourse.;;https://www.youtube.com/watch?v=0ZvyPWyMp5w;6.6% (100/1512)
🟥Karol Nawrocki korzystał z brudnych pieniędzy. Prezydent, jak i inni politycy patoprawicy wplątali;Canal X;2026-09-03;Mówisz o PO>KO?;@boguslawszostak1784;1;0;CAMP_B;CAMP_A: Pro-government supporters defending Tusk and attacking the opposition (PiS/Konfederacja) as corrupt mafias. CAMP_B: Anti-government critics accusing Tusk of lies, foreign loyalties, and ruining Poland.;0.4;Frustration;Turns the accusation around to target the Civic Coalition.;;https://www.youtube.com/watch?v=0ZvyPWyMp5w;6.6% (100/1512)
🟥Karol Nawrocki korzystał z brudnych pieniędzy. Prezydent, jak i inni politycy patoprawicy wplątali;Canal X;2026-09-03;​@boguslawszostak1784Tumanie nawet nie pojmujesz kto ci ebie okrada!!!;@halinahalina3218;1;0;CAMP_A;CAMP_A: Pro-government supporters defending Tusk and attacking the opposition (PiS/Konfederacja) as corrupt mafias. CAMP_B: Anti-government critics accusing Tusk of lies, foreign loyalties, and ruining Poland.;0.7;Anger;Insults the interlocutor for failing to see who is actually robbing them.;;https://www.youtube.com/watch?v=0ZvyPWyMp5w;6.6% (100/1512)
🟥Karol Nawrocki korzystał z brudnych pieniędzy. Prezydent, jak i inni politycy patoprawicy wplątali;Canal X;2026-09-03;"Jedyny sposób żeby udowodnić że ""to twoja ręka"", to wsadzić ją w imadło";@mayaniebieska8425;1;0;CAMP_B;CAMP_A: Pro-government supporters defending Tusk and attacking the opposition (PiS/Konfederacja) as corrupt mafias. CAMP_B: Anti-government critics accusing Tusk of lies, foreign loyalties, and ruining Poland.;0.6;Anger;Suggests a painful physical method to prove culpability.;;https://www.youtube.com/watch?v=0ZvyPWyMp5w;6.6% (100/1512)
🟥Karol Nawrocki korzystał z brudnych pieniędzy. Prezydent, jak i inni politycy patoprawicy wplątali;Canal X;2026-09-03;Tusk i brudne  łapy to znak równości.;@53aleks1;1;0;CAMP_B;CAMP_A: Pro-government supporters defending Tusk and attacking the opposition (PiS/Konfederacja) as corrupt mafias. CAMP_B: Anti-government critics accusing Tusk of lies, foreign loyalties, and ruining Poland.;0.6;Anger;Equates Tusk directly with corruption and dirty hands.;;https://www.youtube.com/watch?v=0ZvyPWyMp5w;6.6% (100/1512)
🟥Karol Nawrocki korzystał z brudnych pieniędzy. Prezydent, jak i inni politycy patoprawicy wplątali;Canal X;2026-09-03;"Za to w pisie sama "" arystokracja"" spod budki z piwem!";@halinahalina3218;1;0;CAMP_A;CAMP_A: Pro-government supporters defending Tusk and attacking the opposition (PiS/Konfederacja) as corrupt mafias. CAMP_B: Anti-government critics accusing Tusk of lies, foreign loyalties, and ruining Poland.;0.5;Sarcasm;Mocks PiS members by implying they are no better than rowdy drinkers.;;https://www.youtube.com/watch?v=0ZvyPWyMp5w;6.6% (100/1512)
🟥Karol Nawrocki korzystał z brudnych pieniędzy. Prezydent, jak i inni politycy patoprawicy wplątali;Canal X;2026-09-03;Odczuwam głęboki smutek nad wynikiem 4 głosowania w sprawie zondacrypto . Wynik taki świadczy o dużym strachu wykrycia powiązań albo o głupocie . To drugie martwi mnie jeszcze bardziej .  Jak bardzo siły zewnętrzne wniknęły w nasz system polityczny, gospodarczy a przede wszystkim społeczny . Jak ludzie są podatni na tani lep  mamony .;@KateBanaszek;1;0;CAMP_B;CAMP_A: Pro-government supporters defending Tusk and attacking the opposition (PiS/Konfederacja) as corrupt mafias. CAMP_B: Anti-government critics accusing Tusk of lies, foreign loyalties, and ruining Poland.;0.7;Disappointment;Expresses deep sorrow over the crypto vote outcome, blaming foreign influence and greed.;;https://www.youtube.com/watch?v=0ZvyPWyMp5w;6.6% (100/1512)
🟥Karol Nawrocki korzystał z brudnych pieniędzy. Prezydent, jak i inni politycy patoprawicy wplątali;Canal X;2026-09-03;ZAMILCZ  CZLOWIEKU  BO JUZ CIE NIE MOZEMY    SLUCHAC;@Jadwiga-jy7fb;1;0;CAMP_B;CAMP_A: Pro-government supporters defending Tusk and attacking the opposition (PiS/Konfederacja) as corrupt mafias. CAMP_B: Anti-government critics accusing Tusk of lies, foreign loyalties, and ruining Poland.;0.8;Anger;Demands that the speaker shut up because people are tired of listening to them.;;https://www.youtube.com/watch?v=0ZvyPWyMp5w;6.6% (100/1512)
🟥Karol Nawrocki korzystał z brudnych pieniędzy. Prezydent, jak i inni politycy patoprawicy wplątali;Canal X;2026-09-03;Czy nas qurwa chwali czy nas qurwa gani to nam wszystko jedno! Szwabski pachołek!🤣🤣🤣;@alicjagrodzka2012;0;1;CAMP_B;CAMP_A: Pro-government supporters defending Tusk and attacking the opposition (PiS/Konfederacja) as corrupt mafias. CAMP_B: Anti-government critics accusing Tusk of lies, foreign loyalties, and ruining Poland.;0.85;Anger;Dismisses external opinions and hurls nationalistic insults at the politician.;;https://www.youtube.com/watch?v=0ZvyPWyMp5w;6.6% (100/1512)
🟥Karol Nawrocki korzystał z brudnych pieniędzy. Prezydent, jak i inni politycy patoprawicy wplątali;Canal X;2026-09-03;jak długo ta osoba będzie pośmiewiskiem w Polsce i na świecie...;@DariuszRybarczyk-wy9np;0;1;CAMP_B;CAMP_A: Pro-government supporters defending Tusk and attacking the opposition (PiS/Konfederacja) as corrupt mafias. CAMP_B: Anti-government critics accusing Tusk of lies, foreign loyalties, and ruining Poland.;0.6;Frustration;Questions how long the politician will remain a laughingstock in Poland and globally.;How long will this person remain a laughingstock?;https://www.youtube.com/watch?v=0ZvyPWyMp5w;6.6% (100/1512)
🟥Karol Nawrocki korzystał z brudnych pieniędzy. Prezydent, jak i inni politycy patoprawicy wplątali;Canal X;2026-09-03;Sposób postępowania Tuska i jego najbliższych jest toczka w toczkę jak postępowanie Adolfa z wąsem.;@janmakosa4457;0;1;CAMP_B;CAMP_A: Pro-government supporters defending Tusk and attacking the opposition (PiS/Konfederacja) as corrupt mafias. CAMP_B: Anti-government critics accusing Tusk of lies, foreign loyalties, and ruining Poland.;0.8;Anger;Compares Tusk's methods directly to those of Adolf Hitler.;;https://www.youtube.com/watch?v=0ZvyPWyMp5w;6.6% (100/1512)
🟥Karol Nawrocki korzystał z brudnych pieniędzy. Prezydent, jak i inni politycy patoprawicy wplątali;Canal X;2026-09-03;Tusku nie zganiaj tej afery na PIS to twoja i wyłącznie  twoja AFERA,boisz się o swoją  dupe;@AlicjaGruszkowska;0;1;CAMP_B;CAMP_A: Pro-government supporters defending Tusk and attacking the opposition (PiS/Konfederacja) as corrupt mafias. CAMP_B: Anti-government critics accusing Tusk of lies, foreign loyalties, and ruining Poland.;0.8;Anger;Accuses Tusk of deflecting his own scandal onto PiS out of fear for his own skin.;;https://www.youtube.com/watch?v=0ZvyPWyMp5w;6.6% (100/1512)
🟥Karol Nawrocki korzystał z brudnych pieniędzy. Prezydent, jak i inni politycy patoprawicy wplątali;Canal X;2026-09-03;Kto się  nabiera na te brednie;@topola1960;0;1;CAMP_B;CAMP_A: Pro-government supporters defending Tusk and attacking the opposition (PiS/Konfederacja) as corrupt mafias. CAMP_B: Anti-government critics accusing Tusk of lies, foreign loyalties, and ruining Poland.;0.4;Sarcasm;Questions who could possibly fall for these political lies.;;https://www.youtube.com/watch?v=0ZvyPWyMp5w;6.6% (100/1512)
🟥Karol Nawrocki korzystał z brudnych pieniędzy. Prezydent, jak i inni politycy patoprawicy wplątali;Canal X;2026-09-03;P Tusk z twoim środowiskiem też więc wymień swoich .Jesteś kłamca w piekle będziesz się smarzyl;@IrenaWòjcik-j4v;0;1;CAMP_B;CAMP_A: Pro-government supporters defending Tusk and attacking the opposition (PiS/Konfederacja) as corrupt mafias. CAMP_B: Anti-government critics accusing Tusk of lies, foreign loyalties, and ruining Poland.;0.85;Anger;Calls Tusk a liar and wishes him damnation in hell.;;https://www.youtube.com/watch?v=0ZvyPWyMp5w;6.6% (100/1512)
🟥Karol Nawrocki korzystał z brudnych pieniędzy. Prezydent, jak i inni politycy patoprawicy wplątali;Canal X;2026-09-03;Przegrasz wybory. Obojętnie jakie bajki próbujesz ludziom sprzedać, wybory przegrasz. Jesteś bardzo złym człowiekiem i jeszcze gorszym politykiem. Za kazdym razem, gdy jesteś w rządzie, rujnujesz wszystko, rozkradasz pieniądze polaków, doprowadzasz polskę do ruiny..To są Fakty!!  Znamy też te twoje numery z oczernianiem opozycji..i wiemy że Prezydent Nawrocki kamieniem leży ci na żołądku... Ale chłopie, daj se spokój.. Zrób se herbaty z rumianku i pogódź sie z tą myślą, że przegrasz następne wybory... Bo Polacy zrozumieli jedno: Jak Tusk otwiera gębę, wychodzi z niej tylko 💩💩💩;@Iwiligi;0;1;CAMP_B;CAMP_A: Pro-government supporters defending Tusk and attacking the opposition (PiS/Konfederacja) as corrupt mafias. CAMP_B: Anti-government critics accusing Tusk of lies, foreign loyalties, and ruining Poland.;0.9;Anger;Predicts Tusk's electoral defeat, accuses him of ruining the country, and defends President Nawrocki.;;https://www.youtube.com/watch?v=0ZvyPWyMp5w;6.6% (100/1512)
🟥Karol Nawrocki korzystał z brudnych pieniędzy. Prezydent, jak i inni politycy patoprawicy wplątali;Canal X;2026-09-03;Tuskowi trzeba przyznać: nie ma lepszego kłamcy.;@ireneuszszymanski1231;0;1;CAMP_B;CAMP_A: Pro-government supporters defending Tusk and attacking the opposition (PiS/Konfederacja) as corrupt mafias. CAMP_B: Anti-government critics accusing Tusk of lies, foreign loyalties, and ruining Poland.;0.5;Frustration;Acknowledges Tusk's skill as a liar.;;https://www.youtube.com/watch?v=0ZvyPWyMp5w;6.6% (100/1512)
🟥Karol Nawrocki korzystał z brudnych pieniędzy. Prezydent, jak i inni politycy patoprawicy wplątali;Canal X;2026-09-03;Tusk znowu chce wydymac ludzi ,oskarża innych a sam ma tyle za uszami że na jego miejscu tak bym nie podskakiwała, niedługo wybory;@EwaPustkowska-q5l;0;1;CAMP_B;CAMP_A: Pro-government supporters defending Tusk and attacking the opposition (PiS/Konfederacja) as corrupt mafias. CAMP_B: Anti-government critics accusing Tusk of lies, foreign loyalties, and ruining Poland.;0.6;Frustration;Claims Tusk tries to manipulate people and accuse others despite his own massive baggage.;;https://www.youtube.com/watch?v=0ZvyPWyMp5w;6.6% (100/1512)
🟥Karol Nawrocki korzystał z brudnych pieniędzy. Prezydent, jak i inni politycy patoprawicy wplątali;Canal X;2026-09-03;POLACY KOCHAJĄ TUSKA, ŻURKA I CZARZASTEGO TO BOHATERZY NARODOWI ❤;@willikasprzyk;0;1;CAMP_A;CAMP_A: Pro-government supporters defending Tusk and attacking the opposition (PiS/Konfederacja) as corrupt mafias. CAMP_B: Anti-government critics accusing Tusk of lies, foreign loyalties, and ruining Poland.;0.7;Excitement;Expresses sarcastic or genuine ironic adoration for ruling politicians as national heroes.;;https://www.youtube.com/watch?v=0ZvyPWyMp5w;6.6% (100/1512)
🟥Karol Nawrocki korzystał z brudnych pieniędzy. Prezydent, jak i inni politycy patoprawicy wplątali;Canal X;2026-09-03;Wielu polakow nawet gdyby im sie tlumaczylo drukowanymi literami ze pis to zlodzieje i oszusci nawrocki rowniez to i tak nie zrozumieja prawdy;@GrzegorzMadej-o7u;0;1;CAMP_A;CAMP_A: Pro-government supporters defending Tusk and attacking the opposition (PiS/Konfederacja) as corrupt mafias. CAMP_B: Anti-government critics accusing Tusk of lies, foreign loyalties, and ruining Poland.;0.7;Frustration;Laments that many citizens will never understand that PiS and Nawrocki are thieves.;;https://www.youtube.com/watch?v=0ZvyPWyMp5w;6.6% (100/1512)
🟥Karol Nawrocki korzystał z brudnych pieniędzy. Prezydent, jak i inni politycy patoprawicy wplątali;Canal X;2026-09-03;Tusk ma oczy pełne obłędu. Psychopaci rozkładają Polskę.😅;@wandakowalska5685;0;1;CAMP_B;CAMP_A: Pro-government supporters defending Tusk and attacking the opposition (PiS/Konfederacja) as corrupt mafias. CAMP_B: Anti-government critics accusing Tusk of lies, foreign loyalties, and ruining Poland.;0.7;Anger;Claims psychopathic leaders are tearing Poland apart.;;https://www.youtube.com/watch?v=0ZvyPWyMp5w;6.6% (100/1512)
🟥Karol Nawrocki korzystał z brudnych pieniędzy. Prezydent, jak i inni politycy patoprawicy wplątali;Canal X;2026-09-03;Jak zwykle kłamie to nie jest Polak.;@StefanWojciechowski-r4e;0;1;CAMP_B;CAMP_A: Pro-government supporters defending Tusk and attacking the opposition (PiS/Konfederacja) as corrupt mafias. CAMP_B: Anti-government critics accusing Tusk of lies, foreign loyalties, and ruining Poland.;0.7;Anger;Denies that the politician is even Polish.;;https://www.youtube.com/watch?v=0ZvyPWyMp5w;6.6% (100/1512)
🟥Karol Nawrocki korzystał z brudnych pieniędzy. Prezydent, jak i inni politycy patoprawicy wplątali;Canal X;2026-09-03;Panie premierze znamy Pana od wielu lat;@michalinarychter1173;0;1;CAMP_B;CAMP_A: Pro-government supporters defending Tusk and attacking the opposition (PiS/Konfederacja) as corrupt mafias. CAMP_B: Anti-government critics accusing Tusk of lies, foreign loyalties, and ruining Poland.;0.3;Neutral;Starts addressing the Prime Minister based on a long history of knowing him.;;https://www.youtube.com/watch?v=0ZvyPWyMp5w;6.6% (100/1512)
🟥Karol Nawrocki korzystał z brudnych pieniędzy. Prezydent, jak i inni politycy patoprawicy wplątali;Canal X;2026-09-03;I tak najwiekszy zlodziej to tusk I jego oszolomy;@PawelSlonina-t4t;0;1;CAMP_B;CAMP_A: Pro-government supporters defending Tusk and attacking the opposition (PiS/Konfederacja) as corrupt mafias. CAMP_B: Anti-government critics accusing Tusk of lies, foreign loyalties, and ruining Poland.;0.7;Anger;Asserts that Tusk and his cronies are the biggest thieves.;;https://www.youtube.com/watch?v=0ZvyPWyMp5w;6.6% (100/1512)
🟥Karol Nawrocki korzystał z brudnych pieniędzy. Prezydent, jak i inni politycy patoprawicy wplątali;Canal X;2026-09-03;Niech Rząd powie lepiej o POWODACH TAK OGROMNEGO DEFICUTU BUDŻETOWEGO POLSKI,  2 razy większego niż Ukrainy wedlug Planu 2025- 70,5 miliardów dolarów, a Ukrainy w czasie wojny 35 miliardów dolarów. NIECH Premier powie o Umowach podpisanych z Ukrainą na finansowanie Ukrainy i ich wojska  przez wiele lat z Polskiego Budżetu, o przekazanych Patriotach i pociskach Ukrainie i nie zadbanie o bezpieczeństwo Polski I Polaków i brak udziału POLSKI w Europejskiej Tarczy Antybalistycxnej;@alicjagrzybowska;0;1;CAMP_B;CAMP_A: Pro-government supporters defending Tusk and attacking the opposition (PiS/Konfederacja) as corrupt mafias. CAMP_B: Anti-government critics accusing Tusk of lies, foreign loyalties, and ruining Poland.;0.8;Anger;Criticizes the massive budgetary deficit and financial commitments to Ukraine at the expense of Polish security.;What are the exact reasons for such an enormous budgetary deficit?;https://www.youtube.com/watch?v=0ZvyPWyMp5w;6.6% (100/1512)
🟥Karol Nawrocki korzystał z brudnych pieniędzy. Prezydent, jak i inni politycy patoprawicy wplątali;Canal X;2026-09-03;Oj Tusk będziesz siedział;@guunmaan1;0;1;CAMP_B;CAMP_A: Pro-government supporters defending Tusk and attacking the opposition (PiS/Konfederacja) as corrupt mafias. CAMP_B: Anti-government critics accusing Tusk of lies, foreign loyalties, and ruining Poland.;0.6;Anger;Tells Tusk he will end up in prison.;;https://www.youtube.com/watch?v=0ZvyPWyMp5w;6.6% (100/1512)
🟥Karol Nawrocki korzystał z brudnych pieniędzy. Prezydent, jak i inni politycy patoprawicy wplątali;Canal X;2026-09-03;A ty ile zadlurzyles Polskę gdzie są nasze pieniądze podatników;@rafawiatrowski9272;0;1;CAMP_B;CAMP_A: Pro-government supporters defending Tusk and attacking the opposition (PiS/Konfederacja) as corrupt mafias. CAMP_B: Anti-government critics accusing Tusk of lies, foreign loyalties, and ruining Poland.;0.7;Anger;Demands to know where taxpayer money went and who drove up the national debt.;Where are our taxpayer funds?;https://www.youtube.com/watch?v=0ZvyPWyMp5w;6.6% (100/1512)
🟥Karol Nawrocki korzystał z brudnych pieniędzy. Prezydent, jak i inni politycy patoprawicy wplątali;Canal X;2026-09-03;Kłamie jak zwykle;@andrzejtratament7684;0;1;CAMP_B;CAMP_A: Pro-government supporters defending Tusk and attacking the opposition (PiS/Konfederacja) as corrupt mafias. CAMP_B: Anti-government critics accusing Tusk of lies, foreign loyalties, and ruining Poland.;0.4;Frustration;Dismisses the speech as routine lying.;;https://www.youtube.com/watch?v=0ZvyPWyMp5w;6.6% (100/1512)
🟥Karol Nawrocki korzystał z brudnych pieniędzy. Prezydent, jak i inni politycy patoprawicy wplątali;Canal X;2026-09-03;Tyfussek ty jesteś skończony  , widać po twoim zachowaniu że o tym wiesz.;@irysek63;0;1;CAMP_B;CAMP_A: Pro-government supporters defending Tusk and attacking the opposition (PiS/Konfederacja) as corrupt mafias. CAMP_B: Anti-government critics accusing Tusk of lies, foreign loyalties, and ruining Poland.;0.8;Anger;Insults Tusk with a derogatory nickname and claims his behavior shows he knows he is finished.;;https://www.youtube.com/watch?v=0ZvyPWyMp5w;6.6% (100/1512)
🟥Karol Nawrocki korzystał z brudnych pieniędzy. Prezydent, jak i inni politycy patoprawicy wplątali;Canal X;2026-09-03;100 % Polaków nienawidzi Tuska   - ta resztka co go POpiera , to niepolacy .;@irysek63;0;1;CAMP_B;CAMP_A: Pro-government supporters defending Tusk and attacking the opposition (PiS/Konfederacja) as corrupt mafias. CAMP_B: Anti-government critics accusing Tusk of lies, foreign loyalties, and ruining Poland.;0.85;Anger;Claims that only non-Poles support Tusk, while real Poles hate him.;;https://www.youtube.com/watch?v=0ZvyPWyMp5w;6.6% (100/1512)
🟥Karol Nawrocki korzystał z brudnych pieniędzy. Prezydent, jak i inni politycy patoprawicy wplątali;Canal X;2026-09-03;Boże, ten człowiek jest premierem Polski.;@zofiazagorska9005;0;1;CAMP_B;CAMP_A: Pro-government supporters defending Tusk and attacking the opposition (PiS/Konfederacja) as corrupt mafias. CAMP_B: Anti-government critics accusing Tusk of lies, foreign loyalties, and ruining Poland.;0.6;Disappointment;Expresses disbelief that such a person holds the office of Prime Minister.;;https://www.youtube.com/watch?v=0ZvyPWyMp5w;6.6% (100/1512)
🟥Karol Nawrocki korzystał z brudnych pieniędzy. Prezydent, jak i inni politycy patoprawicy wplątali;Canal X;2026-09-03;A Twoj zwierzyniec co pokradli to nie mowimy o tym biznesie?;@AnnaPanas-u9c;0;1;CAMP_B;CAMP_A: Pro-government supporters defending Tusk and attacking the opposition (PiS/Konfederacja) as corrupt mafias. CAMP_B: Anti-government critics accusing Tusk of lies, foreign loyalties, and ruining Poland.;0.7;Anger;Asks why nobody talks about the thefts committed by the Prime Minister's own circle.;;https://www.youtube.com/watch?v=0ZvyPWyMp5w;6.6% (100/1512)
🟥Karol Nawrocki korzystał z brudnych pieniędzy. Prezydent, jak i inni politycy patoprawicy wplątali;Canal X;2026-09-03;KLAMCA KLAMCA  KLAMCA.;@ElaM-r1b;0;1;CAMP_B;CAMP_A: Pro-government supporters defending Tusk and attacking the opposition (PiS/Konfederacja) as corrupt mafias. CAMP_B: Anti-government critics accusing Tusk of lies, foreign loyalties, and ruining Poland.;0.6;Anger;Repeatedly brands the speaker a liar.;;https://www.youtube.com/watch?v=0ZvyPWyMp5w;6.6% (100/1512)
🟥Karol Nawrocki korzystał z brudnych pieniędzy. Prezydent, jak i inni politycy patoprawicy wplątali;Canal X;2026-09-03;Powiedz lepiej o sobie I Amberd Gold zlo to ty robisz a ty ile skorzystales z tych pieniedzy brudny interes to ty prowadzisz I te brudne interesy klamco osxuscie i zlodzieju;@ewagieras8399;0;1;CAMP_B;CAMP_A: Pro-government supporters defending Tusk and attacking the opposition (PiS/Konfederacja) as corrupt mafias. CAMP_B: Anti-government critics accusing Tusk of lies, foreign loyalties, and ruining Poland.;0.9;Anger;Accuses Tusk of involvement in Amber Gold and running dirty business interests.;;https://www.youtube.com/watch?v=0ZvyPWyMp5w;6.6% (100/1512)
🟥Karol Nawrocki korzystał z brudnych pieniędzy. Prezydent, jak i inni politycy patoprawicy wplątali;Canal X;2026-09-03;Zonfdacrypto ma przykryć aferę wycieku 19 mln pesli które posłużą potem do brania zaświadczeń na głosowanie w 2027 roku ? Gdyż po wycieku danych medycznych wiadomo już kto nie przyjdzie głosować i na kogo można wyrobić zaświadczenie do głosowania hm. Bystre;@wbparres8762;0;1;CAMP_B;CAMP_A: Pro-government supporters defending Tusk and attacking the opposition (PiS/Konfederacja) as corrupt mafias. CAMP_B: Anti-government critics accusing Tusk of leaks and corruption. CAMP_B: Anti-government critics accusing Tusk of lies, foreign loyalties, and ruining Poland.;0.7;Frustration;Conjectures that the crypto scandal is a smokescreen to cover up a massive PESEL data leak meant for election fraud in 2027.;Is the crypto scandal meant to cover up the leak of 19 million PESEL numbers?;https://www.youtube.com/watch?v=0ZvyPWyMp5w;6.6% (100/1512)
🟥Karol Nawrocki korzystał z brudnych pieniędzy. Prezydent, jak i inni politycy patoprawicy wplątali;Canal X;2026-09-03;Ten się odezwał co nie korzystal😂😂😂😂😂aż oczy mu wyszły do wierzchu😂😂😂😂do trybunału to się sam podaj 🤬;@elazakrzewska9221;0;1;CAMP_B;CAMP_A: Pro-government supporters defending Tusk and attacking the opposition (PiS/Konfederacja) as corrupt mafias. CAMP_B: Anti-government critics accusing Tusk of lies, foreign loyalties, and ruining Poland.;0.8;Anger;Mocks the speaker's exaggerated facial reactions and tells him to report to the tribunal himself.;;https://www.youtube.com/watch?v=0ZvyPWyMp5w;6.6% (100/1512)
🟥Karol Nawrocki korzystał z brudnych pieniędzy. Prezydent, jak i inni politycy patoprawicy wplątali;Canal X;2026-09-03;Ależ oczywiście, rząd i premier  są niewinni , wszyscy  klamia  okradaja iafery za afera  .Kolalicjanci  Tuska jak zwykle nie są uwikłani  w żadne  brudne interesy jak ,zwykle ,Pisiory,,a Kolalixja  okradli  powodzian i co i  nic;@wiesawagorzkowska8510;0;1;CAMP_B;CAMP_A: Pro-government supporters defending Tusk and attacking the opposition (PiS/Konfederacja) as corrupt mafias. CAMP_B: Anti-government critics accusing Tusk of lies, foreign loyalties, and ruining Poland.;0.8;Frustration;Sarcastically notes how the government claims innocence while allegedly stealing from flood victims.;;https://www.youtube.com/watch?v=0ZvyPWyMp5w;6.6% (100/1512)
🟥Karol Nawrocki korzystał z brudnych pieniędzy. Prezydent, jak i inni politycy patoprawicy wplątali;Canal X;2026-09-03;Z wami też więc nie przerzucanie winy jedni na drugich bo tak samo jesteście umaczani!;@el.ka1-zh6th;0;1;NEUTRAL_SPAM;CAMP_A: Pro-government supporters defending Tusk and attacking the opposition (PiS/Konfederacja) as corrupt mafias. CAMP_B: Anti-government critics accusing Tusk of lies, foreign loyalties, and ruining Poland.;0.5;Frustration;Argues that both political sides are equally implicated, so neither should shift blame.;;https://www.youtube.com/watch?v=0ZvyPWyMp5w;6.6% (100/1512)
🟥Karol Nawrocki korzystał z brudnych pieniędzy. Prezydent, jak i inni politycy patoprawicy wplątali;Canal X;2026-09-03;Pierdolenie Tusk jest skończony i każdy Polak to wie hahaha;@szabla9003;0;1;CAMP_B;CAMP_A: Pro-government supporters defending Tusk and attacking the opposition (PiS/Konfederacja) as corrupt mafias. CAMP_B: Anti-government critics accusing Tusk of lies, foreign loyalties, and ruining Poland.;0.7;Anger;Declares that Tusk is finished and every Pole knows it.;;https://www.youtube.com/watch?v=0ZvyPWyMp5w;6.6% (100/1512)
🟥Karol Nawrocki korzystał z brudnych pieniędzy. Prezydent, jak i inni politycy patoprawicy wplątali;Canal X;2026-09-03;On nie wie co gada czekam kiedy prawica wygra wybory;@MiroslawTurek;0;1;CAMP_B;CAMP_A: Pro-government supporters defending Tusk and attacking the opposition (PiS/Konfederacja) as corrupt mafias. CAMP_B: Anti-government critics accusing Tusk of lies, foreign loyalties, and ruining Poland.;0.6;Frustration;Claims the speaker doesn't know what he's talking about and awaits a right-wing election victory.;;https://www.youtube.com/watch?v=0ZvyPWyMp5w;6.6% (100/1512)
🟥Karol Nawrocki korzystał z brudnych pieniędzy. Prezydent, jak i inni politycy patoprawicy wplątali;Canal X;2026-09-03;Tusk koniec nadchodzi i jest nadzieja ze was Polska i Polacy rozliczą!!! Klamliwy premier;@robertlewandowski842;0;1;CAMP_B;CAMP_A: Pro-government supporters defending Tusk and attacking the opposition (PiS/Konfederacja) as corrupt mafias. CAMP_B: Anti-government critics accusing Tusk of lies, foreign loyalties, and ruining Poland.;0.75;Anger;Warns Tusk that his end is coming and Poles will hold him accountable.;;https://www.youtube.com/watch?v=0ZvyPWyMp5w;6.6% (100/1512)
🟥Karol Nawrocki korzystał z brudnych pieniędzy. Prezydent, jak i inni politycy patoprawicy wplątali;Canal X;2026-09-03;Kto jest bez winy , niech pierwszy rzuci kamieniem ?;@iwonagrabowska6427;0;1;NEUTRAL_SPAM;CAMP_A: Pro-government supporters defending Tusk and attacking the opposition (PiS/Konfederacja) as corrupt mafias. CAMP_B: Anti-government critics accusing Tusk of lies, foreign loyalties, and ruining Poland.;0.3;Neutral;Quotes the biblical idiom about casting the first stone to question mutual accusations.;;https://www.youtube.com/watch?v=0ZvyPWyMp5w;6.6% (100/1512)
🟥Karol Nawrocki korzystał z brudnych pieniędzy. Prezydent, jak i inni politycy patoprawicy wplątali;Canal X;2026-09-03;Tylko komisja A polityczna wyjaśni to żetelnie  napewno nie  watacha premiera;@MirekMirek-q5h;0;0;CAMP_B;CAMP_A: Pro-government supporters defending Tusk and attacking the opposition (PiS/Konfederacja) as corrupt mafias. CAMP_B: Anti-government critics accusing Tusk of lies, foreign loyalties, and ruining Poland.;0.6;Frustration;Demands an apolitical committee to investigate the matter honestly rather than the Prime Minister's clique.;;https://www.youtube.com/watch?v=0ZvyPWyMp5w;6.6% (100/1512)
🟥Karol Nawrocki korzystał z brudnych pieniędzy. Prezydent, jak i inni politycy patoprawicy wplątali;Canal X;2026-09-03;Pis i konfa to wrzody na zdrowym organizmie polska,oni Beda sie do konca bronili,Bo jaki Gangster,walkiwicz chce oddac to co JUZ sobie ,,,legalnie,,,przez fundacje salcesona przywlaszczyli,oni zrozumiä tylko jedno,Jak w tv1 trzeba teraz wejsc do TK i za Morde godzile wyprowadzic,poszczekaja,poszczekajäi dobro i tak wygra;@AndrzejAlexandrowicz-xf3vf;0;0;CAMP_A;CAMP_A: Pro-government supporters defending Tusk and attacking the opposition (PiS/Konfederacja) as corrupt mafias. CAMP_B: Anti-government critics accusing Tusk of illicit wealth. CAMP_B: Anti-government critics accusing Tusk of lies, foreign loyalties, and ruining Poland.;0.85;Anger;Accuses PiS and Konfederacja of clinging to illegally acquired wealth and calls for forceful legal action against them.;;https://www.youtube.com/watch?v=0ZvyPWyMp5w;6.6% (100/1512)
🟥Karol Nawrocki korzystał z brudnych pieniędzy. Prezydent, jak i inni politycy patoprawicy wplątali;Canal X;2026-09-03;Rząd to ruska mafia a na jej czele stoi Tusk;@agakuchenna;0;0;CAMP_B;CAMP_A: Pro-government supporters defending Tusk and attacking the opposition (PiS/Konfederacja) as corrupt mafias. CAMP_B: Anti-government critics accusing Tusk of lies, foreign loyalties, and ruining Poland.;0.8;Anger;Labels the government a Russian mafia led by Donald Tusk.;;https://www.youtube.com/watch?v=0ZvyPWyMp5w;6.6% (100/1512)
Ciężki wybór #polityka #śmieszne;Księciunio pan;2026-09-03;"Wydaje mi się, że  w tej wypowiedzi, słowem klucz"" jest słowo ""podejmowanie"". Nie będziesz musiał podejmować wyboru. Będziesz miał już tylko wybór. Bez podejmowania. To jak z podjęciem decyzji. Nie sama decyzja jest trudna, tylko jej podjęcie. Jest to zdjęcie z nas ciężaru podejmowania.";@Artur1962-b4z;7;1;NEUTRAL_SPAM;CAMP_A consists of critics mocking the politician's illogical statements and attacking the ruling coalition, while CAMP_B consists of defenders or neutral observers analyzing the linguistic paradoxes.;0.2;Neutral;The user analyzes the speaker's phrasing around 'making a choice' versus 'having a choice' as a linguistic nuance.;Does having a choice truly remove the burden of making one?;https://www.youtube.com/watch?v=1gbtgGJ65_w;22.1% (100/453)
Ciężki wybór #polityka #śmieszne;Księciunio pan;2026-09-03;Najgorsze jak głupi chce udowodnić że jest mądry;@MaupaMałpa-g5z;7;0;CAMP_A;CAMP_A consists of critics mocking the politician's illogical statements and attacking the ruling coalition, while CAMP_B consists of defenders or neutral observers analyzing the linguistic paradoxes.;0.6;Frustration;The speaker is demonstrating foolishness while trying to sound intelligent.;;https://www.youtube.com/watch?v=1gbtgGJ65_w;22.1% (100/453)
Ciężki wybór #polityka #śmieszne;Księciunio pan;2026-09-03;Ona chyba sama siebie nie rozumie.;@kasiacwajna7659;4;0;CAMP_A;CAMP_A consists of critics mocking the politician's illogical statements and attacking the ruling coalition, while CAMP_B consists of defenders or neutral observers analyzing the linguistic paradoxes.;0.4;Sarcasm;The politician is completely incoherent and doesn't even understand her own words.;;https://www.youtube.com/watch?v=1gbtgGJ65_w;22.1% (100/453)
Ciężki wybór #polityka #śmieszne;Księciunio pan;2026-09-03;Czyli żeby zrozumieć co mówi ta pani trzeba mieć jej tok myślenia.;@sawekrzap2938;3;0;CAMP_A;CAMP_A consists of critics mocking the politician's illogical statements and attacking the ruling coalition, while CAMP_B consists of defenders or neutral observers analyzing the linguistic paradoxes.;0.4;Sarcasm;Understanding the speaker requires adopting her bizarre and convoluted train of thought.;;https://www.youtube.com/watch?v=1gbtgGJ65_w;22.1% (100/453)
Ciężki wybór #polityka #śmieszne;Księciunio pan;2026-09-03;Słucham to kolejny raz i ni w cholerę nie pojmuję 🤔🤷🤷🤷;@IzaKr-d9x;3;0;CAMP_A;CAMP_A consists of critics mocking the politician's illogical statements and attacking the ruling coalition, while CAMP_B consists of defenders or neutral observers analyzing the linguistic paradoxes.;0.5;Frustration;Even after multiple listens, the statement remains completely incomprehensible.;;https://www.youtube.com/watch?v=1gbtgGJ65_w;22.1% (100/453)
Ciężki wybór #polityka #śmieszne;Księciunio pan;2026-09-03;Masło maślane !!!! Właśnie to jest taki bełkot !!!;@GosiaGosia-c5y;3;0;CAMP_A;CAMP_A consists of critics mocking the politician's illogical statements and attacking the ruling coalition, while CAMP_B consists of defenders or neutral observers analyzing the linguistic paradoxes.;0.6;Anger;The speech is pure tautology and absolute nonsense.;;https://www.youtube.com/watch?v=1gbtgGJ65_w;22.1% (100/453)
Ciężki wybór #polityka #śmieszne;Księciunio pan;2026-09-03;Zakładam, że ta pani ma pensję powyżej średniej krajowej....;@andynovak2951;3;0;CAMP_A;CAMP_A consists of critics mocking the politician's illogical statements and attacking the ruling coalition, while CAMP_B consists of defenders or neutral observers analyzing the linguistic paradoxes.;0.5;Frustration;Incompetent politicians undeservedly earn high salaries.;;https://www.youtube.com/watch?v=1gbtgGJ65_w;22.1% (100/453)
Ciężki wybór #polityka #śmieszne;Księciunio pan;2026-09-03;I oni tam wszyscy z KO kiwnęli głowami że rozumieją i zgadzają się.;@sawomirgutowski1235;2;0;CAMP_A;CAMP_A consists of critics mocking the politician's illogical statements and attacking the ruling coalition, while CAMP_B consists of defenders or neutral observers analyzing the linguistic paradoxes.;0.6;Frustration;The entire KO faction blindly nods along to obvious nonsense.;;https://www.youtube.com/watch?v=1gbtgGJ65_w;22.1% (100/453)
Ciężki wybór #polityka #śmieszne;Księciunio pan;2026-09-03;Im wystarczy dać głos...;@adamadam-p3c3q;1;0;CAMP_A;CAMP_A consists of critics mocking the politician's illogical statements and attacking the ruling coalition, while CAMP_B consists of defenders or neutral observers analyzing the linguistic paradoxes.;0.5;Frustration;Allowing such people to speak publicly is a mistake.;;https://www.youtube.com/watch?v=1gbtgGJ65_w;22.1% (100/453)
Ciężki wybór #polityka #śmieszne;Księciunio pan;2026-09-03;Inny świat... Ale ona mówi poważne dowcipy...;@adamadam-p3c3q;1;0;CAMP_A;CAMP_A consists of critics mocking the politician's illogical statements and attacking the ruling coalition, while CAMP_B consists of defenders or neutral observers analyzing the linguistic paradoxes.;0.4;Sarcasm;Her statements are unintentional jokes from another reality.;;https://www.youtube.com/watch?v=1gbtgGJ65_w;22.1% (100/453)
Ciężki wybór #polityka #śmieszne;Księciunio pan;2026-09-03;Co ona zrobiła że jest posłem !!???🤔;@bufigal;1;0;CAMP_A;CAMP_A consists of critics mocking the politician's illogical statements and attacking the ruling coalition, while CAMP_B consists of defenders or neutral observers analyzing the linguistic paradoxes.;0.6;Frustration;It is baffling how someone with such low capability became a member of parliament.;Co ona zrobiła że jest posłem?;https://www.youtube.com/watch?v=1gbtgGJ65_w;22.1% (100/453)
Ciężki wybór #polityka #śmieszne;Księciunio pan;2026-09-03;Ruropejka;@ZbysiuNaydenovitz;1;0;CAMP_A;CAMP_A consists of critics mocking the politician's illogical statements and attacking the ruling coalition, while CAMP_B consists of defenders or neutral observers analyzing the linguistic paradoxes.;0.3;Sarcasm;Derogatory mocking of the politician's background or orientation.;;https://www.youtube.com/watch?v=1gbtgGJ65_w;22.1% (100/453)
Ciężki wybór #polityka #śmieszne;Księciunio pan;2026-09-03;Bo powiedziałam JA Barbi koalicji 13 grudnia. Niech żyje nasz przywódca Don Donaldino hurra hurra hurra;@JasłoJ;1;0;CAMP_A;CAMP_A consists of critics mocking the politician's illogical statements and attacking the ruling coalition, while CAMP_B consists of defenders or neutral observers analyzing the linguistic paradoxes.;0.7;Anger;Mocking the speaker as a puppet of the current ruling leadership and Donald Tusk.;;https://www.youtube.com/watch?v=1gbtgGJ65_w;22.1% (100/453)
Ciężki wybór #polityka #śmieszne;Księciunio pan;2026-09-03;Jprd ja po pijaku nie byłem taki głupi 😂😂;@MajorZaskar;1;0;CAMP_A;CAMP_A consists of critics mocking the politician's illogical statements and attacking the ruling coalition, while CAMP_B consists of defenders or neutral observers analyzing the linguistic paradoxes.;0.7;Anger;Even when drunk, ordinary people make more sense than this politician.;;https://www.youtube.com/watch?v=1gbtgGJ65_w;22.1% (100/453)
Ciężki wybór #polityka #śmieszne;Księciunio pan;2026-09-03;Nawet po pijanemu tych głupich opowiadań nie mogę słuchać;@MirosławDurak;1;0;CAMP_A;CAMP_A consists of critics mocking the politician's illogical statements and attacking the ruling coalition, while CAMP_B consists of defenders or neutral observers analyzing the linguistic paradoxes.;0.6;Frustration;These foolish stories are completely unlistenable under any condition.;;https://www.youtube.com/watch?v=1gbtgGJ65_w;22.1% (100/453)
Ciężki wybór #polityka #śmieszne;Księciunio pan;2026-09-03;Sluchaac tej osoby wiadomo dlaczego studia koncza na colegium tumanum;@agnieszkalis2351;1;0;CAMP_A;CAMP_A consists of critics mocking the politician's illogical statements and attacking the ruling coalition, while CAMP_B consists of defenders or neutral observers analyzing the linguistic paradoxes.;0.6;Sarcasm;Listening to this person explains why low-tier degrees are so heavily criticized.;;https://www.youtube.com/watch?v=1gbtgGJ65_w;22.1% (100/453)
Ciężki wybór #polityka #śmieszne;Księciunio pan;2026-09-03;Popadam w nałogi od tych transmisji z wiejskiej.  Większej wsi to w Polsce nie ma! Ciekawe za co ta Pani żyje.  Ciekawe za czyje pieniążki takie banialuki opowiada publicznie przed kamerami. I jeszcze jedno pytanie czy w Sejmie jest jeszcze taka osoba która spisuje wszystkie wystąpienia. Jak jest to współczucia! Poważnie pomyście, wracacie po całym dniu spisywania takich wystąpień. Przecież ja bym się z nikim w domu nie dogadał!;@gorskitomasz81;1;0;CAMP_A;CAMP_A consists of critics mocking the politician's illogical statements and attacking the ruling coalition, while CAMP_B consists of defenders or neutral observers analyzing the linguistic paradoxes.;0.8;Anger;Parliament has become a chaotic village wasting taxpayer money on absurd speeches.;Ciekawe za co ta Pani żyje i za czyje pieniążki takie banialuki opowiada?;https://www.youtube.com/watch?v=1gbtgGJ65_w;22.1% (100/453)
Ciężki wybór #polityka #śmieszne;Księciunio pan;2026-09-03;Zabierzcie im w końcu ten AI niech spróbują sami pisać swoje wystąpienia bo nie można tego słuchać 😢;@Norbi-km7wv;1;0;CAMP_A;CAMP_A consists of critics mocking the politician's illogical statements and attacking the ruling coalition, while CAMP_B consists of defenders or neutral observers analyzing the linguistic paradoxes.;0.6;Frustration;Blaming AI for writing such terrible parliamentary speeches.;;https://www.youtube.com/watch?v=1gbtgGJ65_w;22.1% (100/453)
Ciężki wybór #polityka #śmieszne;Księciunio pan;2026-09-03;GADATLIWA A mądra inaczej SIECZKA Z SIECZKĄ;@wojciechgierszak2524;1;0;CAMP_A;CAMP_A consists of critics mocking the politician's illogical statements and attacking the ruling coalition, while CAMP_B consists of defenders or neutral observers analyzing the linguistic paradoxes.;0.7;Anger;The speech is absolute nonsense and intellectual mush.;;https://www.youtube.com/watch?v=1gbtgGJ65_w;22.1% (100/453)
Ciężki wybór #polityka #śmieszne;Księciunio pan;2026-09-03;Jak to kur..a zrobić???;@krzysztofbak204;1;0;CAMP_A;CAMP_A consists of critics mocking the politician's illogical statements and attacking the ruling coalition, while CAMP_B consists of defenders or neutral observers analyzing the linguistic paradoxes.;0.7;Anger;Expressing utter disbelief and frustration at the state of affairs.;Jak to kur..a zrobić?;https://www.youtube.com/watch?v=1gbtgGJ65_w;22.1% (100/453)
Ciężki wybór #polityka #śmieszne;Księciunio pan;2026-09-03;Po co nam tyle pustych dzbanow;@KrzysztofJakubowski-y4o;1;0;CAMP_A;CAMP_A consists of critics mocking the politician's illogical statements and attacking the ruling coalition, while CAMP_B consists of defenders or neutral observers analyzing the linguistic paradoxes.;0.6;Frustration;Questioning why parliament is filled with empty-headed individuals.;;https://www.youtube.com/watch?v=1gbtgGJ65_w;22.1% (100/453)
Ciężki wybór #polityka #śmieszne;Księciunio pan;2026-09-03;Bo partia za Ciebie wybierze;@barbrawojtowicz19;1;0;CAMP_A;CAMP_A consists of critics mocking the politician's illogical statements and attacking the ruling coalition, while CAMP_B consists of defenders or neutral observers analyzing the linguistic paradoxes.;0.4;Sarcasm;The party makes choices on behalf of the citizens, rendering personal choice obsolete.;;https://www.youtube.com/watch?v=1gbtgGJ65_w;22.1% (100/453)
Ciężki wybór #polityka #śmieszne;Księciunio pan;2026-09-03;Ale przecież nie będzie musiała dokonywać tego wyboru, bo cytuję będzie miała wybór;@user-zz5hh5rd9v;1;0;CAMP_A;CAMP_A consists of critics mocking the politician's illogical statements and attacking the ruling coalition, while CAMP_B consists of defenders or neutral observers analyzing the linguistic paradoxes.;0.4;Sarcasm;Repeating the absurd quote highlights its lack of logical sense.;;https://www.youtube.com/watch?v=1gbtgGJ65_w;22.1% (100/453)
Ciężki wybór #polityka #śmieszne;Księciunio pan;2026-09-03;Nie ogarniam........że co?!?!!???;@pitpit5062;1;0;CAMP_A;CAMP_A consists of critics mocking the politician's illogical statements and attacking the ruling coalition, while CAMP_B consists of defenders or neutral observers analyzing the linguistic paradoxes.;0.6;Frustration;Complete inability to comprehend the speaker's message.;;https://www.youtube.com/watch?v=1gbtgGJ65_w;22.1% (100/453)
Ciężki wybór #polityka #śmieszne;Księciunio pan;2026-09-03;Jestem chora jak tego slucham ,,,,,nie da sie,,,,zwariowac można ,,,po co to pchać sie na wizje ,,,do mikrofonu,,,,A kysz,,,,,,!!!!!!😡😮😡😮🍄,,,,;@EwaHerman-Kaczyńska;1;0;CAMP_A;CAMP_A consists of critics mocking the politician's illogical statements and attacking the ruling coalition, while CAMP_B consists of defenders or neutral observers analyzing the linguistic paradoxes.;0.8;Anger;Listening to this causes physical distress and mental exhaustion.;;https://www.youtube.com/watch?v=1gbtgGJ65_w;22.1% (100/453)
Ciężki wybór #polityka #śmieszne;Księciunio pan;2026-09-03;"Już zawsze będzie,, Gospodarką "" 🤣🤣🤣🤣";@KamilZielonka-xl2zv;1;0;CAMP_A;CAMP_A consists of critics mocking the politician's illogical statements and attacking the ruling coalition, while CAMP_B consists of defenders or neutral observers analyzing the linguistic paradoxes.;0.4;Sarcasm;Mocking the speaker's potential mispronunciation of economic terms.;;https://www.youtube.com/watch?v=1gbtgGJ65_w;22.1% (100/453)
Ciężki wybór #polityka #śmieszne;Księciunio pan;2026-09-03;To całe KO to trzeba leczyć :);@MaxSzekuku;1;0;CAMP_A;CAMP_A consists of critics mocking the politician's illogical statements and attacking the ruling coalition, while CAMP_B consists of defenders or neutral observers analyzing the linguistic paradoxes.;0.6;Frustration;The entire Civic Coalition (KO) needs psychological help.;;https://www.youtube.com/watch?v=1gbtgGJ65_w;22.1% (100/453)
Ciężki wybór #polityka #śmieszne;Księciunio pan;2026-09-03;Dziwni ci ludzie w Polsce;@tadeusz5637;1;0;CAMP_A;CAMP_A consists of critics mocking the politician's illogical statements and attacking the ruling coalition, while CAMP_B consists of defenders or neutral observers analyzing the linguistic paradoxes.;0.3;Disappointment;Expressing bewilderment at the behavior of people in Poland.;;https://www.youtube.com/watch?v=1gbtgGJ65_w;22.1% (100/453)
Ciężki wybór #polityka #śmieszne;Księciunio pan;2026-09-03;CZEKOLADOWA poslanka;@PiotrNowak-n3k;1;0;CAMP_A;CAMP_A consists of critics mocking the politician's illogical statements and attacking the ruling coalition, while CAMP_B consists of defenders or neutral observers analyzing the linguistic paradoxes.;0.4;Sarcasm;Derogatory nickname used to mock the politician.;;https://www.youtube.com/watch?v=1gbtgGJ65_w;22.1% (100/453)
Ciężki wybór #polityka #śmieszne;Księciunio pan;2026-09-03;Wybrała 🩼🔨‼️🕳️;@malgorzata3653;1;0;CAMP_A;CAMP_A consists of critics mocking the politician's illogical statements and attacking the ruling coalition, while CAMP_B consists of defenders or neutral observers analyzing the linguistic paradoxes.;0.4;Neutral;Using symbolic emojis to express disdain for the political situation.;;https://www.youtube.com/watch?v=1gbtgGJ65_w;22.1% (100/453)
Ciężki wybór #polityka #śmieszne;Księciunio pan;2026-09-03;😂;@r.m.jj-wicz4123;1;0;NEUTRAL_SPAM;CAMP_A consists of critics mocking the politician's illogical statements and attacking the ruling coalition, while CAMP_B consists of defenders or neutral observers analyzing the linguistic paradoxes.;0.1;Neutral;Laughing emoji response to the humorous video clip.;;https://www.youtube.com/watch?v=1gbtgGJ65_w;22.1% (100/453)
Ciężki wybór #polityka #śmieszne;Księciunio pan;2026-09-03;Czy to jest mądre;@zdzislawbiel1790;1;0;CAMP_A;CAMP_A consists of critics mocking the politician's illogical statements and attacking the ruling coalition, while CAMP_B consists of defenders or neutral observers analyzing the linguistic paradoxes.;0.3;Frustration;Questioning whether the statement has any intelligence behind it.;Czy to jest mądre?;https://www.youtube.com/watch?v=1gbtgGJ65_w;22.1% (100/453)
Ciężki wybór #polityka #śmieszne;Księciunio pan;2026-09-03;Ona jest zajebista !!!!¡;@maciekburzynski7865;1;0;CAMP_B;CAMP_A consists of critics mocking the politician's illogical statements and attacking the ruling coalition, while CAMP_B consists of defenders or neutral observers analyzing the linguistic paradoxes.;0.5;Excitement;Defending or ironically praising the speaker's entertaining performance.;;https://www.youtube.com/watch?v=1gbtgGJ65_w;22.1% (100/453)
Ciężki wybór #polityka #śmieszne;Księciunio pan;2026-09-03;Będzie miał wybór nie dokonywać wyboru.;@magorzatap9671;1;0;CAMP_A;CAMP_A consists of critics mocking the politician's illogical statements and attacking the ruling coalition, while CAMP_B consists of defenders or neutral observers analyzing the linguistic paradoxes.;0.3;Sarcasm;Paraphrasing the absurd logic of having a choice without making one.;;https://www.youtube.com/watch?v=1gbtgGJ65_w;22.1% (100/453)
Ciężki wybór #polityka #śmieszne;Księciunio pan;2026-09-03;Przez wielkie emocje pleciemy trzy po trzy..porobiło się  .ja panią zrozumiałam.. mama może pracować -- lub nie...;@beatalickiewicz7302;0;1;CAMP_B;CAMP_A consists of critics mocking the politician's illogical statements and attacking the ruling coalition, while CAMP_B consists of defenders or neutral observers analyzing the linguistic paradoxes.;0.4;Neutral;The speaker merely misspoke due to high emotions, but her underlying meaning (e.g., career or family choice) was understandable.;;https://www.youtube.com/watch?v=1gbtgGJ65_w;22.1% (100/453)
Ciężki wybór #polityka #śmieszne;Księciunio pan;2026-09-03;Mimo wszystko uważam że jest inteligentniejsza od pani profesor 😂;@andcza6486;0;1;CAMP_A;CAMP_A consists of critics mocking the politician's illogical statements and attacking the ruling coalition, while CAMP_B consists of defenders or neutral observers analyzing the linguistic paradoxes.;0.4;Sarcasm;Comparing the politician's low intellect unfavorably to another figure.;;https://www.youtube.com/watch?v=1gbtgGJ65_w;22.1% (100/453)
Ciężki wybór #polityka #śmieszne;Księciunio pan;2026-09-03;Psychiatria psychiatria i jeszcze raz psychiatria ! Ale ludzie w Polsce tego chcą chcą skoro oddają głosy na to , to realnie tego chcą;@piotrg9467;0;0;CAMP_A;CAMP_A consists of critics mocking the politician's illogical statements and attacking the ruling coalition, while CAMP_B consists of defenders or neutral observers analyzing the linguistic paradoxes.;0.7;Anger;Voters get what they deserve by electing such incompetent individuals.;;https://www.youtube.com/watch?v=1gbtgGJ65_w;22.1% (100/453)
Ciężki wybór #polityka #śmieszne;Księciunio pan;2026-09-03;"A kto ją wybrał? I tacy ludzie jak ta ""mądra"" blondyna uzurpuja sobie prawo do decydowaniu o naszych dzieciach.";@bernardjona266;0;0;CAMP_A;CAMP_A consists of critics mocking the politician's illogical statements and attacking the ruling coalition, while CAMP_B consists of defenders or neutral observers analyzing the linguistic paradoxes.;0.7;Anger;It is terrifying that unqualified politicians have the power to decide over citizens' children.;A kto ją wybrał?;https://www.youtube.com/watch?v=1gbtgGJ65_w;22.1% (100/453)
Ciężki wybór #polityka #śmieszne;Księciunio pan;2026-09-03;Jak oglądam te wypowiedzi polityków, to powiem szczerze, byłbym 100 razy lepszym kandydatem i lepiej bym wasz interes reprezentował, niż oni a nie  uważam się za wybitnie mądrego ale patrząc na takich polityków, mogę śmiało powiedzieć, że intelektualnie są dużo mniej inteligętni ode mnie.;@righteousz2876;0;0;CAMP_A;CAMP_A consists of critics mocking the politician's illogical statements and attacking the ruling coalition, while CAMP_B consists of defenders or neutral observers analyzing the linguistic paradoxes.;0.6;Frustration;Average citizens would do a much better job representing the public than these unintelligent politicians.;;https://www.youtube.com/watch?v=1gbtgGJ65_w;22.1% (100/453)
Ciężki wybór #polityka #śmieszne;Księciunio pan;2026-09-03;O kur.a😂;@KrzysztofPapas;0;0;NEUTRAL_SPAM;CAMP_A consists of critics mocking the politician's illogical statements and attacking the ruling coalition, while CAMP_B consists of defenders or neutral observers analyzing the linguistic paradoxes.;0.3;Excitement;Laughter response to the absurdity of the clip.;;https://www.youtube.com/watch?v=1gbtgGJ65_w;22.1% (100/453)
Ciężki wybór #polityka #śmieszne;Księciunio pan;2026-09-03;Zastanawiam sie, czy to debilstwo nie ma problemu z  wyjściem na ulicę do normalnych ludzi..chociaż właściwie duża częsć tych ludzi to tacy sami debile, skoro ich wybrali..;@Darek-zv8xm;0;0;CAMP_A;CAMP_A consists of critics mocking the politician's illogical statements and attacking the ruling coalition, while CAMP_B consists of defenders or neutral observers analyzing the linguistic paradoxes.;0.7;Anger;Voters must be equally foolish to have elected such incompetent politicians.;;https://www.youtube.com/watch?v=1gbtgGJ65_w;22.1% (100/453)
Ciężki wybór #polityka #śmieszne;Księciunio pan;2026-09-03;moje środki odurzające są za słabe, ja tu nic nie rozumiem...;@dariuszrysak1133;0;0;CAMP_A;CAMP_A consists of critics mocking the politician's illogical statements and attacking the ruling coalition, while CAMP_B consists of defenders or neutral observers analyzing the linguistic paradoxes.;0.4;Sarcasm;The content is so surreal that one would need heavy substances to process it.;;https://www.youtube.com/watch?v=1gbtgGJ65_w;22.1% (100/453)
Ciężki wybór #polityka #śmieszne;Księciunio pan;2026-09-03;Co ona plecie 😂😂😂😂😂;@AleksandraSwierczyna;0;0;CAMP_A;CAMP_A consists of critics mocking the politician's illogical statements and attacking the ruling coalition, while CAMP_B consists of defenders or neutral observers analyzing the linguistic paradoxes.;0.4;Excitement;Mocking the speaker's incoherent rambling.;;https://www.youtube.com/watch?v=1gbtgGJ65_w;22.1% (100/453)
Ciężki wybór #polityka #śmieszne;Księciunio pan;2026-09-03;Co za bełkot🫣🧐;@franciszkaseidel2378;0;0;CAMP_A;CAMP_A consists of critics mocking the politician's illogical statements and attacking the ruling coalition, while CAMP_B consists of defenders or neutral observers analyzing the linguistic paradoxes.;0.5;Frustration;The speech is absolute gibberish.;;https://www.youtube.com/watch?v=1gbtgGJ65_w;22.1% (100/453)
Ciężki wybór #polityka #śmieszne;Księciunio pan;2026-09-03;To kurwa jest z próbówki?! Chyba pę😊kniętej!;@KrzysztofOwczarek-d8s;0;0;CAMP_A;CAMP_A consists of critics mocking the politician's illogical statements and attacking the ruling coalition, while CAMP_B consists of defenders or neutral observers analyzing the linguistic paradoxes.;0.7;Anger;Insulting the politician's mental capacity with crude expressions.;;https://www.youtube.com/watch?v=1gbtgGJ65_w;22.1% (100/453)
Ciężki wybór #polityka #śmieszne;Księciunio pan;2026-09-03;Mam error w głowie i tak się zastanawiam czy jestem za głupi czy za mądry? 😅😅😅;@MaciejCudek;0;0;CAMP_A;CAMP_A consists of critics mocking the politician's illogical statements and attacking the ruling coalition, while CAMP_B consists of defenders or neutral observers analyzing the linguistic paradoxes.;0.4;Sarcasm;Questioning whether the listener's intellect is too high or too low to grasp such nonsense.;;https://www.youtube.com/watch?v=1gbtgGJ65_w;22.1% (100/453)
Ciężki wybór #polityka #śmieszne;Księciunio pan;2026-09-03;Zawsze to ty masz napier.... w tym pustym  łbie.;@Waldek-f4g;0;0;CAMP_A;CAMP_A consists of critics mocking the politician's illogical statements and attacking the ruling coalition, while CAMP_B consists of defenders or neutral observers analyzing the linguistic paradoxes.;0.7;Anger;Aggressive retort directed at the speaker's empty mind.;;https://www.youtube.com/watch?v=1gbtgGJ65_w;22.1% (100/453)
Ciężki wybór #polityka #śmieszne;Księciunio pan;2026-09-03;Frau doktor z TVN czy gwiazda lewicy ?;@JanMondziol;0;0;CAMP_A;CAMP_A consists of critics mocking the politician's illogical statements and attacking the ruling coalition, while CAMP_B consists of defenders or neutral observers analyzing the linguistic paradoxes.;0.5;Sarcasm;Associating the politician with biased media and leftist political circles.;;https://www.youtube.com/watch?v=1gbtgGJ65_w;22.1% (100/453)
Ciężki wybór #polityka #śmieszne;Księciunio pan;2026-09-03;Kolejna gwiazda tej koalicji. A jeśli chodzi o WYBÓR to pamiętajcie o nim w dniu WYBORÓW.;@Agnieszka-n4i;0;0;CAMP_A;CAMP_A consists of critics mocking the politician's illogical statements and attacking the ruling coalition, while CAMP_B consists of defenders or neutral observers analyzing the linguistic paradoxes.;0.6;Frustration;Urging voters to remember this incompetence on election day.;;https://www.youtube.com/watch?v=1gbtgGJ65_w;22.1% (100/453)
Ciężki wybór #polityka #śmieszne;Księciunio pan;2026-09-03;Masło maślane !!!!!!!!;@HalinaWilk-q4g;0;0;CAMP_A;CAMP_A consists of critics mocking the politician's illogical statements and attacking the ruling coalition, while CAMP_B consists of defenders or neutral observers analyzing the linguistic paradoxes.;0.5;Frustration;Reiterating that the statement is repetitive nonsense.;;https://www.youtube.com/watch?v=1gbtgGJ65_w;22.1% (100/453)
Ciężki wybór #polityka #śmieszne;Księciunio pan;2026-09-03;Uhh ale styki popalone.. tam już niema czego ratować;@klif83;0;0;CAMP_A;CAMP_A consists of critics mocking the politician's illogical statements and attacking the ruling coalition, while CAMP_B consists of defenders or neutral observers analyzing the linguistic paradoxes.;0.6;Frustration;The politician's mental circuits are completely burned out.;;https://www.youtube.com/watch?v=1gbtgGJ65_w;22.1% (100/453)
Ciężki wybór #polityka #śmieszne;Księciunio pan;2026-09-03;Piepszy trzy po trzy;@Basia-tw3iw;0;0;CAMP_A;CAMP_A consists of critics mocking the politician's illogical statements and attacking the ruling coalition, while CAMP_B consists of defenders or neutral observers analyzing the linguistic paradoxes.;0.5;Frustration;Dismissing the speech as random, meaningless babble.;;https://www.youtube.com/watch?v=1gbtgGJ65_w;22.1% (100/453)
Ciężki wybór #polityka #śmieszne;Księciunio pan;2026-09-03;Ona co wybrała ??????????;@ErnestŽaloudik;0;0;CAMP_A;CAMP_A consists of critics mocking the politician's illogical statements and attacking the ruling coalition, while CAMP_B consists of defenders or neutral observers analyzing the linguistic paradoxes.;0.4;Sarcasm;Mocking what choice the politician actually made in life.;;https://www.youtube.com/watch?v=1gbtgGJ65_w;22.1% (100/453)
Ciężki wybór #polityka #śmieszne;Księciunio pan;2026-09-03;Po ile teraz jest 0,5 litra wyboru?????;@qsz60;0;0;CAMP_A;CAMP_A consists of critics mocking the politician's illogical statements and attacking the ruling coalition, while CAMP_B consists of defenders or neutral observers analyzing the linguistic paradoxes.;0.6;Sarcasm;Comparing the absurdity of the statement to the cost of alcohol.;;https://www.youtube.com/watch?v=1gbtgGJ65_w;22.1% (100/453)
Ciężki wybór #polityka #śmieszne;Księciunio pan;2026-09-03;Ktoś mi to przetłumaczy na Polski? Nie ogarniam 😮;@basiami3417;0;0;CAMP_A;CAMP_A consists of critics mocking the politician's illogical statements and attacking the ruling coalition, while CAMP_B consists of defenders or neutral observers analyzing the linguistic paradoxes.;0.5;Frustration;Requesting a translation into normal Polish because it makes no sense.;;https://www.youtube.com/watch?v=1gbtgGJ65_w;22.1% (100/453)
Ciężki wybór #polityka #śmieszne;Księciunio pan;2026-09-03;kuźwa wybór to przynajmniej dwie możliwości;@gryziindor;0;0;CAMP_A;CAMP_A consists of critics mocking the politician's illogical statements and attacking the ruling coalition, while CAMP_B consists of defenders or neutral observers analyzing the linguistic paradoxes.;0.5;Frustration;Pointing out the basic definition of a choice requires at least two options.;;https://www.youtube.com/watch?v=1gbtgGJ65_w;22.1% (100/453)
Ciężki wybór #polityka #śmieszne;Księciunio pan;2026-09-03;4 klasy i kurs tańca...;@Bałaagan;0;0;CAMP_A;CAMP_A consists of critics mocking the politician's illogical statements and attacking the ruling coalition, while CAMP_B consists of defenders or neutral observers analyzing the linguistic paradoxes.;0.4;Sarcasm;Mocking the educational background of the politician.;;https://www.youtube.com/watch?v=1gbtgGJ65_w;22.1% (100/453)
Ciężki wybór #polityka #śmieszne;Księciunio pan;2026-09-03;???😂;@Ela-b4q7d;0;0;NEUTRAL_SPAM;CAMP_A consists of critics mocking the politician's illogical statements and attacking the ruling coalition, while CAMP_B consists of defenders or neutral observers analyzing the linguistic paradoxes.;0.2;Neutral;Amused reaction via punctuation and emojis.;;https://www.youtube.com/watch?v=1gbtgGJ65_w;22.1% (100/453)
Ciężki wybór #polityka #śmieszne;Księciunio pan;2026-09-03;Ja pier;@annagrabowska8372;0;0;CAMP_A;CAMP_A consists of critics mocking the politician's illogical statements and attacking the ruling coalition, while CAMP_B consists of defenders or neutral observers analyzing the linguistic paradoxes.;0.6;Frustration;Incomplete expression of disbelief and exasperation.;;https://www.youtube.com/watch?v=1gbtgGJ65_w;22.1% (100/453)
Ciężki wybór #polityka #śmieszne;Księciunio pan;2026-09-03;Masło maślane😂😂😂;@iwonawnukiewicz2216;0;0;CAMP_A;CAMP_A consists of critics mocking the politician's illogical statements and attacking the ruling coalition, while CAMP_B consists of defenders or neutral observers analyzing the linguistic paradoxes.;0.4;Excitement;Characterizing the speech as repetitive nonsense.;;https://www.youtube.com/watch?v=1gbtgGJ65_w;22.1% (100/453)
Ciężki wybór #polityka #śmieszne;Księciunio pan;2026-09-03;😂😂😂😂😂😂😂😂😂😂😂😂😂😂;@JolaBednarek;0;0;NEUTRAL_SPAM;CAMP_A consists of critics mocking the politician's illogical statements and attacking the ruling coalition, while CAMP_B consists of defenders or neutral observers analyzing the linguistic paradoxes.;0.2;Excitement;Purely emoji-based laughter response.;;https://www.youtube.com/watch?v=1gbtgGJ65_w;22.1% (100/453)
Ciężki wybór #polityka #śmieszne;Księciunio pan;2026-09-03;co ona pieprzy;@janusz-s2w;0;0;CAMP_A;CAMP_A consists of critics mocking the politician's illogical statements and attacking the ruling coalition, while CAMP_B consists of defenders or neutral observers analyzing the linguistic paradoxes.;0.5;Frustration;Expressing shock and annoyance at what the politician is babbling about.;;https://www.youtube.com/watch?v=1gbtgGJ65_w;22.1% (100/453)
Ciężki wybór #polityka #śmieszne;Księciunio pan;2026-09-03;Przepraszam, ale nie rozumiem co ta mądra inaczej ma na myśli.;@MartaWiecaszek-zo3ge;0;0;CAMP_A;CAMP_A consists of critics mocking the politician's illogical statements and attacking the ruling coalition, while CAMP_B consists of defenders or neutral observers analyzing the linguistic paradoxes.;0.4;Sarcasm;Sardonically referring to the speaker as 'wise otherwise'.;;https://www.youtube.com/watch?v=1gbtgGJ65_w;22.1% (100/453)
Ciężki wybór #polityka #śmieszne;Księciunio pan;2026-09-03;I oni rządzą tym pięknym krajem.  Boże miej nas w swojej opiece 🙏;@MrPiter2000;0;0;CAMP_A;CAMP_A consists of critics mocking the politician's illogical statements and attacking the ruling coalition, while CAMP_B consists of defenders or neutral observers analyzing the linguistic paradoxes.;0.6;Disappointment;Expressing despair that such people govern the country.;;https://www.youtube.com/watch?v=1gbtgGJ65_w;22.1% (100/453)
Ciężki wybór #polityka #śmieszne;Księciunio pan;2026-09-03;Koorwa następny pusty dzban 😂😂😂😂😂;@barbershop2878;0;0;CAMP_A;CAMP_A consists of critics mocking the politician's illogical statements and attacking the ruling coalition, while CAMP_B consists of defenders or neutral observers analyzing the linguistic paradoxes.;0.6;Frustration;Labeling the politician another empty-headed individual.;;https://www.youtube.com/watch?v=1gbtgGJ65_w;22.1% (100/453)
Ciężki wybór #polityka #śmieszne;Księciunio pan;2026-09-03;Wszyscy w rządzie  s z w a b a  są inni inteligentni ale zawsze uśmiechnięci 😂;@marzennapokorska4165;0;0;CAMP_A;CAMP_A consists of critics mocking the politician's illogical statements and attacking the ruling coalition, while CAMP_B consists of defenders or neutral observers analyzing the linguistic paradoxes.;0.6;Sarcasm;Mocking the government's perceived intelligence and constant smiling.;;https://www.youtube.com/watch?v=1gbtgGJ65_w;22.1% (100/453)
Ciężki wybór #polityka #śmieszne;Księciunio pan;2026-09-03;Wybor lewactwa i zadnych wyborow, juz zawsze bedzie jeden wybor 😂😂😂;@jaroslawjanelt2613;0;0;CAMP_A;CAMP_A consists of critics mocking the politician's illogical statements and attacking the ruling coalition, while CAMP_B consists of defenders or neutral observers analyzing the linguistic paradoxes.;0.6;Sarcasm;Mocking leftist choices leading to a total lack of alternatives.;;https://www.youtube.com/watch?v=1gbtgGJ65_w;22.1% (100/453)
Ciężki wybór #polityka #śmieszne;Księciunio pan;2026-09-03;Te kilka zdan ja zdecydowanie przeroslo.;@user-er2sn7ef1e;0;0;CAMP_A;CAMP_A consists of critics mocking the politician's illogical statements and attacking the ruling coalition, while CAMP_B consists of defenders or neutral observers analyzing the linguistic paradoxes.;0.4;Frustration;A few simple sentences completely overwhelmed the speaker.;;https://www.youtube.com/watch?v=1gbtgGJ65_w;22.1% (100/453)
Ciężki wybór #polityka #śmieszne;Księciunio pan;2026-09-03;A taka ładna była...;@Juka-cb8oi;0;0;CAMP_A;CAMP_A consists of critics mocking the politician's illogical statements and attacking the ruling coalition, while CAMP_B consists of defenders or neutral observers analyzing the linguistic paradoxes.;0.3;Disappointment;Expressing mild regret over appearances versus competence.;;https://www.youtube.com/watch?v=1gbtgGJ65_w;22.1% (100/453)
Ciężki wybór #polityka #śmieszne;Księciunio pan;2026-09-03;Jestem zbyt glupi żeby tę wypowiedź zrozumieć;@RobertBrych;0;0;CAMP_A;CAMP_A consists of critics mocking the politician's illogical statements and attacking the ruling coalition, while CAMP_B consists of defenders or neutral observers analyzing the linguistic paradoxes.;0.4;Neutral;Self-deprecating admission of not being able to understand the gibberish.;;https://www.youtube.com/watch?v=1gbtgGJ65_w;22.1% (100/453)
Ciężki wybór #polityka #śmieszne;Księciunio pan;2026-09-03;Oni chyba szukają tych kretynów xD;@Regiusz;0;0;CAMP_A;CAMP_A consists of critics mocking the politician's illogical statements and attacking the ruling coalition, while CAMP_B consists of defenders or neutral observers analyzing the linguistic paradoxes.;0.5;Sarcasm;Sardonically suggesting the party actively searches for fools.;;https://www.youtube.com/watch?v=1gbtgGJ65_w;22.1% (100/453)
Ciężki wybór #polityka #śmieszne;Księciunio pan;2026-09-03;Najdoskonalszą formą sabotażu państwa jest umieszczenie  na najwyższych stanowiskach największych idiotów . Tusk doskonale zna tą grę dlatego na ministrów wybrał takich właśnie ludzi.;@BlackGhost_007;0;0;CAMP_A;CAMP_A consists of critics mocking the politician's illogical statements and attacking the ruling coalition, while CAMP_B consists of defenders or neutral observers analyzing the linguistic paradoxes.;0.8;Anger;Sabotaging the state by placing idiots in top positions is a deliberate strategy by Tusk.;;https://www.youtube.com/watch?v=1gbtgGJ65_w;22.1% (100/453)
Ciężki wybór #polityka #śmieszne;Księciunio pan;2026-09-03;Jaki wstyd…🤣🤣🤣 ciekawe jakie wykształcenie posiada ten super polityk. Wstyd;@profispeed;0;0;CAMP_A;CAMP_A consists of critics mocking the politician's illogical statements and attacking the ruling coalition, while CAMP_B consists of defenders or neutral observers analyzing the linguistic paradoxes.;0.6;Frustration;Questioning the educational credentials of this so-called politician.;;https://www.youtube.com/watch?v=1gbtgGJ65_w;22.1% (100/453)
Ciężki wybór #polityka #śmieszne;Księciunio pan;2026-09-03;"To jest tak odjechane, że początkowo nie domyśliłem się o co jej może chodzić ""nie będzie musiał wybierać, bo będzie miał wybór"". Proponuję tej pani skontaktować się z lekarzem lub farmaceutą, lub najlepiej oboma, gdyż będzie miała problem z wyborem, bo będzie musiała go dokonać, ale jednoczenie nie będzie mogła go dokonać, co za paradoks niemożliwy";@user-zz5hh5rd9v;0;0;CAMP_A;CAMP_A consists of critics mocking the politician's illogical statements and attacking the ruling coalition, while CAMP_B consists of defenders or neutral observers analyzing the linguistic paradoxes.;0.6;Sarcasm;Deconstructing the logical paradox of the statement sarcastically.;;https://www.youtube.com/watch?v=1gbtgGJ65_w;22.1% (100/453)
Ciężki wybór #polityka #śmieszne;Księciunio pan;2026-09-03;Co jedna *OSŁANKA  to lepsza od drugiej Chociaż jestem po zawodówce ale nikuta nie rozumiem Pewnie kozyla OKSFORD TUMANUM HUMANUM ‼️‼️‼️‼️‼️‼️‼️‼️‼️‼️;@PiotrBaran-b3o;0;0;CAMP_A;CAMP_A consists of critics mocking the politician's illogical statements and attacking the ruling coalition, while CAMP_B consists of defenders or neutral observers analyzing the linguistic paradoxes.;0.7;Anger;Mocking female politicians and questioning questionable university degrees.;;https://www.youtube.com/watch?v=1gbtgGJ65_w;22.1% (100/453)
Ciężki wybór #polityka #śmieszne;Księciunio pan;2026-09-03;Co to jest za wariactwo;@JarosławKochanowski-u8r;0;0;CAMP_A;CAMP_A consists of critics mocking the politician's illogical statements and attacking the ruling coalition, while CAMP_B consists of defenders or neutral observers analyzing the linguistic paradoxes.;0.5;Frustration;Labeling the entire display as sheer madness.;;https://www.youtube.com/watch?v=1gbtgGJ65_w;22.1% (100/453)
Ciężki wybór #polityka #śmieszne;Księciunio pan;2026-09-03;😂😂😂😂😂😂;@malgorzatakocurowska;0;0;NEUTRAL_SPAM;CAMP_A consists of critics mocking the politician's illogical statements and attacking the ruling coalition, while CAMP_B consists of defenders or neutral observers analyzing the linguistic paradoxes.;0.1;Neutral;Laughter emojis.;;https://www.youtube.com/watch?v=1gbtgGJ65_w;22.1% (100/453)
Ciężki wybór #polityka #śmieszne;Księciunio pan;2026-09-03;Pewnie ma ten dzień;@UrszulaSkrzypek-Madajka;0;0;CAMP_A;CAMP_A consists of critics mocking the politician's illogical statements and attacking the ruling coalition, while CAMP_B consists of defenders or neutral observers analyzing the linguistic paradoxes.;0.3;Sarcasm;Sardonically attributing the gaffe to a bad day.;;https://www.youtube.com/watch?v=1gbtgGJ65_w;22.1% (100/453)
Ciężki wybór #polityka #śmieszne;Księciunio pan;2026-09-03;Czy ona korzysta ze sztucznej energii od Heńki  Bochniarzowej?;@Czerwonytulipan1221;0;0;CAMP_A;CAMP_A consists of critics mocking the politician's illogical statements and attacking the ruling coalition, while CAMP_B consists of defenders or neutral observers analyzing the linguistic paradoxes.;0.4;Sarcasm;Mocking the energy source behind such peculiar speech.;;https://www.youtube.com/watch?v=1gbtgGJ65_w;22.1% (100/453)
Ciężki wybór #polityka #śmieszne;Księciunio pan;2026-09-03;Brak słów;@KatarzynaKatarina-h1p;0;0;CAMP_A;CAMP_A consists of critics mocking the politician's illogical statements and attacking the ruling coalition, while CAMP_B consists of defenders or neutral observers analyzing the linguistic paradoxes.;0.5;Disappointment;Expressing a complete lack of words for the stupidity witnessed.;;https://www.youtube.com/watch?v=1gbtgGJ65_w;22.1% (100/453)
Ciężki wybór #polityka #śmieszne;Księciunio pan;2026-09-03;😂😂😂;@irenkaginter7491;0;0;NEUTRAL_SPAM;CAMP_A consists of critics mocking the politician's illogical statements and attacking the ruling coalition, while CAMP_B consists of defenders or neutral observers analyzing the linguistic paradoxes.;0.1;Neutral;Laughter reaction.;;https://www.youtube.com/watch?v=1gbtgGJ65_w;22.1% (100/453)
Ciężki wybór #polityka #śmieszne;Księciunio pan;2026-09-03;Takie pokręcone teksty to były w dziełach lenina czy hitlera .;@jacekkubisiak893;0;0;CAMP_A;CAMP_A consists of critics mocking the politician's illogical statements and attacking the ruling coalition, while CAMP_B consists of defenders or neutral observers analyzing the linguistic paradoxes.;0.7;Anger;Comparing twisted political rhetoric to totalitarian propaganda.;;https://www.youtube.com/watch?v=1gbtgGJ65_w;22.1% (100/453)
Ciężki wybór #polityka #śmieszne;Księciunio pan;2026-09-03;😂😂😂😂😂😂😂😂😂😅;@danielkovalczyk3893;0;0;NEUTRAL_SPAM;CAMP_A consists of critics mocking the politician's illogical statements and attacking the ruling coalition, while CAMP_B consists of defenders or neutral observers analyzing the linguistic paradoxes.;0.1;Neutral;Laughter emojis.;;https://www.youtube.com/watch?v=1gbtgGJ65_w;22.1% (100/453)
Ciężki wybór #polityka #śmieszne;Księciunio pan;2026-09-03;?;@vapster2601;0;0;NEUTRAL_SPAM;CAMP_A consists of critics mocking the politician's illogical statements and attacking the ruling coalition, while CAMP_B consists of defenders or neutral observers analyzing the linguistic paradoxes.;0.1;Neutral;Question mark indicating confusion.;;https://www.youtube.com/watch?v=1gbtgGJ65_w;22.1% (100/453)
Ciężki wybór #polityka #śmieszne;Księciunio pan;2026-09-03;Co to KURWA jest?;@jarekostrowski2602;0;0;CAMP_A;CAMP_A consists of critics mocking the politician's illogical statements and attacking the ruling coalition, while CAMP_B consists of defenders or neutral observers analyzing the linguistic paradoxes.;0.8;Anger;Crude expression of utter bewilderment and anger.;;https://www.youtube.com/watch?v=1gbtgGJ65_w;22.1% (100/453)
Ciężki wybór #polityka #śmieszne;Księciunio pan;2026-09-03;Nastepna odklejona, wstyd;@lukaszprusicki494;0;0;CAMP_A;CAMP_A consists of critics mocking the politician's illogical statements and attacking the ruling coalition, while CAMP_B consists of defenders or neutral observers analyzing the linguistic paradoxes.;0.6;Disappointment;Another disconnected politician causing public embarrassment.;;https://www.youtube.com/watch?v=1gbtgGJ65_w;22.1% (100/453)
Ciężki wybór #polityka #śmieszne;Księciunio pan;2026-09-03;Masakra;@BożenaS-f8m;0;0;CAMP_A;CAMP_A consists of critics mocking the politician's illogical statements and attacking the ruling coalition, while CAMP_B consists of defenders or neutral observers analyzing the linguistic paradoxes.;0.5;Frustration;Calling the performance an absolute massacre of logic.;;https://www.youtube.com/watch?v=1gbtgGJ65_w;22.1% (100/453)
Ciężki wybór #polityka #śmieszne;Księciunio pan;2026-09-03;To jak ma być dobrze. Dno.;@TomaszStanley;0;0;CAMP_A;CAMP_A consists of critics mocking the politician's illogical statements and attacking the ruling coalition, while CAMP_B consists of defenders or neutral observers analyzing the linguistic paradoxes.;0.6;Disappointment;Expressing despair that things can ever improve with such leadership.;;https://www.youtube.com/watch?v=1gbtgGJ65_w;22.1% (100/453)
Ciężki wybór #polityka #śmieszne;Księciunio pan;2026-09-03;Jaki wybór?? 😂;@grzegorzwnuk7114;0;0;CAMP_A;CAMP_A consists of critics mocking the politician's illogical statements and attacking the ruling coalition, while CAMP_B consists of defenders or neutral observers analyzing the linguistic paradoxes.;0.4;Sarcasm;Mockingly asking what choice is even being discussed.;Jaki wybór?;https://www.youtube.com/watch?v=1gbtgGJ65_w;22.1% (100/453)
Ciężki wybór #polityka #śmieszne;Księciunio pan;2026-09-03;"Powiedziała co wiedziała masło maślane.Cytuję ,,Już nigdy żaden rodzic nie będzie musiał dokonywać wyboru pomiędzy życiem  rodzinnym a życiem zawodowym.Już zawsze będzie miał wybór""Kogo to dotyczy? Bezdzietnych?";@JadwigaWawa;0;0;CAMP_A;CAMP_A consists of critics mocking the politician's illogical statements and attacking the ruling coalition, while CAMP_B consists of defenders or neutral observers analyzing the linguistic paradoxes.;0.5;Frustration;Quoting the absurd statement to highlight its irrelevance to real life.;Kogo to dotyczy? Bezdzietnych?;https://www.youtube.com/watch?v=1gbtgGJ65_w;22.1% (100/453)
Ciężki wybór #polityka #śmieszne;Księciunio pan;2026-09-03;Blondynka przy niej to geniusz;@peterrusin2820;0;0;CAMP_A;CAMP_A consists of critics mocking the politician's illogical statements and attacking the ruling coalition, while CAMP_B consists of defenders or neutral observers analyzing the linguistic paradoxes.;0.4;Sarcasm;Even stereotypical blonde jokes have more genius than this statement.;;https://www.youtube.com/watch?v=1gbtgGJ65_w;22.1% (100/453)
Ciężki wybór #polityka #śmieszne;Księciunio pan;2026-09-03;Ileż to qoorwa szkòł tsza skończyć żeby wpaść na tak geniejne  rozwiązanie;@peterrusin2820;0;0;CAMP_A;CAMP_A consists of critics mocking the politician's illogical statements and attacking the ruling coalition, while CAMP_B consists of defenders or neutral observers analyzing the linguistic paradoxes.;0.7;Anger;Sardonically asking how many schools one must finish to produce such garbage.;;https://www.youtube.com/watch?v=1gbtgGJ65_w;22.1% (100/453)
Ciężki wybór #polityka #śmieszne;Księciunio pan;2026-09-03;Jak z filmu „głupi, głupszy”.;@DariuszGrabarczyk-d4o;0;0;CAMP_A;CAMP_A consists of critics mocking the politician's illogical statements and attacking the ruling coalition, while CAMP_B consists of defenders or neutral observers analyzing the linguistic paradoxes.;0.4;Sarcasm;Comparing the scene to a comedy movie about stupidity.;;https://www.youtube.com/watch?v=1gbtgGJ65_w;22.1% (100/453)
Ciężki wybór #polityka #śmieszne;Księciunio pan;2026-09-03;Pusty dzban😂😂;@jaroslawzdrojewski6296;0;0;CAMP_A;CAMP_A consists of critics mocking the politician's illogical statements and attacking the ruling coalition, while CAMP_B consists of defenders or neutral observers analyzing the linguistic paradoxes.;0.5;Frustration;Dismissing the speaker as an empty vessel.;;https://www.youtube.com/watch?v=1gbtgGJ65_w;22.1% (100/453)
Ciężki wybór #polityka #śmieszne;Księciunio pan;2026-09-03;Po 6 koronach dalej nie zrozumiałem co autor miał na myśli. Cytryna też nie pomogła;@altercresco3901;0;0;CAMP_A;CAMP_A consists of critics mocking the politician's illogical statements and attacking the ruling coalition, while CAMP_B consists of defenders or neutral observers analyzing the linguistic paradoxes.;0.5;Sarcasm;Even heavy drinking and citrus remedies couldn't help make sense of the statement.;;https://www.youtube.com/watch?v=1gbtgGJ65_w;22.1% (100/453)
Ciężki wybór #polityka #śmieszne;Księciunio pan;2026-09-03;Oczyma ta baba gada i takich gamoni Tusku w rządzie;@MirekMroz-x1c3k;0;0;CAMP_A;CAMP_A consists of critics mocking the politician's illogical statements and attacking the ruling coalition, while CAMP_B consists of defenders or neutral observers analyzing the linguistic paradoxes.;0.6;Frustration;Criticizing both the speaker's physical delivery and Tusk's choice of ministers.;;https://www.youtube.com/watch?v=1gbtgGJ65_w;22.1% (100/453)
Ciężki wybór #polityka #śmieszne;Księciunio pan;2026-09-03;"W bibli pisze :"" Jak głupi otwiera usta to mówi tylko że jest głupi"" , na szczęście jest lekarstwo :"" głupcy porzućcie głupotę a wybieracie rozsądek"" 😂";@skaa3200;0;0;CAMP_A;CAMP_A consists of critics mocking the politician's illogical statements and attacking the ruling coalition, while CAMP_B consists of defenders or neutral observers analyzing the linguistic paradoxes.;0.6;Frustration;Quoting scripture about fools opening their mouths.;;https://www.youtube.com/watch?v=1gbtgGJ65_w;22.1% (100/453)
Ciężki wybór #polityka #śmieszne;Księciunio pan;2026-09-03;Bełkot;@AdamLulewicz-yd4jf;0;0;CAMP_A;CAMP_A consists of critics mocking the politician's illogical statements and attacking the ruling coalition, while CAMP_B consists of defenders or neutral observers analyzing the linguistic paradoxes.;0.4;Frustration;Categorizing the speech strictly as babble.;;https://www.youtube.com/watch?v=1gbtgGJ65_w;22.1% (100/453)
Ciężki wybór #polityka #śmieszne;Księciunio pan;2026-09-03;Eeee,co;@b_mis3552;0;0;CAMP_A;CAMP_A consists of critics mocking the politician's illogical statements and attacking the ruling coalition, while CAMP_B consists of defenders or neutral observers analyzing the linguistic paradoxes.;0.3;Confusion;Expressing sheer bafflement.;;https://www.youtube.com/watch?v=1gbtgGJ65_w;22.1% (100/453)
Ciężki wybór #polityka #śmieszne;Księciunio pan;2026-09-03;KaOwa yntelygencja na pewno zachwycona. :))));@carllong7165;0;0;CAMP_A;CAMP_A consists of critics mocking the politician's illogical statements and attacking the ruling coalition, while CAMP_B consists of defenders or neutral observers analyzing the linguistic paradoxes.;0.5;Sarcasm;Sardonically mocking the intelligence of the ruling coalition's supporters.;;https://www.youtube.com/watch?v=1gbtgGJ65_w;22.1% (100/453)
#polityka #prawoisprawiedliwość  #tk #praworządność  #news #konstytucja #polityka  #sejm #nawrocki;ŁOM;2026-09-04;Jest Pan moją myślą i mową,  Uwielbiam Pana, Dobrze że Pan jest. ❤❤❤❤❤❤❤;@annaszpecinska3888;112;2;CAMP_A;CAMP_A consists of supporters of the current democratic government and critics of PiS, viewing President Nawrocki/PiS as criminals, hooligans, and violators of the constitution. CAMP_B consists of supporters of PiS and President Nawrocki who defend his actions and attack the current coalition.;0.8;Excitement;Expresses strong personal admiration and total agreement with the creator's political commentary.;;https://www.youtube.com/watch?v=nkpmalI5rp4;32.3% (100/310)
#polityka #prawoisprawiedliwość  #tk #praworządność  #news #konstytucja #polityka  #sejm #nawrocki;ŁOM;2026-09-04;Wstyd mi za takiego prezydenta 😢😢😢;@bogdanmoniak7631;92;9;CAMP_A;CAMP_A consists of supporters of the current democratic government and critics of PiS, viewing President Nawrocki/PiS as criminals, hooligans, and violators of the constitution. CAMP_B consists of supporters of PiS and President Nawrocki who defend his actions and attack the current coalition.;0.7;Disappointment;Expresses deep shame and embarrassment regarding the current president's actions.;;https://www.youtube.com/watch?v=nkpmalI5rp4;32.3% (100/310)
#polityka #prawoisprawiedliwość  #tk #praworządność  #news #konstytucja #polityka  #sejm #nawrocki;ŁOM;2026-09-04;Pozdrawiam serdecznie.;@krystynaxxx992;92;1;NEUTRAL_SPAM;CAMP_A consists of supporters of the current democratic government and critics of PiS, viewing President Nawrocki/PiS as criminals, hooligans, and violators of the constitution. CAMP_B consists of supporters of PiS and President Nawrocki who defend his actions and attack the current coalition.;0.1;Neutral;Sends a cordial greeting to the channel creator.;;https://www.youtube.com/watch?v=nkpmalI5rp4;32.3% (100/310)
#polityka #prawoisprawiedliwość  #tk #praworządność  #news #konstytucja #polityka  #sejm #nawrocki;ŁOM;2026-09-04;Jak zawsze w punkt. Pozdrawiam ❤;@Katarzyna-rz1or;87;1;CAMP_A;CAMP_A consists of supporters of the current democratic government and critics of PiS, viewing President Nawrocki/PiS as criminals, hooligans, and violators of the constitution. CAMP_B consists of supporters of PiS and President Nawrocki who defend his actions and attack the current coalition.;0.4;Excitement;Praises the creator for always hitting the mark with their arguments.;;https://www.youtube.com/watch?v=nkpmalI5rp4;32.3% (100/310)
#polityka #prawoisprawiedliwość  #tk #praworządność  #news #konstytucja #polityka  #sejm #nawrocki;ŁOM;2026-09-04;PIERWSZA , POZDRAWIAM  NORMALNEGO , PODAJĘ  👍;@barbaradzwierzynska7782;77;3;CAMP_A;CAMP_A consists of supporters of the current democratic government and critics of PiS, viewing President Nawrocki/PiS as criminals, hooligans, and violators of the constitution. CAMP_B consists of supporters of PiS and President Nawrocki who defend his actions and attack the current coalition.;0.5;Excitement;First to comment, expressing support for a normal discourse.;;https://www.youtube.com/watch?v=nkpmalI5rp4;32.3% (100/310)
#polityka #prawoisprawiedliwość  #tk #praworządność  #news #konstytucja #polityka  #sejm #nawrocki;ŁOM;2026-09-04;Brawo i pozdrawiam 😅😅😅;@andrzejkotara4139;70;1;CAMP_A;CAMP_A consists of supporters of the current democratic government and critics of PiS, viewing President Nawrocki/PiS as criminals, hooligans, and violators of the constitution. CAMP_B consists of supporters of PiS and President Nawrocki who defend his actions and attack the current coalition.;0.3;Excitement;Sends brief applause and greetings.;;https://www.youtube.com/watch?v=nkpmalI5rp4;32.3% (100/310)
#polityka #prawoisprawiedliwość  #tk #praworządność  #news #konstytucja #polityka  #sejm #nawrocki;ŁOM;2026-09-04;Bardzo Panu dziękuję, może matołki zrozumieją że kibol to przestępca.;@Jacek-q9e;69;1;CAMP_A;CAMP_A consists of supporters of the current democratic government and critics of PiS, viewing President Nawrocki/PiS as criminals, hooligans, and violators of the constitution. CAMP_B consists of supporters of PiS and President Nawrocki who defend his actions and attack the current coalition.;0.6;Frustration;Expresses hope that political opponents will finally understand that football hooligans are criminals.;;https://www.youtube.com/watch?v=nkpmalI5rp4;32.3% (100/310)
#polityka #prawoisprawiedliwość  #tk #praworządność  #news #konstytucja #polityka  #sejm #nawrocki;ŁOM;2026-09-04;"Brawo,podziwiam Pana za wnikliwiść👏i argumentację,za to że Panu ""jeszcze się chce""😊,słucham Pana z prawdziwą przyjemnością, pozdrawiam";@JolantaPustkowska;61;3;CAMP_A;CAMP_A consists of supporters of the current democratic government and critics of PiS, viewing President Nawrocki/PiS as criminals, hooligans, and violators of the constitution. CAMP_B consists of supporters of PiS and President Nawrocki who defend his actions and attack the current coalition.;0.4;Excitement;Praises the creator's thorough argumentation and dedication to political commentary.;;https://www.youtube.com/watch?v=nkpmalI5rp4;32.3% (100/310)
#polityka #prawoisprawiedliwość  #tk #praworządność  #news #konstytucja #polityka  #sejm #nawrocki;ŁOM;2026-09-04;Dzięki :);@ij7037;61;1;NEUTRAL_SPAM;CAMP_A consists of supporters of the current democratic government and critics of PiS, viewing President Nawrocki/PiS as criminals, hooligans, and violators of the constitution. CAMP_B consists of supporters of PiS and President Nawrocki who defend his actions and attack the current coalition.;0.1;Neutral;Expresses simple gratitude.;;https://www.youtube.com/watch?v=nkpmalI5rp4;32.3% (100/310)
#polityka #prawoisprawiedliwość  #tk #praworządność  #news #konstytucja #polityka  #sejm #nawrocki;ŁOM;2026-09-04;PiS do likwidacji!;@grzegorzczarnecki4686;45;2;CAMP_A;CAMP_A consists of supporters of the current democratic government and critics of PiS, viewing President Nawrocki/PiS as criminals, hooligans, and violators of the constitution. CAMP_B consists of supporters of PiS and President Nawrocki who defend his actions and attack the current coalition.;0.7;Anger;Demands the total liquidation of the PiS party.;;https://www.youtube.com/watch?v=nkpmalI5rp4;32.3% (100/310)
#polityka #prawoisprawiedliwość  #tk #praworządność  #news #konstytucja #polityka  #sejm #nawrocki;ŁOM;2026-09-04;Podobnie jak prezydent Duda, Nawrocki też łamie konstytucję.;@krystynaślęzak-n6l;41;1;CAMP_A;CAMP_A consists of supporters of the current democratic government and critics of PiS, viewing President Nawrocki/PiS as criminals, hooligans, and violators of the constitution. CAMP_B consists of supporters of PiS and President Nawrocki who defend his actions and attack the current coalition.;0.5;Frustration;Accuses President Nawrocki of breaking the constitution, similar to his predecessor Duda.;;https://www.youtube.com/watch?v=nkpmalI5rp4;32.3% (100/310)
#polityka #prawoisprawiedliwość  #tk #praworządność  #news #konstytucja #polityka  #sejm #nawrocki;ŁOM;2026-09-04;"Na początku, jesteśmy z Tobą. ""Prezydentowi"" każdy  Polonista wytłumaczy co oznaczają słówa  wobec  a w  obecności!!! Pozdrawiam. 👍👍👍🫶";@JarosławSzyszka-s2e;38;1;CAMP_A;CAMP_A consists of supporters of the current democratic government and critics of PiS, viewing President Nawrocki/PiS as criminals, hooligans, and violators of the constitution. CAMP_B consists of supporters of PiS and President Nawrocki who defend his actions and attack the current coalition.;0.6;Sarcasm;Sardonically suggests that even a basic Polish teacher needs to explain basic grammar and prepositions to the president.;;https://www.youtube.com/watch?v=nkpmalI5rp4;32.3% (100/310)
#polityka #prawoisprawiedliwość  #tk #praworządność  #news #konstytucja #polityka  #sejm #nawrocki;ŁOM;2026-09-04;Niech Pan trwa w tym co robi;@marcinbolbot8565;35;1;CAMP_A;CAMP_A consists of supporters of the current democratic government and critics of PiS, viewing President Nawrocki/PiS as criminals, hooligans, and violators of the constitution. CAMP_B consists of supporters of PiS and President Nawrocki who defend his actions and attack the current coalition.;0.3;Excitement;Encourages the creator to continue their political commentary work.;;https://www.youtube.com/watch?v=nkpmalI5rp4;32.3% (100/310)
#polityka #prawoisprawiedliwość  #tk #praworządność  #news #konstytucja #polityka  #sejm #nawrocki;ŁOM;2026-09-04;Tak trzymaj, pozdrawiam 🙋;@zojka-n7u;35;1;CAMP_A;CAMP_A consists of supporters of the current democratic government and critics of PiS, viewing President Nawrocki/PiS as criminals, hooligans, and violators of the constitution. CAMP_B consists of supporters of PiS and President Nawrocki who defend his actions and attack the current coalition.;0.2;Excitement;Encourages the creator to keep up the good work.;;https://www.youtube.com/watch?v=nkpmalI5rp4;32.3% (100/310)
#polityka #prawoisprawiedliwość  #tk #praworządność  #news #konstytucja #polityka  #sejm #nawrocki;ŁOM;2026-09-04;"Bardzo dobrze powiedziane❤ Może te barany, kierujący Nawrockim, który wykonuje tylko powierzone mu przez ""Guru"" rozkazy coś w końcu pojmą !!!!!!!";@nicpon99;31;1;CAMP_A;CAMP_A consists of supporters of the current democratic government and critics of PiS, viewing President Nawrocki/PiS as criminals, hooligans, and violators of the constitution. CAMP_B consists of supporters of PiS and President Nawrocki who defend his actions and attack the current coalition.;0.8;Anger;Insults the advisors controlling President Nawrocki as puppets obeying a 'Guru'.;;https://www.youtube.com/watch?v=nkpmalI5rp4;32.3% (100/310)
#polityka #prawoisprawiedliwość  #tk #praworządność  #news #konstytucja #polityka  #sejm #nawrocki;ŁOM;2026-09-04;Szkoda ze politycy nie sa tak prawdomowni jak Pan. Pozdrawiam serdecznie I zycze samych sukcesow I dalej trafnych spostrzezen.Dziekuje za prawde I nie wazne kto rzadzi. Pozdrawiam;@Daniel.S-b1u;30;2;CAMP_A;CAMP_A consists of supporters of the current democratic government and critics of PiS, viewing President Nawrocki/PiS as criminals, hooligans, and violators of the constitution. CAMP_B consists of supporters of PiS and President Nawrocki who defend his actions and attack the current coalition.;0.4;Excitement;Praises the creator for telling the truth regardless of who is in power.;;https://www.youtube.com/watch?v=nkpmalI5rp4;32.3% (100/310)
#polityka #prawoisprawiedliwość  #tk #praworządność  #news #konstytucja #polityka  #sejm #nawrocki;ŁOM;2026-09-04;Wszystko dobrze pan wyłożył.Pozdrawiam ❤❤❤;@grazynanowak235;29;1;CAMP_A;CAMP_A consists of supporters of the current democratic government and critics of PiS, viewing President Nawrocki/PiS as criminals, hooligans, and violators of the constitution. CAMP_B consists of supporters of PiS and President Nawrocki who defend his actions and attack the current coalition.;0.3;Excitement;Appreciates the clear explanation provided by the creator.;;https://www.youtube.com/watch?v=nkpmalI5rp4;32.3% (100/310)
#polityka #prawoisprawiedliwość  #tk #praworządność  #news #konstytucja #polityka  #sejm #nawrocki;ŁOM;2026-09-04;Brawo;@JacekBorowczyk;28;1;CAMP_A;CAMP_A consists of supporters of the current democratic government and critics of PiS, viewing President Nawrocki/PiS as criminals, hooligans, and violators of the constitution. CAMP_B consists of supporters of PiS and President Nawrocki who defend his actions and attack the current coalition.;0.2;Excitement;Briefly praises the creator.;;https://www.youtube.com/watch?v=nkpmalI5rp4;32.3% (100/310)
#polityka #prawoisprawiedliwość  #tk #praworządność  #news #konstytucja #polityka  #sejm #nawrocki;ŁOM;2026-09-04;Chociaż raz Piotrowicz się nie pomylił.;@cioteczkadżili;27;2;CAMP_A;CAMP_A consists of supporters of the current democratic government and critics of PiS, viewing President Nawrocki/PiS as criminals, hooligans, and violators of the constitution. CAMP_B consists of supporters of PiS and President Nawrocki who defend his actions and attack the current coalition.;0.5;Sarcasm;Makes a sarcastic jab implying even Stanisław Piotrowicz accidentally told the truth once.;;https://www.youtube.com/watch?v=nkpmalI5rp4;32.3% (100/310)
#polityka #prawoisprawiedliwość  #tk #praworządność  #news #konstytucja #polityka  #sejm #nawrocki;ŁOM;2026-09-04;Chłopie jesteś wielki  ,brawo  tylko tak dalej;@helenastokosa9460;25;2;CAMP_A;CAMP_A consists of supporters of the current democratic government and critics of PiS, viewing President Nawrocki/PiS as criminals, hooligans, and violators of the constitution. CAMP_B consists of supporters of PiS and President Nawrocki who defend his actions and attack the current coalition.;0.4;Excitement;Praises the creator enthusiastically for their commentary.;;https://www.youtube.com/watch?v=nkpmalI5rp4;32.3% (100/310)
#polityka #prawoisprawiedliwość  #tk #praworządność  #news #konstytucja #polityka  #sejm #nawrocki;ŁOM;2026-09-04;Powinien ponieść konsoekwencje, zapłata sędziom których zniszczył swieczkowski, wstyd wstyd, karma wraca.;@Maria-my2ps;25;1;CAMP_A;CAMP_A consists of supporters of the current democratic government and critics of PiS, viewing President Nawrocki/PiS as criminals, hooligans, and violators of the constitution. CAMP_B consists of supporters of PiS and President Nawrocki who defend his actions and attack the current coalition.;0.7;Anger;Demands accountability and restitution for judges harmed by the previous judicial overhaul under Święczkowski.;;https://www.youtube.com/watch?v=nkpmalI5rp4;32.3% (100/310)
#polityka #prawoisprawiedliwość  #tk #praworządność  #news #konstytucja #polityka  #sejm #nawrocki;ŁOM;2026-09-04;Jak zwykle merytorycznie....👏👏👏👏👏👏👏👏👏👏;@MartaS-j8o;21;1;CAMP_A;CAMP_A consists of supporters of the current democratic government and critics of PiS, viewing President Nawrocki/PiS as criminals, hooligans, and violators of the constitution. CAMP_B consists of supporters of PiS and President Nawrocki who defend his actions and attack the current coalition.;0.3;Excitement;Commends the creator's usual substantive approach.;;https://www.youtube.com/watch?v=nkpmalI5rp4;32.3% (100/310)
#polityka #prawoisprawiedliwość  #tk #praworządność  #news #konstytucja #polityka  #sejm #nawrocki;ŁOM;2026-09-04;Pozdrawiam ,dobra robota.🙂;@krzysztofl7616;16;1;CAMP_A;CAMP_A consists of supporters of the current democratic government and critics of PiS, viewing President Nawrocki/PiS as criminals, hooligans, and violators of the constitution. CAMP_B consists of supporters of PiS and President Nawrocki who defend his actions and attack the current coalition.;0.2;Excitement;Sends positive feedback for a good job.;;https://www.youtube.com/watch?v=nkpmalI5rp4;32.3% (100/310)
#polityka #prawoisprawiedliwość  #tk #praworządność  #news #konstytucja #polityka  #sejm #nawrocki;ŁOM;2026-09-04;A jak się mówi na takiego co czyta i nie rozumie? albo nie czyta.Każdy począwszy od wójta do prezydenta konieczne badania na wariografie i badania psychotechniczne co najmniej maszynista na kolei.Pozdrawiam i popieram;@PawelCywil;16;1;CAMP_A;CAMP_A consists of supporters of the current democratic government and critics of PiS, viewing President Nawrocki/PiS as criminals, hooligans, and violators of the constitution. CAMP_B consists of supporters of PiS and President Nawrocki who defend his actions and attack the current coalition.;0.6;Frustration;Suggests mandatory polygraph and psychological tests for all politicians from village mayors to the president.;;https://www.youtube.com/watch?v=nkpmalI5rp4;32.3% (100/310)
#polityka #prawoisprawiedliwość  #tk #praworządność  #news #konstytucja #polityka  #sejm #nawrocki;ŁOM;2026-09-04;Batyr może i wie,co mówi Konstytucja.Ważne,że ciemny lud nie wie i kupi to,co powie on,lub jemu podobni politgangsterzy.;@dareks.8861;15;1;CAMP_A;CAMP_A consists of supporters of the current democratic government and critics of PiS, viewing President Nawrocki/PiS as criminals, hooligans, and violators of the constitution. CAMP_B consists of supporters of PiS and President Nawrocki who defend his actions and attack the current coalition.;0.7;Anger;Claims political gangsters manipulate the public because ordinary citizens do not understand the Constitution.;;https://www.youtube.com/watch?v=nkpmalI5rp4;32.3% (100/310)
#polityka #prawoisprawiedliwość  #tk #praworządność  #news #konstytucja #polityka  #sejm #nawrocki;ŁOM;2026-09-04;Niech ją przeczyta bez używek;@piotrkabzinski2245;14;1;CAMP_A;CAMP_A consists of supporters of the current democratic government and critics of PiS, viewing President Nawrocki/PiS as criminals, hooligans, and violators of the constitution. CAMP_B consists of supporters of PiS and President Nawrocki who defend his actions and attack the current coalition.;0.5;Sarcasm;Mocks the president, implying he reads the constitution under the influence of substances.;;https://www.youtube.com/watch?v=nkpmalI5rp4;32.3% (100/310)
#polityka #prawoisprawiedliwość  #tk #praworządność  #news #konstytucja #polityka  #sejm #nawrocki;ŁOM;2026-09-04;Podziwiam Pana,za mądrość i wypowiedzi...takich ludzi nam demokratom potrzeba❤;@EwaKle-c8j;13;1;CAMP_A;CAMP_A consists of supporters of the current democratic government and critics of PiS, viewing President Nawrocki/PiS as criminals, hooligans, and violators of the constitution. CAMP_B consists of supporters of PiS and President Nawrocki who defend his actions and attack the current coalition.;0.4;Excitement;Praises the creator's wisdom as a beacon for democrats.;;https://www.youtube.com/watch?v=nkpmalI5rp4;32.3% (100/310)
#polityka #prawoisprawiedliwość  #tk #praworządność  #news #konstytucja #polityka  #sejm #nawrocki;ŁOM;2026-09-04;i tym się różni prawnik (A.Duda) od prostego kibola.Wie, co do niego należy .;@andrzejpiekarz;13;1;CAMP_A;CAMP_A consists of supporters of the current democratic government and critics of PiS, viewing President Nawrocki/PiS as criminals, hooligans, and violators of the constitution. CAMP_B consists of supporters of PiS and President Nawrocki who defend his actions and attack the current coalition.;0.6;Sarcasm;Contrasts a real lawyer like Duda with a simple football hooligan who fails basic duties.;;https://www.youtube.com/watch?v=nkpmalI5rp4;32.3% (100/310)
#polityka #prawoisprawiedliwość  #tk #praworządność  #news #konstytucja #polityka  #sejm #nawrocki;ŁOM;2026-09-04;👍👍👍💪💪;@krzysztofklejsa4761;13;1;CAMP_A;CAMP_A consists of supporters of the current democratic government and critics of PiS, viewing President Nawrocki/PiS as criminals, hooligans, and violators of the constitution. CAMP_B consists of supporters of PiS and President Nawrocki who defend his actions and attack the current coalition.;0.2;Excitement;Expresses strong approval with emojis.;;https://www.youtube.com/watch?v=nkpmalI5rp4;32.3% (100/310)
#polityka #prawoisprawiedliwość  #tk #praworządność  #news #konstytucja #polityka  #sejm #nawrocki;ŁOM;2026-09-04;Przecież to nie jest prezydentem tylko alfonsem;@andrzejkosmowski7744;13;1;CAMP_A;CAMP_A consists of supporters of the current democratic government and critics of PiS, viewing President Nawrocki/PiS as criminals, hooligans, and violators of the constitution. CAMP_B consists of supporters of PiS and President Nawrocki who defend his actions and attack the current coalition.;0.8;Anger;Derisively insults the president using vulgar terms.;;https://www.youtube.com/watch?v=nkpmalI5rp4;32.3% (100/310)
#polityka #prawoisprawiedliwość  #tk #praworządność  #news #konstytucja #polityka  #sejm #nawrocki;ŁOM;2026-09-04;Bo ten prezydent jest taki troszkę upośledzony;@Tadziu_Budowlaniec;12;1;CAMP_A;CAMP_A consists of supporters of the current democratic government and critics of PiS, viewing President Nawrocki/PiS as criminals, hooligans, and violators of the constitution. CAMP_B consists of supporters of PiS and President Nawrocki who defend his actions and attack the current coalition.;0.5;Frustration;Insults the president's cognitive abilities.;;https://www.youtube.com/watch?v=nkpmalI5rp4;32.3% (100/310)
#polityka #prawoisprawiedliwość  #tk #praworządność  #news #konstytucja #polityka  #sejm #nawrocki;ŁOM;2026-09-04;Pan Nawrocki ma specjalną wersję pisowej konstytucji i tego się trzyma !;@marekandrzejewski8315;12;1;CAMP_A;CAMP_A consists of supporters of the current democratic government and critics of PiS, viewing President Nawrocki/PiS as criminals, hooligans, and violators of the constitution. CAMP_B consists of supporters of PiS and President Nawrocki who defend his actions and attack the current coalition.;0.5;Sarcasm;Mocks President Nawrocki for supposedly adhering to a fictional 'PiS version' of the constitution.;;https://www.youtube.com/watch?v=nkpmalI5rp4;32.3% (100/310)
#polityka #prawoisprawiedliwość  #tk #praworządność  #news #konstytucja #polityka  #sejm #nawrocki;ŁOM;2026-09-04;Nie wymagaj żeby alfons potrafił czytać ze zrozumieniem pozdrawiam serdecznie;@adriannowak7684;12;1;CAMP_A;CAMP_A consists of supporters of the current democratic government and critics of PiS, viewing President Nawrocki/PiS as criminals, hooligans, and violators of the constitution. CAMP_B consists of supporters of PiS and President Nawrocki who defend his actions and attack the current coalition.;0.7;Anger;Insults the president's literacy and background.;;https://www.youtube.com/watch?v=nkpmalI5rp4;32.3% (100/310)
#polityka #prawoisprawiedliwość  #tk #praworządność  #news #konstytucja #polityka  #sejm #nawrocki;ŁOM;2026-09-04;Czas uruchomić impeachment;@sawekozinski5656;11;1;CAMP_A;CAMP_A consists of supporters of the current democratic government and critics of PiS, viewing President Nawrocki/PiS as criminals, hooligans, and violators of the constitution. CAMP_B consists of supporters of PiS and President Nawrocki who defend his actions and attack the current coalition.;0.6;Frustration;Calls for impeachment proceedings against the president.;;https://www.youtube.com/watch?v=nkpmalI5rp4;32.3% (100/310)
#polityka #prawoisprawiedliwość  #tk #praworządność  #news #konstytucja #polityka  #sejm #nawrocki;ŁOM;2026-09-04;Wszystko w punkt,mam nadzieję że doczekam chwili, kiedy ludzie przejrzą na oczy. Jedna z normalnych pozdrawia pana bardzo serdecznie .👍;@mniesterczuk2652;11;1;CAMP_A;CAMP_A consists of supporters of the current democratic government and critics of PiS, viewing President Nawrocki/PiS as criminals, hooligans, and violators of the constitution. CAMP_B consists of supporters of PiS and President Nawrocki who defend his actions and attack the current coalition.;0.4;Excitement;Expresses hope that the public will soon see the truth.;;https://www.youtube.com/watch?v=nkpmalI5rp4;32.3% (100/310)
#polityka #prawoisprawiedliwość  #tk #praworządność  #news #konstytucja #polityka  #sejm #nawrocki;ŁOM;2026-09-04;Raczej  nie umie czytac ze zrozumienuem. I to jest  problem dla Polski i Polaków;@janduda2421;11;1;CAMP_A;CAMP_A consists of supporters of the current democratic government and critics of PiS, viewing President Nawrocki/PiS as criminals, hooligans, and violators of the constitution. CAMP_B consists of supporters of PiS and President Nawrocki who defend his actions and attack the current coalition.;0.5;Frustration;Claims that the president's inability to read with comprehension poses a major problem for Poland.;;https://www.youtube.com/watch?v=nkpmalI5rp4;32.3% (100/310)
#polityka #prawoisprawiedliwość  #tk #praworządność  #news #konstytucja #polityka  #sejm #nawrocki;ŁOM;2026-09-04;Dziękuję pozdrawiam 😊😊😊😊;@sylwiakaczmarczyk4374;10;1;CAMP_A;CAMP_A consists of supporters of the current democratic government and critics of PiS, viewing President Nawrocki/PiS as criminals, hooligans, and violators of the constitution. CAMP_B consists of supporters of PiS and President Nawrocki who defend his actions and attack the current coalition.;0.1;Neutral;Expresses polite thanks.;;https://www.youtube.com/watch?v=nkpmalI5rp4;32.3% (100/310)
#polityka #prawoisprawiedliwość  #tk #praworządność  #news #konstytucja #polityka  #sejm #nawrocki;ŁOM;2026-09-04;On umnie czytać,ale gdzie są ustawki kiboli😂😂😂😂.Pozdrawiam normalna Tak trzymać 👍🫡;@WiolaPery-i4s;10;1;CAMP_A;CAMP_A consists of supporters of the current democratic government and critics of PiS, viewing President Nawrocki/PiS as criminals, hooligans, and violators of the constitution. CAMP_B consists of supporters of PiS and President Nawrocki who defend his actions and attack the current coalition.;0.6;Sarcasm;Mocks the president's association with football hooligan fights.;;https://www.youtube.com/watch?v=nkpmalI5rp4;32.3% (100/310)
#polityka #prawoisprawiedliwość  #tk #praworządność  #news #konstytucja #polityka  #sejm #nawrocki;ŁOM;2026-09-04;Pan Nawrocki  nie umie czytać  bynajmniej konstytucję;@annastolarz2186;10;1;CAMP_A;CAMP_A consists of supporters of the current democratic government and critics of PiS, viewing President Nawrocki/PiS as criminals, hooligans, and violators of the constitution. CAMP_B consists of supporters of PiS and President Nawrocki who defend his actions and attack the current coalition.;0.5;Frustration;Asserts that President Nawrocki is incapable of reading the constitution.;;https://www.youtube.com/watch?v=nkpmalI5rp4;32.3% (100/310)
#polityka #prawoisprawiedliwość  #tk #praworządność  #news #konstytucja #polityka  #sejm #nawrocki;ŁOM;2026-09-04;Batyr to kanalia pisowska;@krzysztofwiewiora2107;10;1;CAMP_A;CAMP_A consists of supporters of the current democratic government and critics of PiS, viewing President Nawrocki/PiS as criminals, hooligans, and violators of the constitution. CAMP_B consists of supporters of PiS and President Nawrocki who defend his actions and attack the current coalition.;0.7;Anger;Aggressively labels the president a PiS scoundrel.;;https://www.youtube.com/watch?v=nkpmalI5rp4;32.3% (100/310)
#polityka #prawoisprawiedliwość  #tk #praworządność  #news #konstytucja #polityka  #sejm #nawrocki;ŁOM;2026-09-04;Jak? Pisowcy nie umieją czytać!😂😂😂;@MariuszRzewnicki-i5l;10;1;CAMP_A;CAMP_A consists of supporters of the current democratic government and critics of PiS, viewing President Nawrocki/PiS as criminals, hooligans, and violators of the constitution. CAMP_B consists of supporters of PiS and President Nawrocki who defend his actions and attack the current coalition.;0.6;Sarcasm;Mocks PiS supporters for supposedly being unable to read.;;https://www.youtube.com/watch?v=nkpmalI5rp4;32.3% (100/310)
#polityka #prawoisprawiedliwość  #tk #praworządność  #news #konstytucja #polityka  #sejm #nawrocki;ŁOM;2026-09-04;Dobrze mówisz, popieram i pozdrawiam Pana.;@marcinbychawski6938;9;1;CAMP_A;CAMP_A consists of supporters of the current democratic government and critics of PiS, viewing President Nawrocki/PiS as criminals, hooligans, and violators of the constitution. CAMP_B consists of supporters of PiS and President Nawrocki who defend his actions and attack the current coalition.;0.3;Excitement;Expresses support and agreement with the creator.;;https://www.youtube.com/watch?v=nkpmalI5rp4;32.3% (100/310)
#polityka #prawoisprawiedliwość  #tk #praworządność  #news #konstytucja #polityka  #sejm #nawrocki;ŁOM;2026-09-04;Bardzo dziekue . O jak miło. Pozdrawiam💪💪💪💪;@ŁomzJZG;9;0;CAMP_A;CAMP_A consists of supporters of the current democratic government and critics of PiS, viewing President Nawrocki/PiS as criminals, hooligans, and violators of the constitution. CAMP_B consists of supporters of PiS and President Nawrocki who defend his actions and attack the current coalition.;0.4;Excitement;Responds warmly to the community interaction.;;https://www.youtube.com/watch?v=nkpmalI5rp4;32.3% (100/310)
#polityka #prawoisprawiedliwość  #tk #praworządność  #news #konstytucja #polityka  #sejm #nawrocki;ŁOM;2026-09-04;Pozdrawiam Normalnego;@Falconetti-f4u;8;1;CAMP_A;CAMP_A consists of supporters of the current democratic government and critics of PiS, viewing President Nawrocki/PiS as criminals, hooligans, and violators of the constitution. CAMP_B consists of supporters of PiS and President Nawrocki who defend his actions and attack the current coalition.;0.2;Excitement;Greets the creator as a voice of normalcy.;;https://www.youtube.com/watch?v=nkpmalI5rp4;32.3% (100/310)
#polityka #prawoisprawiedliwość  #tk #praworządność  #news #konstytucja #polityka  #sejm #nawrocki;ŁOM;2026-09-04;szkoda, że zacytowane przez Pana wypowiedzi nie są przytaczane głośno przy  każdym sprzeciwie kibola;@ElzaNovak-z5x1s;8;1;CAMP_A;CAMP_A consists of supporters of the current democratic government and critics of PiS, viewing President Nawrocki/PiS as criminals, hooligans, and violators of the constitution. CAMP_B consists of supporters of PiS and President Nawrocki who defend his actions and attack the current coalition.;0.5;Frustration;Regrets that the creator's quotes are not voiced loudly during every objection from the hooligan president.;;https://www.youtube.com/watch?v=nkpmalI5rp4;32.3% (100/310)
#polityka #prawoisprawiedliwość  #tk #praworządność  #news #konstytucja #polityka  #sejm #nawrocki;ŁOM;2026-09-04;Tak jest !!!❤❤❤❤❤❤❤;@ziomek9;8;1;CAMP_A;CAMP_A consists of supporters of the current democratic government and critics of PiS, viewing President Nawrocki/PiS as criminals, hooligans, and violators of the constitution. CAMP_B consists of supporters of PiS and President Nawrocki who defend his actions and attack the current coalition.;0.4;Excitement;Strongly endorses the preceding remarks.;;https://www.youtube.com/watch?v=nkpmalI5rp4;32.3% (100/310)
#polityka #prawoisprawiedliwość  #tk #praworządność  #news #konstytucja #polityka  #sejm #nawrocki;ŁOM;2026-09-04;Konstytucji nie da się przeczytać , nawet nie wyobrażasz sobie jak te małe literki skaczą i się wyginają po wciągnięciu działki  spróbuj to zrozumieć , pozdrawiam;@marianmichalski7651;8;1;CAMP_A;CAMP_A consists of supporters of the current democratic government and critics of PiS, viewing President Nawrocki/PiS as criminals, hooligans, and violators of the constitution. CAMP_B consists of supporters of PiS and President Nawrocki who defend his actions and attack the current coalition.;0.7;Sarcasm;Mocks the president by suggesting text distortion due to drug use.;;https://www.youtube.com/watch?v=nkpmalI5rp4;32.3% (100/310)
#polityka #prawoisprawiedliwość  #tk #praworządność  #news #konstytucja #polityka  #sejm #nawrocki;ŁOM;2026-09-04;👍👏👏👏;@Ewa-pg6tt;8;1;CAMP_A;CAMP_A consists of supporters of the current democratic government and critics of PiS, viewing President Nawrocki/PiS as criminals, hooligans, and violators of the constitution. CAMP_B consists of supporters of PiS and President Nawrocki who defend his actions and attack the current coalition.;0.2;Excitement;Expresses approval using emojis.;;https://www.youtube.com/watch?v=nkpmalI5rp4;32.3% (100/310)
#polityka #prawoisprawiedliwość  #tk #praworządność  #news #konstytucja #polityka  #sejm #nawrocki;ŁOM;2026-09-04;BRAWO!! ❤;@agatach.m.2262;7;1;CAMP_A;CAMP_A consists of supporters of the current democratic government and critics of PiS, viewing President Nawrocki/PiS as criminals, hooligans, and violators of the constitution. CAMP_B consists of supporters of PiS and President Nawrocki who defend his actions and attack the current coalition.;0.3;Excitement;Praises the video content.;;https://www.youtube.com/watch?v=nkpmalI5rp4;32.3% (100/310)
#polityka #prawoisprawiedliwość  #tk #praworządność  #news #konstytucja #polityka  #sejm #nawrocki;ŁOM;2026-09-04;On jest tak na snusowany ze nie wie o co chodzi;@Lukasz-kk2ds;7;1;CAMP_A;CAMP_A consists of supporters of the current democratic government and critics of PiS, viewing President Nawrocki/PiS as criminals, hooligans, and violators of the constitution. CAMP_B consists of supporters of PiS and President Nawrocki who defend his actions and attack the current coalition.;0.6;Sarcasm;Mocks the president's mental state by alleging substance abuse.;;https://www.youtube.com/watch?v=nkpmalI5rp4;32.3% (100/310)
#polityka #prawoisprawiedliwość  #tk #praworządność  #news #konstytucja #polityka  #sejm #nawrocki;ŁOM;2026-09-04;❤;@deaconfrost7226;7;1;CAMP_A;CAMP_A consists of supporters of the current democratic government and critics of PiS, viewing President Nawrocki/PiS as criminals, hooligans, and violators of the constitution. CAMP_B consists of supporters of PiS and President Nawrocki who defend his actions and attack the current coalition.;0.1;Neutral;Sends heart emojis.;;https://www.youtube.com/watch?v=nkpmalI5rp4;32.3% (100/310)
#polityka #prawoisprawiedliwość  #tk #praworządność  #news #konstytucja #polityka  #sejm #nawrocki;ŁOM;2026-09-04;❤❤❤❤❤❤❤❤👍👍👍👍👍👍👍👍💃;@JaninaLaskowska-w8b;6;1;CAMP_A;CAMP_A consists of supporters of the current democratic government and critics of PiS, viewing President Nawrocki/PiS as criminals, hooligans, and violators of the constitution. CAMP_B consists of supporters of PiS and President Nawrocki who defend his actions and attack the current coalition.;0.2;Excitement;Sends supportive emojis.;;https://www.youtube.com/watch?v=nkpmalI5rp4;32.3% (100/310)
#polityka #prawoisprawiedliwość  #tk #praworządność  #news #konstytucja #polityka  #sejm #nawrocki;ŁOM;2026-09-04;👍👍👍👍👍❤️❤️❤️;@gosia3097;6;1;CAMP_A;CAMP_A consists of supporters of the current democratic government and critics of PiS, viewing President Nawrocki/PiS as criminals, hooligans, and violators of the constitution. CAMP_B consists of supporters of PiS and President Nawrocki who defend his actions and attack the current coalition.;0.2;Excitement;Sends supportive emojis.;;https://www.youtube.com/watch?v=nkpmalI5rp4;32.3% (100/310)
#polityka #prawoisprawiedliwość  #tk #praworządność  #news #konstytucja #polityka  #sejm #nawrocki;ŁOM;2026-09-04;Nie można się wstydzić za kogoś . Pozdrawiam💪💪💪;@ŁomzJZG;6;0;CAMP_A;CAMP_A consists of supporters of the current democratic government and critics of PiS, viewing President Nawrocki/PiS as criminals, hooligans, and violators of the constitution. CAMP_B consists of supporters of PiS and President Nawrocki who defend his actions and attack the current coalition.;0.3;Excitement;Encourages resilience and optimism.;;https://www.youtube.com/watch?v=nkpmalI5rp4;32.3% (100/310)
#polityka #prawoisprawiedliwość  #tk #praworządność  #news #konstytucja #polityka  #sejm #nawrocki;ŁOM;2026-09-04;łamie, nie wykonuje rzetelnie swoich obowiązków, powinno się mu podziękować za taką służbę!;@janczyzak7118;5;1;CAMP_A;CAMP_A consists of supporters of the current democratic government and critics of PiS, viewing President Nawrocki/PiS as criminals, hooligans, and violators of the constitution. CAMP_B consists of supporters of PiS and President Nawrocki who defend his actions and attack the current coalition.;0.6;Anger;Argues that the president fails to perform his duties and should be dismissed.;;https://www.youtube.com/watch?v=nkpmalI5rp4;32.3% (100/310)
#polityka #prawoisprawiedliwość  #tk #praworządność  #news #konstytucja #polityka  #sejm #nawrocki;ŁOM;2026-09-04;"Powinien Pan mieć swoje ""5 minut"" w wiadomościach. 😅Krótko i na temat. Niestety naćpan robi co chce. Łamie prawo i Konstytuję, do której często i gęsto się odwołuje.  :(";@JoJo-r3c7q;5;0;CAMP_A;CAMP_A consists of supporters of the current democratic government and critics of PiS, viewing President Nawrocki/PiS as criminals, hooligans, and violators of the constitution. CAMP_B consists of supporters of PiS and President Nawrocki who defend his actions and attack the current coalition.;0.7;Anger;Accuses the president of breaking the constitution and acting under the influence.;;https://www.youtube.com/watch?v=nkpmalI5rp4;32.3% (100/310)
#polityka #prawoisprawiedliwość  #tk #praworządność  #news #konstytucja #polityka  #sejm #nawrocki;ŁOM;2026-09-04;Jestem za;@ŁomzJZG;5;0;CAMP_A;CAMP_A consists of supporters of the current democratic government and critics of PiS, viewing President Nawrocki/PiS as criminals, hooligans, and violators of the constitution. CAMP_B consists of supporters of PiS and President Nawrocki who defend his actions and attack the current coalition.;0.2;Excitement;Confirms agreement with liquidating PiS.;;https://www.youtube.com/watch?v=nkpmalI5rp4;32.3% (100/310)
#polityka #prawoisprawiedliwość  #tk #praworządność  #news #konstytucja #polityka  #sejm #nawrocki;ŁOM;2026-09-04;Wreszcie ktoś mówi to głośno i wyraźnie 👍;@adammd9744;4;1;CAMP_A;CAMP_A consists of supporters of the current democratic government and critics of PiS, viewing President Nawrocki/PiS as criminals, hooligans, and violators of the constitution. CAMP_B consists of supporters of PiS and President Nawrocki who defend his actions and attack the current coalition.;0.3;Excitement;Appreciates someone finally speaking out clearly.;;https://www.youtube.com/watch?v=nkpmalI5rp4;32.3% (100/310)
#polityka #prawoisprawiedliwość  #tk #praworządność  #news #konstytucja #polityka  #sejm #nawrocki;ŁOM;2026-09-04;FAKTY!  FAKTY!  FAKTY ‼️ - i WSZYSTKO JASNE !? 👍 ŁOM-em i młoten w pisowską ciemnotę !  Pozdrawiam i czekam na jeszcze więcej PRAWDY! 👍🫶;@jadwigabudka2465;4;1;CAMP_A;CAMP_A consists of supporters of the current democratic government and critics of PiS, viewing President Nawrocki/PiS as criminals, hooligans, and violators of the constitution. CAMP_B consists of supporters of PiS and President Nawrocki who defend his actions and attack the current coalition.;0.8;Anger;Calls for aggressive political opposition against PiS ignorance.;;https://www.youtube.com/watch?v=nkpmalI5rp4;32.3% (100/310)
#polityka #prawoisprawiedliwość  #tk #praworządność  #news #konstytucja #polityka  #sejm #nawrocki;ŁOM;2026-09-04;Znakomite...dziękuje Panu, brawo;@jolantabrodziak2706;4;1;CAMP_A;CAMP_A consists of supporters of the current democratic government and critics of PiS, viewing President Nawrocki/PiS as criminals, hooligans, and violators of the constitution. CAMP_B consists of supporters of PiS and President Nawrocki who defend his actions and attack the current coalition.;0.3;Excitement;Praises the video content.;;https://www.youtube.com/watch?v=nkpmalI5rp4;32.3% (100/310)
#polityka #prawoisprawiedliwość  #tk #praworządność  #news #konstytucja #polityka  #sejm #nawrocki;ŁOM;2026-09-04;Dokładniej się nie da. Brawo.;@bazylianowak1135;4;1;CAMP_A;CAMP_A consists of supporters of the current democratic government and critics of PiS, viewing President Nawrocki/PiS as criminals, hooligans, and violators of the constitution. CAMP_B consists of supporters of PiS and President Nawrocki who defend his actions and attack the current coalition.;0.3;Excitement;Commends the precision of the commentary.;;https://www.youtube.com/watch?v=nkpmalI5rp4;32.3% (100/310)
#polityka #prawoisprawiedliwość  #tk #praworządność  #news #konstytucja #polityka  #sejm #nawrocki;ŁOM;2026-09-04;SUPER Wypowiedź;@StanislawAnielak;4;1;CAMP_A;CAMP_A consists of supporters of the current democratic government and critics of PiS, viewing President Nawrocki/PiS as criminals, hooligans, and violators of the constitution. CAMP_B consists of supporters of PiS and President Nawrocki who defend his actions and attack the current coalition.;0.3;Excitement;Praises the statement as super.;;https://www.youtube.com/watch?v=nkpmalI5rp4;32.3% (100/310)
#polityka #prawoisprawiedliwość  #tk #praworządność  #news #konstytucja #polityka  #sejm #nawrocki;ŁOM;2026-09-04;No konstytucja dla Batyra jest niczym! Żenada;@blanka2171;4;1;CAMP_A;CAMP_A consists of supporters of the current democratic government and critics of PiS, viewing President Nawrocki/PiS as criminals, hooligans, and violators of the constitution. CAMP_B consists of supporters of PiS and President Nawrocki who defend his actions and attack the current coalition.;0.6;Frustration;Declares that the constitution means nothing to the president.;;https://www.youtube.com/watch?v=nkpmalI5rp4;32.3% (100/310)
#polityka #prawoisprawiedliwość  #tk #praworządność  #news #konstytucja #polityka  #sejm #nawrocki;ŁOM;2026-09-04;Ale ta kanalia , dnia nie jest prezydentem;@krzysztofbizon-cy4bp;4;1;CAMP_A;CAMP_A consists of supporters of the current democratic government and critics of PiS, viewing President Nawrocki/PiS as criminals, hooligans, and violators of the constitution. CAMP_B consists of supporters of PiS and President Nawrocki who defend his actions and attack the current coalition.;0.7;Anger;Denies legitimacy to the president.;;https://www.youtube.com/watch?v=nkpmalI5rp4;32.3% (100/310)
#polityka #prawoisprawiedliwość  #tk #praworządność  #news #konstytucja #polityka  #sejm #nawrocki;ŁOM;2026-09-04;Wstyd za takiego prezydenta 😢;@Artur-t1n;3;2;CAMP_A;CAMP_A consists of supporters of the current democratic government and critics of PiS, viewing President Nawrocki/PiS as criminals, hooligans, and violators of the constitution. CAMP_B consists of supporters of PiS and President Nawrocki who defend his actions and attack the current coalition.;0.6;Disappointment;Expresses sadness and shame over the presidency.;;https://www.youtube.com/watch?v=nkpmalI5rp4;32.3% (100/310)
#polityka #prawoisprawiedliwość  #tk #praworządność  #news #konstytucja #polityka  #sejm #nawrocki;ŁOM;2026-09-04;Bardzo dziękuję . Zawsze najważniejsze są argumenty a nie krzyk…. Pozdrawiam💪💪💪💪;@ŁomzJZG;4;0;CAMP_A;CAMP_A consists of supporters of the current democratic government and critics of PiS, viewing President Nawrocki/PiS as criminals, hooligans, and violators of the constitution. CAMP_B consists of supporters of PiS and President Nawrocki who defend his actions and attack the current coalition.;0.2;Excitement;Emphasizes the value of arguments over shouting.;;https://www.youtube.com/watch?v=nkpmalI5rp4;32.3% (100/310)
#polityka #prawoisprawiedliwość  #tk #praworządność  #news #konstytucja #polityka  #sejm #nawrocki;ŁOM;2026-09-04;Nie oni mają swój świat🤣🤣🤣pozdrawiam 💪;@ŁomzJZG;4;0;CAMP_A;CAMP_A consists of supporters of the current democratic government and critics of PiS, viewing President Nawrocki/PiS as criminals, hooligans, and violators of the constitution. CAMP_B consists of supporters of PiS and President Nawrocki who defend his actions and attack the current coalition.;0.3;Sarcasm;Jokes that political opponents live in their own alternate reality.;;https://www.youtube.com/watch?v=nkpmalI5rp4;32.3% (100/310)
#polityka #prawoisprawiedliwość  #tk #praworządność  #news #konstytucja #polityka  #sejm #nawrocki;ŁOM;2026-09-04;Dokładnie . 💪pozdrawiam💪;@ŁomzJZG;4;0;CAMP_A;CAMP_A consists of supporters of the current democratic government and critics of PiS, viewing President Nawrocki/PiS as criminals, hooligans, and violators of the constitution. CAMP_B consists of supporters of PiS and President Nawrocki who defend his actions and attack the current coalition.;0.2;Excitement;Affirms agreement with previous critical remarks.;;https://www.youtube.com/watch?v=nkpmalI5rp4;32.3% (100/310)
#polityka #prawoisprawiedliwość  #tk #praworządność  #news #konstytucja #polityka  #sejm #nawrocki;ŁOM;2026-09-04;🤝🤝🤝🤝bardzo dziękuje pozdrawiam💪💪💪;@ŁomzJZG;4;0;CAMP_A;CAMP_A consists of supporters of the current democratic government and critics of PiS, viewing President Nawrocki/PiS as criminals, hooligans, and violators of the constitution. CAMP_B consists of supporters of PiS and President Nawrocki who defend his actions and attack the current coalition.;0.2;Excitement;Expresses gratitude for the interaction.;;https://www.youtube.com/watch?v=nkpmalI5rp4;32.3% (100/310)
#polityka #prawoisprawiedliwość  #tk #praworządność  #news #konstytucja #polityka  #sejm #nawrocki;ŁOM;2026-09-04;Dokładnie sponiewierali TK . Pozdrawiam;@ŁomzJZG;4;0;CAMP_A;CAMP_A consists of supporters of the current democratic government and critics of PiS, viewing President Nawrocki/PiS as criminals, hooligans, and violators of the constitution. CAMP_B consists of supporters of PiS and President Nawrocki who defend his actions and attack the current coalition.;0.4;Frustration;Accuses the previous administration of trashing the Constitutional Tribunal.;;https://www.youtube.com/watch?v=nkpmalI5rp4;32.3% (100/310)
#polityka #prawoisprawiedliwość  #tk #praworządność  #news #konstytucja #polityka  #sejm #nawrocki;ŁOM;2026-09-04;Bardzo dziekue pozdrawiam serdecznie 💪💪💪💪;@ŁomzJZG;4;0;CAMP_A;CAMP_A consists of supporters of the current democratic government and critics of PiS, viewing President Nawrocki/PiS as criminals, hooligans, and violators of the constitution. CAMP_B consists of supporters of PiS and President Nawrocki who defend his actions and attack the current coalition.;0.2;Excitement;Sends cordial thanks.;;https://www.youtube.com/watch?v=nkpmalI5rp4;32.3% (100/310)
#polityka #prawoisprawiedliwość  #tk #praworządność  #news #konstytucja #polityka  #sejm #nawrocki;ŁOM;2026-09-04;Bardzo dziekue pozdrawiam serdecznie 💪💪💪💪;@ŁomzJZG;4;0;NEUTRAL_SPAM;CAMP_A consists of supporters of the current democratic government and critics of PiS, viewing President Nawrocki/PiS as criminals, hooligans, and violators of the constitution. CAMP_B consists of supporters of PiS and President Nawrocki who defend his actions and attack the current coalition.;0.1;Neutral;Sends cordial thanks.;;https://www.youtube.com/watch?v=nkpmalI5rp4;32.3% (100/310)
#polityka #prawoisprawiedliwość  #tk #praworządność  #news #konstytucja #polityka  #sejm #nawrocki;ŁOM;2026-09-04;Poto oszukali wybory prezydenckie .Jeszcze raz przeliczyć głosy .Panie ŁOM PROSZE CISNĄĆ TEN TEMAT.;@bogdansicinski9984;3;1;CAMP_A;CAMP_A consists of supporters of the current democratic government and critics of PiS, viewing President Nawrocki/PiS as criminals, hooligans, and violators of the constitution. CAMP_B consists of supporters of PiS and President Nawrocki who defend his actions and attack the current coalition.;0.7;Anger;Claims the presidential election was rigged and calls for a recount of votes.;;https://www.youtube.com/watch?v=nkpmalI5rp4;32.3% (100/310)
#polityka #prawoisprawiedliwość  #tk #praworządność  #news #konstytucja #polityka  #sejm #nawrocki;ŁOM;2026-09-04;Nawrocki to kibol, a nie prezydent, on się nie nadaje na takie stanowisko. Hańba dla naszego kraju.;@urszulakasiak3844;3;1;CAMP_A;CAMP_A consists of supporters of the current democratic government and critics of PiS, viewing President Nawrocki/PiS as criminals, hooligans, and violators of the constitution. CAMP_B consists of supporters of PiS and President Nawrocki who defend his actions and attack the current coalition.;0.7;Anger;Calls Nawrocki a hooligan unfit for office and a disgrace to the country.;;https://www.youtube.com/watch?v=nkpmalI5rp4;32.3% (100/310)
#polityka #prawoisprawiedliwość  #tk #praworządność  #news #konstytucja #polityka  #sejm #nawrocki;ŁOM;2026-09-04;No genialna kompilacja na temat dziadostwa, które uzurpator wyprawia w kwestii sedziow TK 👏💪;@GruszkaK;2;2;CAMP_A;CAMP_A consists of supporters of the current democratic government and critics of PiS, viewing President Nawrocki/PiS as criminals, hooligans, and violators of the constitution. CAMP_B consists of supporters of PiS and President Nawrocki who defend his actions and attack the current coalition.;0.6;Frustration;Praises the video exposing the mess the usurper makes regarding Constitutional Tribunal judges.;;https://www.youtube.com/watch?v=nkpmalI5rp4;32.3% (100/310)
#polityka #prawoisprawiedliwość  #tk #praworządność  #news #konstytucja #polityka  #sejm #nawrocki;ŁOM;2026-09-04;Jaki pan jaki pan on tylko ładnie ubrany Alfons 😂😂😂;@andrzejosiewicz5946;2;2;CAMP_A;CAMP_A consists of supporters of the current democratic government and critics of PiS, viewing President Nawrocki/PiS as criminals, hooligans, and violators of the constitution. CAMP_B consists of supporters of PiS and President Nawrocki who defend his actions and attack the current coalition.;0.6;Sarcasm;Mocks the president as a well-dressed gigolo.;;https://www.youtube.com/watch?v=nkpmalI5rp4;32.3% (100/310)
#polityka #prawoisprawiedliwość  #tk #praworządność  #news #konstytucja #polityka  #sejm #nawrocki;ŁOM;2026-09-04;Obowiązkiem jest a gdzie termin w jakim te ślubowanie powinno być przyjęte? Ktoś kto łamie konstytucję nie może zostać sędzią tęgo trybunału. Łysa parówo konstytucji to najważniejszy akt prawny Polski i jeżeli przyszły sędzia tego organu powołuje się na wyroki sądów niemających umocowania prawego w Polsce nie ma prawa być sędzia tego organu. Łysa parówo dla ciebie pan Prezydent a on jest strażnikiem konstytucji.;@danieljanuszewski208;0;4;CAMP_B;CAMP_A consists of supporters of the current democratic government and critics of PiS, viewing President Nawrocki/PiS as criminals, hooligans, and violators of the constitution. CAMP_B consists of supporters of PiS and President Nawrocki who defend his actions and attack the current coalition.;0.8;Anger;Defends the president as the guardian of the constitution while attacking critics with insults.;Where is the specific deadline for taking the oath specified?;https://www.youtube.com/watch?v=nkpmalI5rp4;32.3% (100/310)
#polityka #prawoisprawiedliwość  #tk #praworządność  #news #konstytucja #polityka  #sejm #nawrocki;ŁOM;2026-09-04;Dokładnie💪;@ŁomzJZG;3;0;CAMP_A;CAMP_A consists of supporters of the current democratic government and critics of PiS, viewing President Nawrocki/PiS as criminals, hooligans, and violators of the constitution. CAMP_B consists of supporters of PiS and President Nawrocki who defend his actions and attack the current coalition.;0.3;Excitement;Strongly agrees that the president is breaking the law.;;https://www.youtube.com/watch?v=nkpmalI5rp4;32.3% (100/310)
#polityka #prawoisprawiedliwość  #tk #praworządność  #news #konstytucja #polityka  #sejm #nawrocki;ŁOM;2026-09-04;Bardzo dziękuję za uznanie 💪pozdrawiam serdecznie 💪;@ŁomzJZG;3;0;CAMP_A;CAMP_A consists of supporters of the current democratic government and critics of PiS, viewing President Nawrocki/PiS as criminals, hooligans, and violators of the constitution. CAMP_B consists of supporters of PiS and President Nawrocki who defend his actions and attack the current coalition.;0.2;Excitement;Expresses gratitude for the recognition.;;https://www.youtube.com/watch?v=nkpmalI5rp4;32.3% (100/310)
#polityka #prawoisprawiedliwość  #tk #praworządność  #news #konstytucja #polityka  #sejm #nawrocki;ŁOM;2026-09-04;Bardzo dziękuję za uznanie . Lubię stawiać argumenty 💪które są nie podważalne . Pozdrswiam💪💪💪💪;@ŁomzJZG;3;0;CAMP_A;CAMP_A consists of supporters of the current democratic government and critics of PiS, viewing President Nawrocki/PiS as criminals, hooligans, and violators of the constitution. CAMP_B consists of supporters of PiS and President Nawrocki who defend his actions and attack the current coalition.;0.2;Excitement;Reiterates commitment to solid, undeniable arguments.;;https://www.youtube.com/watch?v=nkpmalI5rp4;32.3% (100/310)
#polityka #prawoisprawiedliwość  #tk #praworządność  #news #konstytucja #polityka  #sejm #nawrocki;ŁOM;2026-09-04;👍👍👍💪💪💪✌️✌️✌️🍀❤️🍀❤️🍀❤️🍀❤️;@MariaKończak-f2c;3;0;CAMP_A;CAMP_A consists of supporters of the current democratic government and critics of PiS, viewing President Nawrocki/PiS as criminals, hooligans, and violators of the constitution. CAMP_B consists of supporters of PiS and President Nawrocki who defend his actions and attack the current coalition.;0.2;Excitement;Sends supportive emojis and clover symbols.;;https://www.youtube.com/watch?v=nkpmalI5rp4;32.3% (100/310)
#polityka #prawoisprawiedliwość  #tk #praworządność  #news #konstytucja #polityka  #sejm #nawrocki;ŁOM;2026-09-04;Wtedy to układało pod Pawłowicz itp pozdrswiam;@ŁomzJZG;3;0;CAMP_A;CAMP_A consists of supporters of the current democratic government and critics of PiS, viewing President Nawrocki/PiS as criminals, hooligans, and violators of the constitution. CAMP_B consists of supporters of PiS and President Nawrocki who defend his actions and attack the current coalition.;0.3;Neutral;Recalls historical political contexts involving Pawłowicz.;;https://www.youtube.com/watch?v=nkpmalI5rp4;32.3% (100/310)
#polityka #prawoisprawiedliwość  #tk #praworządność  #news #konstytucja #polityka  #sejm #nawrocki;ŁOM;2026-09-04;@ŁomzJZG Pamiętam. dlatego właśnie Piotrowicz powiedział prawdę.;@cioteczkadżili;3;0;CAMP_A;CAMP_A consists of supporters of the current democratic government and critics of PiS, viewing President Nawrocki/PiS as criminals, hooligans, and violators of the constitution. CAMP_B consists of supporters of PiS and President Nawrocki who defend his actions and attack the current coalition.;0.3;Neutral;Reflects on past events and confirms a point made.;;https://www.youtube.com/watch?v=nkpmalI5rp4;32.3% (100/310)
#polityka #prawoisprawiedliwość  #tk #praworządność  #news #konstytucja #polityka  #sejm #nawrocki;ŁOM;2026-09-04;Dobra robote trzeba chwalic bo wszyscy dzisiaj widza tylko potkniecia innych. Ale dzisiaj mozesz zrobic 100 rzeczy dobrze a jedna zle to ludzie tygodniami beda mowiv o tej jednej;@Daniel.S-b1u;3;0;CAMP_A;CAMP_A consists of supporters of the current democratic government and critics of PiS, viewing President Nawrocki/PiS as criminals, hooligans, and violators of the constitution. CAMP_B consists of supporters of PiS and President Nawrocki who defend his actions and attack the current coalition.;0.4;Frustration;Laments that people focus on a single mistake rather than acknowledging good work.;;https://www.youtube.com/watch?v=nkpmalI5rp4;32.3% (100/310)
#polityka #prawoisprawiedliwość  #tk #praworządność  #news #konstytucja #polityka  #sejm #nawrocki;ŁOM;2026-09-04;Cały ten zakłamany obóz powinien siedzieć;@Janek-s3h;3;0;CAMP_A;CAMP_A consists of supporters of the current democratic government and critics of PiS, viewing President Nawrocki/PiS as criminals, hooligans, and violators of the constitution. CAMP_B consists of supporters of PiS and President Nawrocki who defend his actions and attack the current coalition.;0.7;Anger;Demands imprisonment for members of the corrupt political camp.;;https://www.youtube.com/watch?v=nkpmalI5rp4;32.3% (100/310)
#polityka #prawoisprawiedliwość  #tk #praworządność  #news #konstytucja #polityka  #sejm #nawrocki;ŁOM;2026-09-04;To chory człowiek on juz nie kontaktuje a co dopiero czytac  ma konstytucje😅 Pozdrawiam wszystkich serdecznie;@Teres-c8u;2;1;CAMP_A;CAMP_A consists of supporters of the current democratic government and critics of PiS, viewing President Nawrocki/PiS as criminals, hooligans, and violators of the constitution. CAMP_B consists of supporters of PiS and President Nawrocki who defend his actions and attack the current coalition.;0.6;Sarcasm;Mocks the president's mental awareness regarding reading the constitution.;;https://www.youtube.com/watch?v=nkpmalI5rp4;32.3% (100/310)
#polityka #prawoisprawiedliwość  #tk #praworządność  #news #konstytucja #polityka  #sejm #nawrocki;ŁOM;2026-09-04;Bardzo dobrą robotę Pan wykonuje.;@katarzynawisniewska7951;2;1;CAMP_A;CAMP_A consists of supporters of the current democratic government and critics of PiS, viewing President Nawrocki/PiS as criminals, hooligans, and violators of the constitution. CAMP_B consists of supporters of PiS and President Nawrocki who defend his actions and attack the current coalition.;0.2;Excitement;Praises the creator for doing a very good job.;;https://www.youtube.com/watch?v=nkpmalI5rp4;32.3% (100/310)
#polityka #prawoisprawiedliwość  #tk #praworządność  #news #konstytucja #polityka  #sejm #nawrocki;ŁOM;2026-09-04;Zgadzam się z Panem.nasz prezydent to prostak i prymityw udający Trampa!!!;@MarianPopczyk-q2c;2;1;CAMP_A;CAMP_A consists of supporters of the current democratic government and critics of PiS, viewing President Nawrocki/PiS as criminals, hooligans, and violators of the constitution. CAMP_B consists of supporters of PiS and President Nawrocki who defend his actions and attack the current coalition.;0.6;Anger;Criticizes the president as a primitive impersonator of Trump.;;https://www.youtube.com/watch?v=nkpmalI5rp4;32.3% (100/310)
#polityka #prawoisprawiedliwość  #tk #praworządność  #news #konstytucja #polityka  #sejm #nawrocki;ŁOM;2026-09-04;Naśladuje Trumpa chce być prawem i je tworzyć ćpun i hipokryta który nie ma pojęcia  jakie obowiązki należą do prezydenta;@bh8731;2;1;CAMP_A;CAMP_A consists of supporters of the current democratic government and critics of PiS, viewing President Nawrocki/PiS as criminals, hooligans, and violators of the constitution. CAMP_B consists of supporters of PiS and President Nawrocki who defend his actions and attack the current coalition.;0.7;Anger;Accuses the president of hypocrisy and ignorance regarding his legal duties.;;https://www.youtube.com/watch?v=nkpmalI5rp4;32.3% (100/310)
#polityka #prawoisprawiedliwość  #tk #praworządność  #news #konstytucja #polityka  #sejm #nawrocki;ŁOM;2026-09-04;No i sprawa prosta! Niech Batyr przeczyta konstytucję! Ale zaden z jego 500 doradcow mu tego nie powiedzial!  Dziękuję za jak zawsze super komentarz 👏👏👏👏👏👏👏👏👏;@MałgorzataNanowska;2;1;CAMP_A;CAMP_A consists of supporters of the current democratic government and critics of PiS, viewing President Nawrocki/PiS as criminals, hooligans, and violators of the constitution. CAMP_B consists of supporters of PiS and President Nawrocki who defend his actions and attack the current coalition.;0.5;Excitement;Sardonically suggests none of the president's 500 advisors told him to read the constitution.;;https://www.youtube.com/watch?v=nkpmalI5rp4;32.3% (100/310)
#polityka #prawoisprawiedliwość  #tk #praworządność  #news #konstytucja #polityka  #sejm #nawrocki;ŁOM;2026-09-04;...kraj z kartonu to jaki prezydent⁉️...;@Krzys-up9gb;2;1;CAMP_A;CAMP_A consists of supporters of the current democratic government and critics of PiS, viewing President Nawrocki/PiS as criminals, hooligans, and violators of the constitution. CAMP_B consists of supporters of PiS and President Nawrocki who defend his actions and attack the current coalition.;0.6;Disappointment;Laments the state of the country given the current presidency.;;https://www.youtube.com/watch?v=nkpmalI5rp4;32.3% (100/310)
#polityka #prawoisprawiedliwość  #tk #praworządność  #news #konstytucja #polityka  #sejm #nawrocki;ŁOM;2026-09-04;batyr to tylko batyr;@jacekrentchen7616;2;1;CAMP_A;CAMP_A consists of supporters of the current democratic government and critics of PiS, viewing President Nawrocki/PiS as criminals, hooligans, and violators of the constitution. CAMP_B consists of supporters of PiS and President Nawrocki who defend his actions and attack the current coalition.;0.4;Sarcasm;Dismisses the president contemptuously using a nickname.;;https://www.youtube.com/watch?v=nkpmalI5rp4;32.3% (100/310)
#polityka #prawoisprawiedliwość  #tk #praworządność  #news #konstytucja #polityka  #sejm #nawrocki;ŁOM;2026-09-04;Nawrocki to przestepca;@LidiaZagorska;2;1;CAMP_A;CAMP_A consists of supporters of the current democratic government and critics of PiS, viewing President Nawrocki/PiS as criminals, hooligans, and violators of the constitution. CAMP_B consists of supporters of PiS and President Nawrocki who defend his actions and attack the current coalition.;0.7;Anger;Labels President Nawrocki a criminal.;;https://www.youtube.com/watch?v=nkpmalI5rp4;32.3% (100/310)
#polityka #prawoisprawiedliwość  #tk #praworządność  #news #konstytucja #polityka  #sejm #nawrocki;ŁOM;2026-09-04;Pozdrawiam pana! To jest rezydent który oszukał wybory!;@beatastorozuk9598;2;1;CAMP_A;CAMP_A consists of supporters of the current democratic government and critics of PiS, viewing President Nawrocki/PiS as criminals, hooligans, and violators of the constitution. CAMP_B consists of supporters of PiS and President Nawrocki who defend his actions and attack the current coalition.;0.6;Anger;Claims the resident in the palace stole the election.;;https://www.youtube.com/watch?v=nkpmalI5rp4;32.3% (100/310)
#polityka #prawoisprawiedliwość  #tk #praworządność  #news #konstytucja #polityka  #sejm #nawrocki;ŁOM;2026-09-04;Po co w ogole mamy prezydenta i to takiego zeby wydawac nasze pieniadze i silowac sie w palacu bo do niczego innego sie nienadaje;@DorotaSchonleitner;2;1;CAMP_A;CAMP_A consists of supporters of the current democratic government and critics of PiS, viewing President Nawrocki/PiS as criminals, hooligans, and violators of the constitution. CAMP_B consists of supporters of PiS and President Nawrocki who defend his actions and attack the current coalition.;0.6;Frustration;Questions the utility of having a president who only wastes money and fights in the palace.;;https://www.youtube.com/watch?v=nkpmalI5rp4;32.3% (100/310)
#polityka #prawoisprawiedliwość  #tk #praworządność  #news #konstytucja #polityka  #sejm #nawrocki;ŁOM;2026-09-04;Dzialania nawrockiego wskazuja na to ze jemu sie wydaje ze jest wszechmocny,sam jest nielegalnych i probuje obsadzac nielegalnymi najwyzsze urzedy w kraju;@krzys34760934;2;1;CAMP_A;CAMP_A consists of supporters of the current democratic government and critics of PiS, viewing President Nawrocki/PiS as criminals, hooligans, and violators of the constitution. CAMP_B consists of supporters of PiS and President Nawrocki who defend his actions and attack the current coalition.;0.6;Frustration;Accuses Nawrocki of acting as if he is almighty and appointing illegal officials.;;https://www.youtube.com/watch?v=nkpmalI5rp4;32.3% (100/310)
#polityka #prawoisprawiedliwość  #tk #praworządność  #news #konstytucja #polityka  #sejm #nawrocki;ŁOM;2026-09-04;w pp  nalezy zwilnic osobe ze stanowiska prezydenta dyscyplinarnie za niewykonywanir obowiazkow;@esti1n;2;1;CAMP_A;CAMP_A consists of supporters of the current democratic government and critics of PiS, viewing President Nawrocki/PiS as criminals, hooligans, and violators of the constitution. CAMP_B consists of supporters of PiS and President Nawrocki who defend his actions and attack the current coalition.;0.6;Anger;Calls for the disciplinary dismissal of the president for failing to perform duties.;;https://www.youtube.com/watch?v=nkpmalI5rp4;32.3% (100/310)
#polityka #prawoisprawiedliwość  #tk #praworządność  #news #konstytucja #polityka  #sejm #nawrocki;ŁOM;2026-09-04;No prezydenta trzeba najpierw mieć, puki co państwo polskie nie ma kogoś takiego więc w czym problem. No nie ma kto przyjąć ślubowania od nominowany sędziów. Co tu jest jeszcze nie jasne 😂😂😂😂😂;@KarolWoźniak-r5v;1;2;CAMP_B;CAMP_A consists of supporters of the current democratic government and critics of PiS, viewing President Nawrocki/PiS as criminals, hooligans, and violators of the constitution. CAMP_B consists of supporters of PiS and President Nawrocki who defend his actions and attack the current coalition.;0.6;Sarcasm;Argues that Poland effectively lacks a president since no one is accepting oaths from nominated judges.;What is so unclear about who should accept the oath?;https://www.youtube.com/watch?v=nkpmalI5rp4;32.3% (100/310)
#polityka #prawoisprawiedliwość  #tk #praworządność  #news #konstytucja #polityka  #sejm #nawrocki;ŁOM;2026-09-04;Twoje wycie jest miodem na moje uszy….;@ŁomzJZG;2;0;CAMP_B;CAMP_A consists of supporters of the current democratic government and critics of PiS, viewing President Nawrocki/PiS as criminals, hooligans, and violators of the constitution. CAMP_B consists of supporters of PiS and President Nawrocki who defend his actions and attack the current coalition.;0.5;Excitement;Taunts political opponents, treating their outrage as a source of amusement.;;https://www.youtube.com/watch?v=nkpmalI5rp4;32.3% (100/310)
#polityka #prawoisprawiedliwość  #tk #praworządność  #news #konstytucja #polityka  #sejm #nawrocki;ŁOM;2026-09-04;Jestem za 💪💪💪💪;@ŁomzJZG;2;0;CAMP_A;CAMP_A consists of supporters of the current democratic government and critics of PiS, viewing President Nawrocki/PiS as criminals, hooligans, and violators of the constitution. CAMP_B consists of supporters of PiS and President Nawrocki who defend his actions and attack the current coalition.;0.3;Excitement;Reaffirms support for impeachment.;;https://www.youtube.com/watch?v=nkpmalI5rp4;32.3% (100/310)
Miller: „Nie można bardziej upokorzyć byłego premiera”;PolitycznyKadr;2026-09-04;Mieli rację.W czym mazowiecki był lepszy od kowalskiego?;@Krzysztof-kw8zq;86;3;CAMP_A;CAMP_A: Critics of former elites who believe rules apply equally to everyone, regardless of past status. CAMP_B: Defenders of institutional empathy, respect for elders, and critics of rigid bureaucratic overreach.;0.4;Frustration;The commenter questions why Mazowiecki should be treated better than an ordinary citizen.;W czym mazowiecki był lepszy od kowalskiego?;https://www.youtube.com/watch?v=SIPfMxXlz0k;100.0% (84/84)
Miller: „Nie można bardziej upokorzyć byłego premiera”;PolitycznyKadr;2026-09-04;Funkcjonariusz na bramce powiedział jasno , jakie rządy takie prawo, nie marudźcie więc twórcy tychże praw , kiedy niespodziewanie was dotknęły.;@barbaramiklos-k2u;83;5;CAMP_A;CAMP_A: Critics of former elites who believe rules apply equally to everyone, regardless of past status. CAMP_B: Defenders of institutional empathy, respect for elders, and critics of rigid bureaucratic overreach.;0.5;Sarcasm;The creators of the rules shouldn't complain when those same rules affect them unexpectedly.;;https://www.youtube.com/watch?v=SIPfMxXlz0k;100.0% (84/84)
Miller: „Nie można bardziej upokorzyć byłego premiera”;PolitycznyKadr;2026-09-04;a nie lepiej było pomóc mu z tymi butami ??;@SuperJackoz;81;1;CAMP_B;CAMP_A: Critics of former elites who believe rules apply equally to everyone, regardless of past status. CAMP_B: Defenders of institutional empathy, respect for elders, and critics of rigid bureaucratic overreach.;0.3;Disappointment;It would have been better and more humane to simply help him with his shoes.;a nie lepiej było pomóc mu z tymi butami ??;https://www.youtube.com/watch?v=SIPfMxXlz0k;100.0% (84/84)
Miller: „Nie można bardziej upokorzyć byłego premiera”;PolitycznyKadr;2026-09-04;Mazowiecki to ten co sprzedawał Gierka zakłady i zadłużał kraj szybciej  niż Gierek?;@ryszardsowinski4268;66;4;CAMP_A;CAMP_A: Critics of former elites who believe rules apply equally to everyone, regardless of past status. CAMP_B: Defenders of institutional empathy, respect for elders, and critics of rigid bureaucratic overreach.;0.6;Anger;Mazowiecki is blamed for economic ruin and selling off state assets.;Mazowiecki to ten co sprzedawał Gierka zakłady i zadłużał kraj szybciej niż Gierek?;https://www.youtube.com/watch?v=SIPfMxXlz0k;100.0% (84/84)
Miller: „Nie można bardziej upokorzyć byłego premiera”;PolitycznyKadr;2026-09-04;Nie ma znaczenia kto rządzi oni żyją za nasze oni nie są w stanie nic zarobić;@YarikSssss;68;0;NEUTRAL_SPAM;CAMP_A: Critics of former elites who believe rules apply equally to everyone, regardless of past status. CAMP_B: Defenders of institutional empathy, respect for elders, and critics of rigid bureaucratic overreach.;0.2;Neutral;Politicians of all sides are disconnected from regular people and only care about themselves.;;https://www.youtube.com/watch?v=SIPfMxXlz0k;100.0% (84/84)
Miller: „Nie można bardziej upokorzyć byłego premiera”;PolitycznyKadr;2026-09-04;Właśnie z takich powodów dzieją się wszystkie nieszczęścia..., różne palanty myślą, że przepisy ich nie obowiązują... Tak, jak pod Smoleńskiem chociażby...;@Nietyp;37;1;CAMP_A;CAMP_A: Critics of former elites who believe rules apply equally to everyone, regardless of past status. CAMP_B: Defenders of institutional empathy, respect for elders, and critics of rigid bureaucratic overreach.;0.7;Anger;Disregard for rules by elites leads to disasters like Smolensk.;;https://www.youtube.com/watch?v=SIPfMxXlz0k;100.0% (84/84)
Miller: „Nie można bardziej upokorzyć byłego premiera”;PolitycznyKadr;2026-09-04;Mazowiecki nie moja bajka. Jeżeli taki był przepis czy też prawo to je respektowali. Miler mógł mu pomóc ściągnąć buty coz za problem;@niktwazny3982;36;2;CAMP_B;CAMP_A: Critics of former elites who believe rules apply equally to everyone, regardless of past status. CAMP_B: Defenders of institutional empathy, respect for elders, and critics of rigid bureaucratic overreach.;0.3;Disappointment;While rules should be respected, Miller could have easily helped him take off his shoes.;;https://www.youtube.com/watch?v=SIPfMxXlz0k;100.0% (84/84)
Miller: „Nie można bardziej upokorzyć byłego premiera”;PolitycznyKadr;2026-09-04;"Nie dziwne ,ze Mazowieckiemu tak bardzo zalezalo na ""grubej kresce "" . Wystarczy zobaczyc jego ""tworczosc "" z czasow stalinowskich !!!";@tadeuszlurka7516;32;2;CAMP_A;CAMP_A: Critics of former elites who believe rules apply equally to everyone, regardless of past status. CAMP_B: Defenders of institutional empathy, respect for elders, and critics of rigid bureaucratic overreach.;0.7;Anger;Mazowiecki's past Stalinist activities invalidate any sympathy for him.;;https://www.youtube.com/watch?v=SIPfMxXlz0k;100.0% (84/84)
Miller: „Nie można bardziej upokorzyć byłego premiera”;PolitycznyKadr;2026-09-04;Przepisami zasłaniają się ludzie o konkretnej konstrukcji psychicznej.;@bengalt29;30;1;CAMP_B;CAMP_A: Critics of former elites who believe rules apply equally to everyone, regardless of past status. CAMP_B: Defenders of institutional empathy, respect for elders, and critics of rigid bureaucratic overreach.;0.4;Frustration;People who hide rigidly behind regulations lack psychological flexibility and human decency.;;https://www.youtube.com/watch?v=SIPfMxXlz0k;100.0% (84/84)
Miller: „Nie można bardziej upokorzyć byłego premiera”;PolitycznyKadr;2026-09-04;Bo oni czują się lepsi. Bo procedury są dla małych nie dla nich!;@jondown3980;30;0;CAMP_A;CAMP_A: Critics of former elites who believe rules apply equally to everyone, regardless of past status. CAMP_B: Defenders of institutional empathy, respect for elders, and critics of rigid bureaucratic overreach.;0.5;Frustration;Elites feel entitled and believe procedures are only meant for ordinary people.;;https://www.youtube.com/watch?v=SIPfMxXlz0k;100.0% (84/84)
Miller: „Nie można bardziej upokorzyć byłego premiera”;PolitycznyKadr;2026-09-04;Nie można bardziej upokorzyć? Można. Widzieliśmy jak premier Niemiec przed kamerami upokorzył Tuska rozkazując mu: ty sobie usiądź w innym wagonie. My z premierem Francji i z prezydentem Ukrainy musimy coś wspólnie uzgodnić. Ty nie jesteś nam tu potrzebny - tylko byś przeszkadzał. Przypomnę - na terenie RP to wszystko się działo, a przemierzyna Tusk stulił ogon i grzecznie poszedł gdzie mu rozkazano.;@jerzybrudnicki6815;28;0;CAMP_A;CAMP_A: Critics of former elites who believe rules apply equally to everyone, regardless of past status. CAMP_B: Defenders of institutional empathy, respect for elders, and critics of rigid bureaucratic overreach.;0.8;Anger;Political figures face much worse humiliations from foreign leaders, so minor security checks are insignificant.;;https://www.youtube.com/watch?v=SIPfMxXlz0k;100.0% (84/84)
Miller: „Nie można bardziej upokorzyć byłego premiera”;PolitycznyKadr;2026-09-04;mazowieckiego to akurat mi nie szkoda;@adamus6661;21;0;CAMP_A;CAMP_A: Critics of former elites who believe rules apply equally to everyone, regardless of past status. CAMP_B: Defenders of institutional empathy, respect for elders, and critics of rigid bureaucratic overreach.;0.3;Neutral;The commenter feels no sympathy for Mazowiecki.;;https://www.youtube.com/watch?v=SIPfMxXlz0k;100.0% (84/84)
Miller: „Nie można bardziej upokorzyć byłego premiera”;PolitycznyKadr;2026-09-04;Brawo Straż Graniczna.;@Olo-q5n;13;0;CAMP_A;CAMP_A: Critics of former elites who believe rules apply equally to everyone, regardless of past status. CAMP_B: Defenders of institutional empathy, respect for elders, and critics of rigid bureaucratic overreach.;0.4;Excitement;Support for the Border Guard's strict enforcement.;;https://www.youtube.com/watch?v=SIPfMxXlz0k;100.0% (84/84)
Miller: „Nie można bardziej upokorzyć byłego premiera”;PolitycznyKadr;2026-09-04;Gierek za.te długi zbudował tyle, że do dziś złodzieje sprzedają.;@marabut8726;13;0;CAMP_B;CAMP_A: Critics of former elites who believe rules apply equally to everyone, regardless of past status. CAMP_B: Defenders of institutional empathy, respect for elders, and critics of rigid bureaucratic overreach.;0.4;Frustration;Gierek built things with those debts that are still being profited from today.;;https://www.youtube.com/watch?v=SIPfMxXlz0k;100.0% (84/84)
Miller: „Nie można bardziej upokorzyć byłego premiera”;PolitycznyKadr;2026-09-04;Mazowiecki zniszczył kawał Polski. Nie.dziwię się, że go tak potraktowali.;@marabut8726;8;0;CAMP_A;CAMP_A: Critics of former elites who believe rules apply equally to everyone, regardless of past status. CAMP_B: Defenders of institutional empathy, respect for elders, and critics of rigid bureaucratic overreach.;0.6;Anger;Mazowiecki ruined Poland, so harsh treatment is justified.;;https://www.youtube.com/watch?v=SIPfMxXlz0k;100.0% (84/84)
Miller: „Nie można bardziej upokorzyć byłego premiera”;PolitycznyKadr;2026-09-04;Czyli mała, malutka sprawiedliwość jest na świecie. Politycy upokarzają ludzi przez lata, więc mały pstryczek nie zaszkodzi. Po drugie to że był politykiem i był nietykalny, nie sprawia że całe życie będzie nietykalny. Ludzie na codzień mają 100 razy gorsze upokorzenia, które zawdzięczają właśnie politykom.;@tomaszk8229;6;2;CAMP_A;CAMP_A: Critics of former elites who believe rules apply equally to everyone, regardless of past status. CAMP_B: Defenders of institutional empathy, respect for elders, and critics of rigid bureaucratic overreach.;0.7;Anger;Politicians have humiliated citizens for years, so a small payback is entirely fair.;;https://www.youtube.com/watch?v=SIPfMxXlz0k;100.0% (84/84)
Miller: „Nie można bardziej upokorzyć byłego premiera”;PolitycznyKadr;2026-09-04;Tak. Bardzo się spieszył. 😂;@Richard-ui8kl;7;0;CAMP_A;CAMP_A: Critics of former elites who believe rules apply equally to everyone, regardless of past status. CAMP_B: Defenders of institutional empathy, respect for elders, and critics of rigid bureaucratic overreach.;0.5;Sarcasm;Sarcastic remark mocking claims of urgency or hardship.;;https://www.youtube.com/watch?v=SIPfMxXlz0k;100.0% (84/84)
Miller: „Nie można bardziej upokorzyć byłego premiera”;PolitycznyKadr;2026-09-04;Sam się upokorzył. Ćmochał jednego za drugim.;@KiM-vr1fj;7;0;CAMP_A;CAMP_A: Critics of former elites who believe rules apply equally to everyone, regardless of past status. CAMP_B: Defenders of institutional empathy, respect for elders, and critics of rigid bureaucratic overreach.;0.6;Anger;The politician brought humiliation upon himself through his past subservience.;;https://www.youtube.com/watch?v=SIPfMxXlz0k;100.0% (84/84)
Miller: „Nie można bardziej upokorzyć byłego premiera”;PolitycznyKadr;2026-09-04;Otóż to. Chamstwo to chamstwo;@ewaskarzynska6918;6;0;CAMP_B;CAMP_A: Critics of former elites who believe rules apply equally to everyone, regardless of past status. CAMP_B: Defenders of institutional empathy, respect for elders, and critics of rigid bureaucratic overreach.;0.4;Frustration;Rigid bureaucratic adherence is equated with sheer bad manners.;;https://www.youtube.com/watch?v=SIPfMxXlz0k;100.0% (84/84)
Miller: „Nie można bardziej upokorzyć byłego premiera”;PolitycznyKadr;2026-09-04;Panie Miler, niech pan nie zmienia prawa tylko pomaga ludzią,trzeba było mazowieckiemu zdjąć buty żeby chłop się nie męczył. A nie oskarżać służby;@zonierz4615;5;1;CAMP_B;CAMP_A: Critics of former elites who believe rules apply equally to everyone, regardless of past status. CAMP_B: Defenders of institutional empathy, respect for elders, and critics of rigid bureaucratic overreach.;0.5;Frustration;Miller should focus on helping people rather than complaining about services.;;https://www.youtube.com/watch?v=SIPfMxXlz0k;100.0% (84/84)
Miller: „Nie można bardziej upokorzyć byłego premiera”;PolitycznyKadr;2026-09-04;Mazowiecki nie był Polakiem.;@isiaisia5572;5;0;CAMP_A;CAMP_A: Critics of former elites who believe rules apply equally to everyone, regardless of past status. CAMP_B: Defenders of institutional empathy, respect for elders, and critics of rigid bureaucratic overreach.;0.7;Anger;National identity claims used to delegitimize Mazowiecki.;;https://www.youtube.com/watch?v=SIPfMxXlz0k;100.0% (84/84)
Miller: „Nie można bardziej upokorzyć byłego premiera”;PolitycznyKadr;2026-09-04;wzruszające na rękach go powinni przenieść odśpiewując mury kaczmarskiego;@sdsdsdsd3369;4;0;CAMP_A;CAMP_A: Critics of former elites who believe rules apply equally to everyone, regardless of past status. CAMP_B: Defenders of institutional empathy, respect for elders, and critics of rigid bureaucratic overreach.;0.6;Sarcasm;Sarcastic dismissal of treating the former premier with excessive reverence.;;https://www.youtube.com/watch?v=SIPfMxXlz0k;100.0% (84/84)
Miller: „Nie można bardziej upokorzyć byłego premiera”;PolitycznyKadr;2026-09-04;Mazowiecki zarzadził grubą kreskę. To on winien za to, co obecnie dzieje się w Polsce.;@isiaisia5572;4;0;CAMP_A;CAMP_A: Critics of former elites who believe rules apply equally to everyone, regardless of past status. CAMP_B: Defenders of institutional empathy, respect for elders, and critics of rigid bureaucratic overreach.;0.6;Anger;Mazowiecki's policy of a 'thick line' makes him responsible for Poland's current problems.;;https://www.youtube.com/watch?v=SIPfMxXlz0k;100.0% (84/84)
Miller: „Nie można bardziej upokorzyć byłego premiera”;PolitycznyKadr;2026-09-04;to byli jeszcze twoi funkcjnariusze;@mareklangosz5492;4;0;CAMP_A;CAMP_A: Critics of former elites who believe rules apply equally to everyone, regardless of past status. CAMP_B: Defenders of institutional empathy, respect for elders, and critics of rigid bureaucratic overreach.;0.5;Frustration;Pointing out that the security personnel were operating under the previous regime's setups or laws.;;https://www.youtube.com/watch?v=SIPfMxXlz0k;100.0% (84/84)
Miller: „Nie można bardziej upokorzyć byłego premiera”;PolitycznyKadr;2026-09-04;Mazowiecki to nie był premier, którego szanowałam. Zresztą widziałam jak na jego pogrzebie czytano kadisz. No i był bez wykształcenia. Apfe.;@isiaisia5572;3;0;CAMP_A;CAMP_A: Critics of former elites who believe rules apply equally to everyone, regardless of past status. CAMP_B: Defenders of institutional empathy, respect for elders, and critics of rigid bureaucratic overreach.;0.6;Disappointment;Personal dislike of Mazowiecki based on personal observations and lack of formal education.;;https://www.youtube.com/watch?v=SIPfMxXlz0k;100.0% (84/84)
Miller: „Nie można bardziej upokorzyć byłego premiera”;PolitycznyKadr;2026-09-04;Co kurfa równiejszy jesteś Ty lub Twój kolega.  Jaki spokój.......!? Prawo jest prawem.;@marekkordulewski5991;3;0;CAMP_A;CAMP_A: Critics of former elites who believe rules apply equally to everyone, regardless of past status. CAMP_B: Defenders of institutional empathy, respect for elders, and critics of rigid bureaucratic overreach.;0.8;Anger;No one is above the law, regardless of who they are.;;https://www.youtube.com/watch?v=SIPfMxXlz0k;100.0% (84/84)
Miller: „Nie można bardziej upokorzyć byłego premiera”;PolitycznyKadr;2026-09-04;A te same przepisy dotyczącą urzędującego premiera?;@bazejszymczak4543;3;0;CAMP_B;CAMP_A:Critics of former elites who believe rules apply equally to everyone, regardless of past status. CAMP_B: Defenders of institutional empathy, respect for elders, and critics of rigid bureaucratic overreach.;0.4;Frustration;Questioning whether the same rigid rules apply equally to currently ruling politicians.;A te same przepisy dotyczącą urzędującego premiera?;https://www.youtube.com/watch?v=SIPfMxXlz0k;100.0% (84/84)
Miller: „Nie można bardziej upokorzyć byłego premiera”;PolitycznyKadr;2026-09-04;mazowieckiemu to bym jeszcze100 rewizje zrobil kto wie co to znaczy to wie , lajza z tego mazowieckiego byla taka ze szkoda gadac;@sylwsmith7712;2;1;CAMP_A;CAMP_A: Critics of former elites who believe rules apply equally to everyone, regardless of past status. CAMP_B: Defenders of institutional empathy, respect for elders, and critics of rigid bureaucratic overreach.;0.7;Anger;Aggressive denigration of Mazowiecki's character and legacy.;;https://www.youtube.com/watch?v=SIPfMxXlz0k;100.0% (84/84)
Miller: „Nie można bardziej upokorzyć byłego premiera”;PolitycznyKadr;2026-09-04;Sam pan pokazuje że prawo stworzone przez was jest do Bani ...🤷 A mieliście chyba dużo czasu...🤷 Aczkolwiek zgadzam się że człowiek ten został upokorzony😤;@jaromirnowa9664;2;1;CAMP_B;CAMP_A: Critics of former elites who believe rules apply equally to everyone, regardless of past status. CAMP_B: Defenders of institutional empathy, respect for elders, and critics of rigid bureaucratic overreach.;0.6;Anger;The rules created by politicians are flawed, yet the man still suffered unnecessary humiliation.;;https://www.youtube.com/watch?v=SIPfMxXlz0k;100.0% (84/84)
Miller: „Nie można bardziej upokorzyć byłego premiera”;PolitycznyKadr;2026-09-04;Ależ przepięknie zrobili. Jaki delikatny jest tow. miller. A gdyby tak ,towarzuszu  miller , zechcieli byście popatrzeć ,co to towarzysz nam ,Polakom nawywijał?!! duzo za mało dali mazowieckiemu .Wy się tam tak rozchodziliście ,towarzyszu ,że takie buty to maleńki, maleńki pikuś.Bardzo dobrze się zachowali .;@bogdanfibiger;2;0;CAMP_A;CAMP_A: Critics of former elites who believe rules apply equally to everyone, regardless of past status. CAMP_B: Defenders of institutional empathy, respect for elders, and critics of rigid bureaucratic overreach.;0.8;Anger;Rejoicing in the perceived humiliation of former political figures.;;https://www.youtube.com/watch?v=SIPfMxXlz0k;100.0% (84/84)
Miller: „Nie można bardziej upokorzyć byłego premiera”;PolitycznyKadr;2026-09-04;Pan Mazowiecki ściągał sznurowane buty ja musiałam ściągać letnie sandałki damskie,gdzie jest cieniutka podeszwa. I parę paseczków. Takie byly przepisy, musieli prześwietlić. Teraz nie każą ściągać nawet butów za kostkę.;@dorotkagardula4095;2;0;CAMP_A;CAMP_A: Critics of former elites who believe rules apply equally to everyone, regardless of past status. CAMP_B: Defenders of institutional empathy, respect for elders, and critics of rigid bureaucratic overreach.;0.4;Neutral;Ordinary citizens had to follow the exact same security rules, so politicians shouldn't expect exemptions.;gdzie jest cieniutka podeszwa.;https://www.youtube.com/watch?v=SIPfMxXlz0k;100.0% (84/84)
Miller: „Nie można bardziej upokorzyć byłego premiera”;PolitycznyKadr;2026-09-04;Żartujesz prawda? Tu chodzi o to. że był chory i wiekowy. Gdzie Twoje sumienie robocie;@basiajanczew1571;2;0;CAMP_B;CAMP_A: Critics of former elites who believe rules apply equally to everyone, regardless of past status. CAMP_B: Defenders of institutional empathy, respect for elders, and critics of rigid bureaucratic overreach.;0.6;Anger;Empathy should prevail given that the person was old and sick.;;https://www.youtube.com/watch?v=SIPfMxXlz0k;100.0% (84/84)
Miller: „Nie można bardziej upokorzyć byłego premiera”;PolitycznyKadr;2026-09-04;Uważasz że w tym wypadku przepisy byly obowiązkowe? Myślę, że jesteś robotem a nie człowiekiem.;@basiajanczew1571;2;0;CAMP_B;CAMP_A: Critics of former elites who believe rules apply equally to everyone, regardless of past status. CAMP_B: Defenders of institutional empathy, respect for elders, and critics of rigid bureaucratic overreach.;0.5;Frustration;Criticizing blind obedience to rules over human compassion.;;https://www.youtube.com/watch?v=SIPfMxXlz0k;100.0% (84/84)
Miller: „Nie można bardziej upokorzyć byłego premiera”;PolitycznyKadr;2026-09-04;Tj tylko twoja opinia. Bez poważania.;@niktwazny3982;2;0;CAMP_A;CAMP_A: Critics of former elites who believe rules apply equally to everyone, regardless of past status. CAMP_B: Defenders of institutional empathy, respect for elders, and critics of rigid bureaucratic overreach.;0.3;Neutral;Dismissing opposing viewpoints dismissively.;;https://www.youtube.com/watch?v=SIPfMxXlz0k;100.0% (84/84)
Miller: „Nie można bardziej upokorzyć byłego premiera”;PolitycznyKadr;2026-09-04;Zawsze trzeba być człowiekiem.;@ucjaucja7431;1;0;CAMP_B;CAMP_A: Critics of former elites who believe rules apply equally to everyone, regardless of past status. CAMP_B: Defenders of institutional empathy, respect for elders, and critics of rigid bureaucratic overreach.;0.3;Neutral;Human empathy and basic decency should always come first.;;https://www.youtube.com/watch?v=SIPfMxXlz0k;100.0% (84/84)
Miller: „Nie można bardziej upokorzyć byłego premiera”;PolitycznyKadr;2026-09-04;Smutne  Oglądam drugi raz. To jest ohydne! Premier Mazowiecki to jest początek Wolności Mojego Kraju Polski 4 czerwca 1989 roku.;@pm7304;1;0;CAMP_B;CAMP_A: Critics of former elites who believe rules apply equally to everyone, regardless of past status. CAMP_B: Defenders of institutional empathy, respect for elders, and critics of rigid bureaucratic overreach.;0.7;Anger;Treating a founding figure of modern Polish freedom this way is disgraceful.;;https://www.youtube.com/watch?v=SIPfMxXlz0k;100.0% (84/84)
Miller: „Nie można bardziej upokorzyć byłego premiera”;PolitycznyKadr;2026-09-04;Człowiek jest człowiekiem .Nie jest ważne z jakiej partii. Jeśli odczuwa słabość to trzeba mu pomóc. O czym tu deliberować?;@magorzatahelbik2388;1;0;CAMP_B;CAMP_A: Critics of former elites who believe rules apply equally to everyone, regardless of past status. CAMP_B: Defenders of institutional empathy, respect for elders, and critics of rigid bureaucratic overreach.;0.3;Neutral;"Political affiliation doesn't matter; if someone is weak, they deserve help.";O czym tu deliberować?;https://www.youtube.com/watch?v=SIPfMxXlz0k;100.0% (84/84)
Miller: „Nie można bardziej upokorzyć byłego premiera”;PolitycznyKadr;2026-09-04;Bezpieczeństwo i ustawa to podstawa inaczej niedopełnienie obowiazków;@cantego;1;0;CAMP_A;CAMP_A: Critics of former elites who believe rules apply equally to everyone, regardless of past status. CAMP_B: Defenders of institutional empathy, respect for elders, and critics of rigid bureaucratic overreach.;0.4;Neutral;Security laws are paramount to avoid dereliction of duty.;;https://www.youtube.com/watch?v=SIPfMxXlz0k;100.0% (84/84)
Miller: „Nie można bardziej upokorzyć byłego premiera”;PolitycznyKadr;2026-09-04;Upokorzył i sprzedał Polskę I Polaków.  Wiec winien siedzieć ale na krześle elektrycznym;@wojciechgruszczynski7722;1;0;CAMP_A;CAMP_A: Critics of former elites who believe rules apply equally to everyone, regardless of past status. CAMP_B: Defenders of institutional empathy, respect for elders, and critics of rigid bureaucratic overreach.;0.8;Anger;Extreme hostility accusing Mazowiecki of betraying Poland.;;https://www.youtube.com/watch?v=SIPfMxXlz0k;100.0% (84/84)
Miller: „Nie można bardziej upokorzyć byłego premiera”;PolitycznyKadr;2026-09-04;Są ludzie i taborety - stary wojskowy bon-mot, zawsze aktualny.;@grzegorzkondracki4630;1;0;CAMP_A;CAMP_A: Critics of former elites who believe rules apply equally to everyone, regardless of past status. CAMP_B: Defenders of institutional empathy, respect for elders, and critics of rigid bureaucratic overreach.;0.5;Frustration;Contemptuous categorization of people who complain about strict rules.;;https://www.youtube.com/watch?v=SIPfMxXlz0k;100.0% (84/84)
Miller: „Nie można bardziej upokorzyć byłego premiera”;PolitycznyKadr;2026-09-04;Za co ludzie mają was szanować? Za te wasze wały, przekręty, kłamstwa. Oczywiście pan nie ma sobie nic do zarzucenia, jeszcze jeden kryształ ze świecznika.;@adamkowalski-r6k;1;0;CAMP_A;CAMP_A: Critics of former elites who believe rules apply equally to everyone, regardless of past status. CAMP_B: Defenders of institutional empathy, respect for elders, and critics of rigid bureaucratic overreach.;0.7;Anger;Politicians lack credibility to demand respect given their history of scandals and lies.;;https://www.youtube.com/watch?v=SIPfMxXlz0k;100.0% (84/84)
Miller: „Nie można bardziej upokorzyć byłego premiera”;PolitycznyKadr;2026-09-04;Odezwał się kameleon. No second chance.;@Richard-ui8kl;1;0;CAMP_A;CAMP_A: Critics of former elites who believe rules apply equally to everyone, regardless of past status. CAMP_B: Defenders of institutional empathy, respect for elders, and critics of rigid bureaucratic overreach.;0.5;Frustration;Criticizing Miller as a political chameleon.;;https://www.youtube.com/watch?v=SIPfMxXlz0k;100.0% (84/84)
Miller: „Nie można bardziej upokorzyć byłego premiera”;PolitycznyKadr;2026-09-04;Ale to nie p to chodzi, to był po prostu starszy,chory człowiek. Atakiem odgrywanie się to nie jest normalne i świadczy o mentalności jaskiniowca.;@annaklugowska6256;1;0;CAMP_B;CAMP_A: Critics of former elites who believe rules apply equally to everyone, regardless of past status. CAMP_B: Defenders of institutional empathy, respect for elders, and critics of rigid bureaucratic overreach.;0.6;Anger;Targeting an elderly, sick person out of spite reflects a primitive mindset.;;https://www.youtube.com/watch?v=SIPfMxXlz0k;100.0% (84/84)
Miller: „Nie można bardziej upokorzyć byłego premiera”;PolitycznyKadr;2026-09-04;"to ten od ""grubej kreski"", miler powinien mu zasznurować buty bo dzięki grubej kresce zachował się u władzy i dorobił na prywatyzacji, aaaa..... to jeszcze ten rzymianin który na zachodzie mówił, że cyt. nienawidzi polski i polaków";@tomaszgreda1703;1;0;CAMP_A;CAMP_A: Critics of former elites who believe rules apply equally to everyone, regardless of past status. CAMP_B: Defenders of institutional empathy, respect for elders, and critics of rigid bureaucratic overreach.;0.7;Anger;Mazowiecki's 'thick line' benefited former communists, and Miller is criticized alongside him.;;https://www.youtube.com/watch?v=SIPfMxXlz0k;100.0% (84/84)
Miller: „Nie można bardziej upokorzyć byłego premiera”;PolitycznyKadr;2026-09-04;Dla PAna szacunek;@emilianjanischewski4494;1;0;CAMP_B;CAMP_A: Critics of former elites who believe rules apply equally to everyone, regardless of past status. CAMP_B: Defenders of institutional empathy, respect for elders, and critics of rigid bureaucratic overreach.;0.2;Neutral;Expressing respect for Miller.;;https://www.youtube.com/watch?v=SIPfMxXlz0k;100.0% (84/84)
Miller: „Nie można bardziej upokorzyć byłego premiera”;PolitycznyKadr;2026-09-04;A panu by spadła korona z glowy jak by pan pomógł temu człowiekowi ?!?!?! Czy pan za wysoko stał ? Innych pan mógł upomnieć ?;@Margola-c9z;1;0;CAMP_B;CAMP_A: Critics of former elites who believe rules apply equally to everyone, regardless of past status. CAMP_B: Defenders of institutional empathy, respect for elders, and critics of rigid bureaucratic overreach.;0.6;Frustration;Miller could have easily helped the elderly man instead of acting superior.;A panu by spadła korona z glowy jak by pan pomógł temu człowiekowi ?!?!?! Czy pan za wysoko stał ?;https://www.youtube.com/watch?v=SIPfMxXlz0k;100.0% (84/84)
Miller: „Nie można bardziej upokorzyć byłego premiera”;PolitycznyKadr;2026-09-04;kisiel w glowie. to on zaproponowal pania ogorek na kandydata na prezydenta RP. Niektorzy mezczyzni sie dziwie starzeja!;@MiloszDrozd;0;0;CAMP_A;CAMP_A: Critics of former elites who believe rules apply equally to everyone, regardless of past status. CAMP_B: Defenders of institutional empathy, respect for elders, and critics of rigid bureaucratic overreach.;0.4;Disappointment;Criticizing Miller's past political judgment and aging.;;https://www.youtube.com/watch?v=SIPfMxXlz0k;100.0% (84/84)
Miller: „Nie można bardziej upokorzyć byłego premiera”;PolitycznyKadr;2026-09-04;❤ Respeckt Sir ❤ Pozdrawiamy Cię z UK Panie Premierze 🎉🎉🎉 Polska Stara Emigracja 😅😅😅😅😅😅😅;@JacekJuraszczyk;0;0;CAMP_B;CAMP_A: Critics of former elites who believe rules apply equally to everyone, regardless of past status. CAMP_B: Defenders of institutional empathy, respect for elders, and critics of rigid bureaucratic overreach.;0.3;Excitement;Greetings and support sent to Miller from the diaspora.;;https://www.youtube.com/watch?v=SIPfMxXlz0k;100.0% (84/84)
Miller: „Nie można bardziej upokorzyć byłego premiera”;PolitycznyKadr;2026-09-04;Jakie upokorzenie?! Tysiące ludzi na lotniskach to robi a KPOLC wyraźnie określa kto jest zwolniony z kontroli bezpieczeństwa.Co wy jesteście innymi obywatelami niż my ?!;@sylwesterw3186;0;0;CAMP_A;CAMP_A: Critics of former elites who believe rules apply equally to everyone, regardless of past status. CAMP_B: Defenders of institutional empathy, respect for elders, and critics of rigid bureaucratic overreach.;0.5;Frustration;"Thousands do this at airports; politicians are not special citizens exempt from regulations.";Co wy jesteście innymi obywatelami niż my ?!;https://www.youtube.com/watch?v=SIPfMxXlz0k;100.0% (84/84)
Miller: „Nie można bardziej upokorzyć byłego premiera”;PolitycznyKadr;2026-09-04;Ychy;@secreciksecrecik4759;0;0;NEUTRAL_SPAM;CAMP_A: Critics of former elites who believe rules apply equally to everyone, regardless of past status. CAMP_B: Defenders of institutional empathy, respect for elders, and critics of rigid bureaucratic overreach.;0.1;Neutral;Non-substantive acknowledgment.;;https://www.youtube.com/watch?v=SIPfMxXlz0k;100.0% (84/84)
Miller: „Nie można bardziej upokorzyć byłego premiera”;PolitycznyKadr;2026-09-04;On swoją grubą kreską upokorzył cały Naród czego skutki odczuwamy do dzisiaj  ,więc oni upokoryli jego.;@heniekhenk1102;0;0;CAMP_A;CAMP_A: Critics of former elites who believe rules apply equally to everyone, regardless of past status. CAMP_B: Defenders of institutional empathy, respect for elders, and critics of rigid bureaucratic overreach.;0.6;Anger;Mazowiecki humiliated the entire nation with his 'thick line', so getting humiliated back is poetic justice.;;https://www.youtube.com/watch?v=SIPfMxXlz0k;100.0% (84/84)
Miller: „Nie można bardziej upokorzyć byłego premiera”;PolitycznyKadr;2026-09-04;Czy to AI?;@andrzejkow691;0;0;NEUTRAL_SPAM;CAMP_A: Critics of former elites who believe rules apply equally to everyone, regardless of past status. CAMP_B: Defenders of institutional empathy, respect for elders, and critics of rigid bureaucratic overreach.;0.1;Neutral;Meta-comment questioning the video or text source.;Czy to AI?;https://www.youtube.com/watch?v=SIPfMxXlz0k;100.0% (84/84)
Miller: „Nie można bardziej upokorzyć byłego premiera”;PolitycznyKadr;2026-09-04;dajcie spokój z tym milerem czy jak mu tam;@AndrzejBeńko-y6w;0;0;NEUTRAL_SPAM;CAMP_A: Critics of former elites who believe rules apply equally to everyone, regardless of past status. CAMP_B: Defenders of institutional empathy, respect for elders, and critics of rigid bureaucratic overreach.;0.2;Neutral;Dismissal of Miller and the topic entirely.;;https://www.youtube.com/watch?v=SIPfMxXlz0k;100.0% (84/84)
Miller: „Nie można bardziej upokorzyć byłego premiera”;PolitycznyKadr;2026-09-04;"Stary komunista Mazowiecki, który napisał w czasach stalinowskich książkę pt ""Wróg pozostał ten sam"" o polskich  patriotach, którzy nie chcieli socjalizmu w Polsce. W mojej opinii to kreatura, która spowodowała, że tzw gruba kreska utrzymała i utrzymuje do dziś komunistów przy władzy.";@grimawizard2544;0;0;CAMP_A;CAMP_A: Critics of former elites who believe rules apply equally to everyone, regardless of past status. CAMP_B: Defenders of institutional empathy, respect for elders, and critics of rigid bureaucratic overreach.;0.7;Anger;Mazowiecki was a Stalinist author and creature who kept communists in power via the thick line.;;https://www.youtube.com/watch?v=SIPfMxXlz0k;100.0% (84/84)
Miller: „Nie można bardziej upokorzyć byłego premiera”;PolitycznyKadr;2026-09-04;Stanowski by zrobił z tym porządek 😅;@bogumiabrzezinska7577;0;0;CAMP_A;CAMP_A: Critics of former elites who believe rules apply equally to everyone, regardless of past status. CAMP_B: Defenders of institutional empathy, respect for elders, and critics of rigid bureaucratic overreach.;0.3;Excitement;A humorous nod to internet personality Stanowski handling the situation.;;https://www.youtube.com/watch?v=SIPfMxXlz0k;100.0% (84/84)
Miller: „Nie można bardziej upokorzyć byłego premiera”;PolitycznyKadr;2026-09-04;Panie Leszku i jak? Zmienił Pan to prawo ?;@jacekkretowicz1081;0;0;CAMP_A;CAMP_A: Critics of former elites who believe rules apply equally to everyone, regardless of past status. CAMP_B: Defenders of institutional empathy, respect for elders, and critics of rigid bureaucratic overreach.;0.4;Sarcasm;Challenging Miller about whether he changed the law when he was in power.;Panie Leszku i jak? Zmienił Pan tona prawo ?;https://www.youtube.com/watch?v=SIPfMxXlz0k;100.0% (84/84)
Miller: „Nie można bardziej upokorzyć byłego premiera”;PolitycznyKadr;2026-09-04;to co procedował go dopadło ale to nie był Polak i myślał ze to go nie dotyczy;@migdal1234;0;0;CAMP_A;CAMP_A: Critics of former elites who believe rules apply equally to everyone, regardless of past status. CAMP_B: Defenders of institutional empathy, respect for elders, and critics of rigid bureaucratic overreach.;0.5;Frustration;He caught up in the procedures he helped process, believing his background exempted him.;;https://www.youtube.com/watch?v=SIPfMxXlz0k;100.0% (84/84)
Miller: „Nie można bardziej upokorzyć byłego premiera”;PolitycznyKadr;2026-09-04;I bardzo dobrze zrobili ci funkcjonariusze kij ma dwa końce kto jakimi ustawami wojuje od takich ginie 😂😂;@xyzabc3012;0;0;CAMP_A;CAMP_A: Critics of former elites who believe rules apply equally to everyone, regardless of past status. CAMP_B: Defenders of institutional empathy, respect for elders, and critics of rigid bureaucratic overreach.;0.6;Excitement;Those who live by the sword of bureaucratic laws die by it.;;https://www.youtube.com/watch?v=SIPfMxXlz0k;100.0% (84/84)
Miller: „Nie można bardziej upokorzyć byłego premiera”;PolitycznyKadr;2026-09-04;Nie ma świętych krów, bez znaczenia czy premier czy nie.;@OlekPolkowski-u4q;0;0;CAMP_A;CAMP_A: Critics of former elites who believe rules apply equally to everyone, regardless of past status. CAMP_B: Defenders of institutional empathy, respect for elders, and critics of rigid bureaucratic overreach.;0.4;Neutral;"There are no sacred cows; rules apply equally to former premiers.";;https://www.youtube.com/watch?v=SIPfMxXlz0k;100.0% (84/84)
Miller: „Nie można bardziej upokorzyć byłego premiera”;PolitycznyKadr;2026-09-04;Wszyscy wobec prawa są równi. Po za tym  funkconariusze ponieśliby konsekwencje za złamanie procedury;@KamilZARĘBA-l1q;0;0;CAMP_A;CAMP_A: Critics of former elites who believe rules apply equally to everyone, regardless of past status. CAMP_B: Defenders of institutional empathy, respect for elders, and critics of rigid bureaucratic overreach.;0.4;Neutral;Equality before the law means security officers would face consequences for breaking procedure.;;https://www.youtube.com/watch?v=SIPfMxXlz0k;100.0% (84/84)
Miller: „Nie można bardziej upokorzyć byłego premiera”;PolitycznyKadr;2026-09-04;"Procedury bezpieczeństwa to procedury bezpieczeństwa i obowiązują wszystkich. Kolega, który pracował wiele lat na lotnisku w Poznaniu opowiadał historię jak odprawiali się tam najbogatszego Polaka i jego żonę. Cała ich rodzina miała swój salonik VIP na lotnisku, bo swego czasu współfinansowali budowę lotniska. No i na kontroli bezpieczeństwa poproszono panią żonę o zdjąć buty czy pasek. Na co ta nie chciała tego zrobić i gdy strażnik nalegał stwierdziła, że ten strażnik już długo tu nie popracuje. Strażnik odpowiedział: ""Jeszcze by tego brakowało, żeby pani o tym decydowała."" A będący świadkiem tej sceny mąż tylko zwrócił się do żony żeby ta nie robiła scen i zrobiła to o co ją prosi strażnik.";@Kamilo100686;0;0;CAMP_A;CAMP_A: Critics of former elites who believe rules apply equally to everyone, regardless of past status. CAMP_B: Defenders of institutional empathy, respect for elders, and critics of rigid bureaucratic overreach.;0.4;Neutral;Security procedures apply to everyone, even major donors or VIPs.;;https://www.youtube.com/watch?v=SIPfMxXlz0k;100.0% (84/84)
Miller: „Nie można bardziej upokorzyć byłego premiera”;PolitycznyKadr;2026-09-04;Widocznie premierzy na to zasłużyli;@annapalczewska4740;0;0;CAMP_A;CAMP_A: Critics of former elites who believe rules apply equally to everyone, regardless of past status. CAMP_B: Defenders of institutional empathy, respect for elders, and critics of rigid bureaucratic overreach.;0.4;Sarcasm;Implying that prime ministers deserved whatever mistreatment they received.;;https://www.youtube.com/watch?v=SIPfMxXlz0k;100.0% (84/84)
Miller: „Nie można bardziej upokorzyć byłego premiera”;PolitycznyKadr;2026-09-04;Właściwie to mi go nie żal. Zrobił grubą krechę , uwłaszczył komuchow w tym kolegów Millera a zapłacili za to normalni obywatele. To Mazowiecki powołał tą kanalie Balcerowicza, który miliony Polaków wyrzucił na bruk;@grzegorzpielak7110;0;0;CAMP_A;CAMP_A: Critics of former elites who believe rules apply equally to everyone, regardless of past status. CAMP_B: Defenders of institutional empathy, respect for elders, and critics of rigid bureaucratic overreach.;0.7;Anger;Mazowiecki and Balcerowicz ruined millions of ordinary citizens' lives, so he deserves no pity.;;https://www.youtube.com/watch?v=SIPfMxXlz0k;100.0% (84/84)
Miller: „Nie można bardziej upokorzyć byłego premiera”;PolitycznyKadr;2026-09-04;Mazowiecki to nie był okej co robił to było widać;@MieczysławaJakubowska-w8o;0;0;CAMP_A;CAMP_A: Critics of former elites who believe rules apply equally to everyone, regardless of past status. CAMP_B: Defenders of institutional empathy, respect for elders, and critics of rigid bureaucratic overreach.;0.3;Disappointment;Mazowiecki's past actions were problematic.;;https://www.youtube.com/watch?v=SIPfMxXlz0k;100.0% (84/84)
Miller: „Nie można bardziej upokorzyć byłego premiera”;PolitycznyKadr;2026-09-04;Bóg czeka na Leszka Millera;@smiechowefilmiki8074;0;0;CAMP_A;CAMP_A: Critics of former elites who believe rules apply equally to everyone, regardless of past status. CAMP_B: Defenders of institutional empathy, respect for elders, and critics of rigid bureaucratic overreach.;0.5;Anger;Hostile remark directed at Leszek Miller.;;https://www.youtube.com/watch?v=SIPfMxXlz0k;100.0% (84/84)
Miller: „Nie można bardziej upokorzyć byłego premiera”;PolitycznyKadr;2026-09-04;No właśnie, takie podejście mnie wkurza, standardy, procedury są po to, żeby wyznaczać kierunek  w pewien sposób porządkować rzeczywistość, a nie trzymać się tego jak dekalog. Po to mamy rozum i serca, żeby w takich sytuacjach odpuścić. Taka postawa to debilizm. Niestety większość tak myśli,  bez refleksji;@annaklugowska6256;0;0;CAMP_B;CAMP_A: Critics of former elites who believe rules apply equally to everyone, regardless of past status. CAMP_B: Defenders of institutional empathy, respect for elders, and critics of rigid bureaucratic overreach.;0.6;Frustration;Blind adherence to standard procedures without human flexibility or common sense is foolish.;;https://www.youtube.com/watch?v=SIPfMxXlz0k;100.0% (84/84)
Miller: „Nie można bardziej upokorzyć byłego premiera”;PolitycznyKadr;2026-09-04;"Panie Leszku...za pana czasów funkcjonowało takie określenie urzędników państwowych...""Gówno zawinięte w przepis"". Trafne?";@vcrx7441;0;0;CAMP_B;CAMP_A: Critics of former elites who believe rules apply equally to everyone, regardless of past status. CAMP_B: Defenders of institutional empathy, respect for elders, and critics of rigid bureaucratic overreach.;0.4;Sarcasm;Critique of rigid state bureaucrats framed as 'shit wrapped in regulations'.;Trafne?;https://www.youtube.com/watch?v=SIPfMxXlz0k;100.0% (84/84)
Miller: „Nie można bardziej upokorzyć byłego premiera”;PolitycznyKadr;2026-09-04;Co tam się dzieje w tej głowie.....to w dupie się nie mieści;@annaklugowska6256;0;0;CAMP_A;CAMP_A: Critics of former elites who believe rules apply equally to everyone, regardless of past status. CAMP_B: Defenders of institutional empathy, respect for elders, and critics of rigid bureaucratic overreach.;0.6;Anger;Expressed disbelief and hostility toward someone's viewpoint.;;https://www.youtube.com/watch?v=SIPfMxXlz0k;100.0% (84/84)
Miller: „Nie można bardziej upokorzyć byłego premiera”;PolitycznyKadr;2026-09-04;przepisy nie wykluczaja kultury i tyle...;@poganiaczowieczek;0;0;CAMP_B;CAMP_A: Critics of former elites who believe rules apply equally to everyone, regardless of past status. CAMP_B: Defenders of institutional empathy, respect for elders, and critics of rigid bureaucratic overreach.;0.4;Frustration;Following regulations does not excuse a lack of basic culture and manners.;;https://www.youtube.com/watch?v=SIPfMxXlz0k;100.0% (84/84)
Miller: „Nie można bardziej upokorzyć byłego premiera”;PolitycznyKadr;2026-09-04;@bogdanfibiger Mazowiecki jednym z lepszych premierów był, a mendy, ktore go krytykują nie mają pojecia co zastal i jakie problemy mial do rozwiązania. Gadaja tylko ciemne masy, ktorych problemem jest czy zjedza kielbase z piwem czy bez...;@poganiaczowieczek;0;0;CAMP_B;CAMP_A: Critics of former elites who believe rules apply equally to everyone, regardless of past status. CAMP_B: Defenders of institutional empathy, respect for elders, and critics of rigid bureaucratic overreach.;0.6;Anger;Mazowiecki was a great premier, and critics are ignorant masses.;;https://www.youtube.com/watch?v=SIPfMxXlz0k;100.0% (84/84)
Miller: „Nie można bardziej upokorzyć byłego premiera”;PolitycznyKadr;2026-09-04;Akurat na bramkach stoją „funkcjonariusze” służby ochrony lotniska / niedoszli komandosi często / pracują opierając się na wewnętrznym regulaminie bezpieczeństwa lotniska - a ten różni się między portami - pracuje na Balicach więc wiem co pisze;@JacekCezary;0;0;CAMP_A;CAMP_A: Critics of former elites who believe rules apply equally to everyone, regardless of past status. CAMP_B: Defenders of institutional empathy, respect for elders, and critics of rigid bureaucratic overreach.;0.4;Neutral;Airport security personnel operate on internal regulations that vary between airports.;;https://www.youtube.com/watch?v=SIPfMxXlz0k;100.0% (84/84)
Miller: „Nie można bardziej upokorzyć byłego premiera”;PolitycznyKadr;2026-09-04;Powinni kazać  mu się rozebrać do golasa. 😂;@Richard-ui8kl;0;0;CAMP_A;CAMP_A: Critics of former elites who believe rules apply equally to everyone, regardless of past status. CAMP_B: Defenders of institutional empathy, respect for elders, and critics of rigid bureaucratic overreach.;0.6;Sarcasm;Sarcastic extreme suggestion mocking the former leader.;;https://www.youtube.com/watch?v=SIPfMxXlz0k;100.0% (84/84)
Miller: „Nie można bardziej upokorzyć byłego premiera”;PolitycznyKadr;2026-09-04;Bingo;@andywolski1001;0;0;CAMP_B;CAMP_A: Critics of former elites who believe rules apply equally to everyone, regardless of past status. CAMP_B: Defenders of institutional empathy, respect for elders, and critics of rigid bureaucratic overreach.;0.3;Neutral;Agreement that targeting an old, sick person shows a caveman mentality.;;https://www.youtube.com/watch?v=SIPfMxXlz0k;100.0% (84/84)
Miller: „Nie można bardziej upokorzyć byłego premiera”;PolitycznyKadr;2026-09-04;Miler nie bądź święty!!!!! Taki kit jak dziś wciskasz , to nawet młodzież prawicowa Ci wieży!!!!! Ale nie ja, rocznik 63!!!!;@ZbyszekMazur-o9l;0;0;CAMP_A;CAMP_A: Critics of former elites who believe rules apply equally to everyone, regardless of past status. CAMP_B: Defenders of institutional empathy, respect for elders, and critics of rigid bureaucratic overreach.;0.6;Anger;Calling out Miller for spinning narratives that experienced citizens don't buy.;;https://www.youtube.com/watch?v=SIPfMxXlz0k;100.0% (84/84)
Miller: „Nie można bardziej upokorzyć byłego premiera”;PolitycznyKadr;2026-09-04;ludzie - ludziom deklinacja chłopcze, deklinacja;@andymark9491;0;0;CAMP_B;CAMP_A: Critics of former elites who believe rules apply equally to everyone, regardless of past status. CAMP_B: Defenders of institutional empathy, respect for elders, and critics of rigid bureaucratic overreach.;0.3;Neutral;Grammar correction directed at another commenter.;;https://www.youtube.com/watch?v=SIPfMxXlz0k;100.0% (84/84)
Miller: „Nie można bardziej upokorzyć byłego premiera”;PolitycznyKadr;2026-09-04;"Panie Miller pan teraz taki miły taki,,mądry "" a jak pan rządził to co pan zrobił dla PKP ? Szmatławcu podzieliłeś na wiele spółek bo uzałeś że będzie lepiej bo każda będzie podatek!!!! Fałszywy szmatławiec.";@wacawwegrzyn5669;0;0;CAMP_A;CAMP_A: Critics of former elites who believe rules apply equally to everyone, regardless of past status. CAMP_B: Defenders of institutional empathy, respect for elders, and critics of rigid bureaucratic overreach.;0.8;Anger;Attacking Miller for his hypocrisy and past actions regarding PKP while in government.;;https://www.youtube.com/watch?v=SIPfMxXlz0k;100.0% (84/84)
Miller: „Nie można bardziej upokorzyć byłego premiera”;PolitycznyKadr;2026-09-04;jestes glupi i tyle komentarza;@poganiaczowieczek;0;0;CAMP_B;CAMP_A: Critics of former elites who believe rules apply equally to everyone, regardless of past status. CAMP_B: Defenders of institutional empathy, respect for elders, and critics of rigid bureaucratic overreach.;0.6;Anger;Defensive insult directed at a hostile commenter.;;https://www.youtube.com/watch?v=SIPfMxXlz0k;100.0% (84/84)
Miller: „Nie można bardziej upokorzyć byłego premiera”;PolitycznyKadr;2026-09-04;Trzeba zobaczyc co Mazowiecki pisal w latach 50 tych.  Co pisal np o biskupie Kaczmarku  !!! Wyjatkowo podla kreatura !!! Zadnego szacubku dla tego stalinowskiego politruka !!!!;@tadeuszlurka7516;0;0;CAMP_A;CAMP_A: Critics of former elites who believe rules apply equally to everyone, regardless of past status. CAMP_B: Defenders of institutional empathy, respect for elders, and critics of rigid bureaucratic overreach.;0.8;Anger;Mazowiecki's writings in the 1950s against bishops make him a vile creature unworthy of respect.;;https://www.youtube.com/watch?v=SIPfMxXlz0k;100.0% (84/84)
Miller: „Nie można bardziej upokorzyć byłego premiera”;PolitycznyKadr;2026-09-04;Jak sie jest niedoleznym dziadem yo sie w domu starcu dogorywa;@Bonifacy7V8;0;0;CAMP_A;CAMP_A: Critics of former elites who believe rules apply equally to everyone, regardless of past status. CAMP_B: Defenders of institutional empathy, respect for elders, and critics of rigid bureaucratic overreach.;0.6;Anger, Sarcasm;Derogatory dismissal of frail elderly figures.;;https://www.youtube.com/watch?v=SIPfMxXlz0k;100.0% (84/84)
Miller: „Nie można bardziej upokorzyć byłego premiera”;PolitycznyKadr;2026-09-04;Upokorzony za mało.;@Richard-ui8kl;0;0;CAMP_A;CAMP_A: Critics of former elites who believe rules apply equally to everyone, regardless of past status. CAMP_B: Defenders of institutional empathy, respect for elders, and critics of rigid bureaucratic overreach.;0.6;Anger;Insisting that the humiliation of the former politician was insufficient.;;https://www.youtube.com/watch?v=SIPfMxXlz0k;100.0% (84/84)
Miller: „Nie można bardziej upokorzyć byłego premiera”;PolitycznyKadr;2026-09-04;Nie. Ten, ktory stworzyl pierwszy niekomunistyczny rzad, nieuku.;@MikołajBöhm;0;0;CAMP_B;CAMP_A: Critics of former elites who believe rules apply equally to everyone, regardless of past status. CAMP_B: Defenders of institutional empathy, respect for elders, and critics of rigid bureaucratic overreach.;0.5;Frustration;Correcting an opponent by emphasizing Mazowiecki created Poland's first non-communist government.;;https://www.youtube.com/watch?v=SIPfMxXlz0k;100.0% (84/84)
Miller: „Nie można bardziej upokorzyć byłego premiera”;PolitycznyKadr;2026-09-04;Był lepszy w niszczeniu Polski;@karolkarol5775;0;0;CAMP_A;CAMP_A: Critics of former elites who believe rules apply equally to everyone, regardless of past status. CAMP_B: Defenders of institutional empathy, respect for elders, and critics of rigid bureaucratic overreach.;0.5;Anger;Mazowiecki was only 'better' at destroying Poland.;;https://www.youtube.com/watch?v=SIPfMxXlz0k;100.0% (84/84)
Miller: „Nie można bardziej upokorzyć byłego premiera”;PolitycznyKadr;2026-09-04;Należało go tym butem zatłuc.;@marabut8726;0;0;CAMP_A;CAMP_A: Critics of former elites who believe rules apply equally to everyone, regardless of past status. CAMP_B: Defenders of institutional empathy, respect for elders, and critics of rigid bureaucratic overreach.;0.8;Anger;Violent and hostile remark expressing extreme malice toward Mazowiecki.;;https://www.youtube.com/watch?v=SIPfMxXlz0k;100.0% (84/84)
Miller: „Nie można bardziej upokorzyć byłego premiera”;PolitycznyKadr;2026-09-04;Nie Twoja? Ale Twoja bajka, nieuku, jest zyc w wolnym kraju, w Unii Europejskiej, z dala od granic i wykluczenia o co KOR i Tadeusz Mazowiecki walczyl.;@MikołajBöhm;0;0;CAMP_B;CAMP_A: Critics of former elites who believe rules apply equally to everyone, regardless of past status. CAMP_B: Defenders of institutional empathy, respect for elders, and critics of rigid bureaucratic overreach.;0.5;Frustration;Defending the value of living in a free, democratic European country thanks to figures like Mazowiecki and KOR.;;https://www.youtube.com/watch?v=SIPfMxXlz0k;100.0% (84/84)
Pan Stanisław z Warszawy - Polityka (2019) #polska #film #śmieszne #haha #kabaret #netflix #movie;Scenownik;2026-09-04;No i powiedział a część ludzi uwierzyła.;@mikoajdefort5676;174;3;CAMP_B;CAMP_A defends or minimizes the controversies surrounding religious figures and right-wing politicians, arguing that media attacks are biased or politically motivated. CAMP_B criticizes church corruption, hypocrisy, and political enablers, expressing frustration with systemic impunity and blind followers.;0.4;Sarcasm;People blindly believed an absurd story told by Father Rydzyk.;;https://www.youtube.com/watch?v=lfX7XwS7c6k;98.6% (68/69)
Pan Stanisław z Warszawy - Polityka (2019) #polska #film #śmieszne #haha #kabaret #netflix #movie;Scenownik;2026-09-04;Nie jest ważne czy ktoś w to wierzy czy nie wierzy. Ale najlepsze jest że normalnie przeszło. 😁;@Hwdp2012;84;6;CAMP_B;CAMP_A defends or minimizes the controversies surrounding religious figures and right-wing politicians, arguing that media attacks are biased or politically motivated. CAMP_B criticizes church corruption, hypocrisy, and political enablers, expressing frustration with systemic impunity and blind followers.;0.6;Excitement;The most shocking part is that such an unbelievable story simply passed without consequences.;;https://www.youtube.com/watch?v=lfX7XwS7c6k;98.6% (68/69)
Pan Stanisław z Warszawy - Polityka (2019) #polska #film #śmieszne #haha #kabaret #netflix #movie;Scenownik;2026-09-04;Ksiądz Shrek;@Iguuu22122;84;0;CAMP_B;CAMP_A defends or minimizes the controversies surrounding religious figures and right-wing politicians, arguing that media attacks are biased or politically motivated. CAMP_B criticizes church corruption, hypocrisy, and political enablers, expressing frustration with systemic impunity and blind followers.;0.3;Sarcasm;Comparing the religious figure to Shrek mocks his appearance and persona.;;https://www.youtube.com/watch?v=lfX7XwS7c6k;98.6% (68/69)
Pan Stanisław z Warszawy - Polityka (2019) #polska #film #śmieszne #haha #kabaret #netflix #movie;Scenownik;2026-09-04;Ja mu wierzę ament;@CezaryCezary1967;20;0;CAMP_B;CAMP_A defends or minimizes the controversies surrounding religious figures and right-wing politicians, arguing that media attacks are biased or politically motivated. CAMP_B criticizes church corruption, hypocrisy, and political enablers, expressing frustration with systemic impunity and blind followers.;0.3;Sarcasm;Sarcastic expression of belief in the absurd narrative.;;https://www.youtube.com/watch?v=lfX7XwS7c6k;98.6% (68/69)
Pan Stanisław z Warszawy - Polityka (2019) #polska #film #śmieszne #haha #kabaret #netflix #movie;Scenownik;2026-09-04;I tak to robi się. Lekcje praktyczne.;@jakwalki5720;17;0;CAMP_B;CAMP_A defends or minimizes the controversies surrounding religious figures and right-wing politicians, arguing that media attacks are biased or politically motivated. CAMP_B criticizes church corruption, hypocrisy, and political enablers, expressing frustration with systemic impunity and blind followers.;0.3;Sarcasm;A sarcastic remark on how master manipulation is executed in practice.;;https://www.youtube.com/watch?v=lfX7XwS7c6k;98.6% (68/69)
Pan Stanisław z Warszawy - Polityka (2019) #polska #film #śmieszne #haha #kabaret #netflix #movie;Scenownik;2026-09-04;Ojciec Shrek 😅;@MikołajŁagowski-u8e;16;1;CAMP_B;CAMP_A defends or minimizes the controversies surrounding religious figures and right-wing politicians, arguing that media attacks are biased or politically motivated. CAMP_B criticizes church corruption, hypocrisy, and political enablers, expressing frustration with systemic impunity and blind followers.;0.3;Sarcasm;Mocking the religious figure by calling him Father Shrek.;;https://www.youtube.com/watch?v=lfX7XwS7c6k;98.6% (68/69)
Pan Stanisław z Warszawy - Polityka (2019) #polska #film #śmieszne #haha #kabaret #netflix #movie;Scenownik;2026-09-04;W rzeczywistości było jeszcze lepiej, bo Rydzyk powiedział to sam na żywo, w swoim radio. I nie brzmiało to jak żart.;@bircov;10;2;CAMP_B;CAMP_A defends or minimizes the controversies surrounding religious figures and right-wing politicians, arguing that media attacks are biased or politically motivated. CAMP_B criticizes church corruption, hypocrisy, and political enablers, expressing frustration with systemic impunity and blind followers.;0.5;Frustration;Rydzyk said it himself live on his radio without any joking tone.;;https://www.youtube.com/watch?v=lfX7XwS7c6k;98.6% (68/69)
Pan Stanisław z Warszawy - Polityka (2019) #polska #film #śmieszne #haha #kabaret #netflix #movie;Scenownik;2026-09-04;Haha a wiesz, że to była prawda? 😀 nie lubię rydzyka ani tego syfu. Ale gość umierał miał kilka mieszkań. Przepisał je jakimś fundacjom. Auta oddał rydzykowi. Mieszkał w hospicjum i zmarł krótko potem. 😀 był o tym reportaż i to wcale nie w Republice :F😂;@pawekurek4050;11;0;CAMP_A;CAMP_A defends or minimizes the controversies surrounding religious figures and right-wing politicians, arguing that media attacks are biased or politically motivated. CAMP_B criticizes church corruption, hypocrisy, and political enablers, expressing frustration with systemic impunity and blind followers.;0.5;Excitement;Despite disliking Rydzyk, investigative reports actually confirmed that a dying man really did leave him cars and apartments.;;https://www.youtube.com/watch?v=lfX7XwS7c6k;98.6% (68/69)
Pan Stanisław z Warszawy - Polityka (2019) #polska #film #śmieszne #haha #kabaret #netflix #movie;Scenownik;2026-09-04;Pisiory w to wierzą 😂😂😂;@krzysztofriedel9656;6;4;CAMP_B;CAMP_A defends or minimizes the controversies surrounding religious figures and right-wing politicians, arguing that media attacks are biased or politically motivated. CAMP_B criticizes church corruption, hypocrisy, and political enablers, expressing frustration with systemic impunity and blind followers.;0.6;Sarcasm;Only PiS supporters could actually believe such a ridiculous story.;;https://www.youtube.com/watch?v=lfX7XwS7c6k;98.6% (68/69)
Pan Stanisław z Warszawy - Polityka (2019) #polska #film #śmieszne #haha #kabaret #netflix #movie;Scenownik;2026-09-04;Sprawdzcie całe nagranie jak Rydzyk mówi o tym bezdomnym.;@edekgarageedekgarage2193;8;1;CAMP_A;CAMP_A defends or minimizes the controversies surrounding religious figures and right-wing politicians, arguing that media attacks are biased or politically motivated. CAMP_B criticizes church corruption, hypocrisy, and political enablers, expressing frustration with systemic impunity and blind followers.;0.4;Neutral;People should check the full recording of Rydzyk talking about the homeless donor to know the facts.;Will people check the full recording?;https://www.youtube.com/watch?v=lfX7XwS7c6k;98.6% (68/69)
Pan Stanisław z Warszawy - Polityka (2019) #polska #film #śmieszne #haha #kabaret #netflix #movie;Scenownik;2026-09-04;Konirc balu panie lalus  kral mowi to samo  mowi jeszcze o walizce pieniedzy pozdrawiamy torun;@AdamAdam-og2os;8;0;CAMP_B;CAMP_A defends or minimizes the controversies surrounding religious figures and right-wing politicians, arguing that media attacks are biased or politically motivated. CAMP_B criticizes church corruption, hypocrisy, and political enablers, expressing frustration with systemic impunity and blind followers.;0.7;Anger;Condemnation of the leader and systemic corruption linked to Toruń.;;https://www.youtube.com/watch?v=lfX7XwS7c6k;98.6% (68/69)
Pan Stanisław z Warszawy - Polityka (2019) #polska #film #śmieszne #haha #kabaret #netflix #movie;Scenownik;2026-09-04;Z tego co wiem to POwcy raczej;@hs17_official;7;0;CAMP_A;CAMP_A defends or minimizes the controversies surrounding religious figures and right-wing politicians, arguing that media attacks are biased or politically motivated. CAMP_B criticizes church corruption, hypocrisy, and political enablers, expressing frustration with systemic impunity and blind followers.;0.5;Frustration;It is actually PO supporters who tend to believe or participate in such things.;;https://www.youtube.com/watch?v=lfX7XwS7c6k;98.6% (68/69)
Pan Stanisław z Warszawy - Polityka (2019) #polska #film #śmieszne #haha #kabaret #netflix #movie;Scenownik;2026-09-04;To sprawdz całe nagranie. Zdziwisz sie;@edekgarageedekgarage2193;6;0;CAMP_A;CAMP_A defends or minimizes the controversies surrounding religious figures and right-wing politicians, arguing that media attacks are biased or politically motivated. CAMP_B criticizes church corruption, hypocrisy, and political enablers, expressing frustration with systemic impunity and blind followers.;0.4;Neutral;Check the whole recording and you will be surprised by the context.;;https://www.youtube.com/watch?v=lfX7XwS7c6k;98.6% (68/69)
Pan Stanisław z Warszawy - Polityka (2019) #polska #film #śmieszne #haha #kabaret #netflix #movie;Scenownik;2026-09-04;Jejuuuuu jaki biedny czlowiek, nawet nie mal gdzie krowy trzymac.... To to nie dziwota ze temi samochodami musial, no musial...;@PiotrSharp;5;0;CAMP_B;CAMP_A defends or minimizes the controversies surrounding religious figures and right-wing politicians, arguing that media attacks are biased or politically motivated. CAMP_B criticizes church corruption, hypocrisy, and political enablers, expressing frustration with systemic impunity and blind followers.;0.5;Sarcasm;Sarcastic pity for the poor man who apparently had nowhere else to store his luxury cars.;;https://www.youtube.com/watch?v=lfX7XwS7c6k;98.6% (68/69)
Pan Stanisław z Warszawy - Polityka (2019) #polska #film #śmieszne #haha #kabaret #netflix #movie;Scenownik;2026-09-04;Swietna scena😊;@Elwisik;5;0;NEUTRAL_SPAM;CAMP_A defends or minimizes the controversies surrounding religious figures and right-wing politicians, arguing that media attacks are biased or politically motivated. CAMP_B criticizes church corruption, hypocrisy, and political enablers, expressing frustration with systemic impunity and blind followers.;0.2;Neutral;Praising the quality of the scene in the video.;;https://www.youtube.com/watch?v=lfX7XwS7c6k;98.6% (68/69)
Pan Stanisław z Warszawy - Polityka (2019) #polska #film #śmieszne #haha #kabaret #netflix #movie;Scenownik;2026-09-04;A moradziecki i ziober przynieśli miliony;@TheJarek191;4;1;CAMP_B;CAMP_A defends or minimizes the controversies surrounding religious figures and right-wing politicians, arguing that media attacks are biased or politically motivated. CAMP_B criticizes church corruption, hypocrisy, and political enablers, expressing frustration with systemic impunity and blind followers.;0.6;Anger;Right-wing politicians like Morawiecki and Ziobro also misappropriated millions.;;https://www.youtube.com/watch?v=lfX7XwS7c6k;98.6% (68/69)
Pan Stanisław z Warszawy - Polityka (2019) #polska #film #śmieszne #haha #kabaret #netflix #movie;Scenownik;2026-09-04;Dzieło wybitnego reżysera, to taki chojrak i czekam na film o swiecznikach i dywnikach.;@robinicnierobi;3;1;CAMP_B;CAMP_A defends or minimizes the controversies surrounding religious figures and right-wing politicians, arguing that media attacks are biased or politically motivated. CAMP_B criticizes church corruption, hypocrisy, and political enablers, expressing frustration with systemic impunity and blind followers.;0.4;Sarcasm;Praising the director and calling for similar satirical films on other political scandals.;;https://www.youtube.com/watch?v=lfX7XwS7c6k;98.6% (68/69)
Pan Stanisław z Warszawy - Polityka (2019) #polska #film #śmieszne #haha #kabaret #netflix #movie;Scenownik;2026-09-04;Ciekawe kiedy któryś cwaniaczek nakręci podobny film o np szpitalu południowym;@michalsosnowski8715;2;1;CAMP_A;CAMP_A defends or minimizes the controversies surrounding religious figures and right-wing politicians, arguing that media attacks are biased or politically motivated. CAMP_B criticizes church corruption, hypocrisy, and political enablers, expressing frustration with systemic impunity and blind followers.;0.5;Frustration;Challenging filmmakers to make a similar expose about the scandalous Southern Hospital.;When will someone make a film about the Southern Hospital?;https://www.youtube.com/watch?v=lfX7XwS7c6k;98.6% (68/69)
Pan Stanisław z Warszawy - Polityka (2019) #polska #film #śmieszne #haha #kabaret #netflix #movie;Scenownik;2026-09-04;Najpierw distał passata a później Maybacha który był pierwszym egzemplarzem w Polsce 😮;@robertundziakiewicz9479;2;1;CAMP_B;CAMP_A defends or minimizes the controversies surrounding religious figures and right-wing politicians, arguing that media attacks are biased or politically motivated. CAMP_B criticizes church corruption, hypocrisy, and political enablers, expressing frustration with systemic impunity and blind followers.;0.4;Neutral;Listing the extravagant luxury vehicles allegedly received as gifts.;;https://www.youtube.com/watch?v=lfX7XwS7c6k;98.6% (68/69)
Pan Stanisław z Warszawy - Polityka (2019) #polska #film #śmieszne #haha #kabaret #netflix #movie;Scenownik;2026-09-04;Wy sie smiejecie, ale jakbym mial chociazby jednego maybacha, to na dom juz by nie starczylo😂😂;@wokzxvhc.;2;0;CAMP_B;CAMP_A defends or minimizes the controversies surrounding religious figures and right-wing politicians, arguing that media attacks are biased or politically motivated. CAMP_B criticizes church corruption, hypocrisy, and political enablers, expressing frustration with systemic impunity and blind followers.;0.4;Sarcasm;Sarcastic remark about luxury car priorities versus basic housing needs.;;https://www.youtube.com/watch?v=lfX7XwS7c6k;98.6% (68/69)
Pan Stanisław z Warszawy - Polityka (2019) #polska #film #śmieszne #haha #kabaret #netflix #movie;Scenownik;2026-09-04;Polska mentalność, okradać się nawzajem pierdolac o wartościach 😅;@Rapus97;2;0;CAMP_B;CAMP_A defends or minimizes the controversies surrounding religious figures and right-wing politicians, arguing that media attacks are biased or politically motivated. CAMP_B criticizes church corruption, hypocrisy, and political enablers, expressing frustration with systemic impunity and blind followers.;0.6;Frustration;Polish mentality is characterized by mutual exploitation while hypocritically preaching high values.;;https://www.youtube.com/watch?v=lfX7XwS7c6k;98.6% (68/69)
Pan Stanisław z Warszawy - Polityka (2019) #polska #film #śmieszne #haha #kabaret #netflix #movie;Scenownik;2026-09-04;Tak samo jak z miską ryżu;@SzczęśliwyNikt;2;0;CAMP_B;CAMP_A defends or minimizes the controversies surrounding religious figures and right-wing politicians, arguing that media attacks are biased or politically motivated. CAMP_B criticizes church corruption, hypocrisy, and political enablers, expressing frustration with systemic impunity and blind followers.;0.4;Sarcasm;Comparing the absurd donation story to another infamous political soundbite (bowl of rice).;;https://www.youtube.com/watch?v=lfX7XwS7c6k;98.6% (68/69)
Pan Stanisław z Warszawy - Polityka (2019) #polska #film #śmieszne #haha #kabaret #netflix #movie;Scenownik;2026-09-04;Dla mnie to największy biznesmen w Polsce;@jannowak8058;1;1;CAMP_B;CAMP_A defends or minimizes the controversies surrounding religious figures and right-wing politicians, arguing that media attacks are biased or politically motivated. CAMP_B criticizes church corruption, hypocrisy, and political enablers, expressing frustration with systemic impunity and blind followers.;0.4;Sarcasm;Irony labeling the religious leader as Poland's greatest businessman.;;https://www.youtube.com/watch?v=lfX7XwS7c6k;98.6% (68/69)
Pan Stanisław z Warszawy - Polityka (2019) #polska #film #śmieszne #haha #kabaret #netflix #movie;Scenownik;2026-09-04;Niechby tak pan reżyser szanowny wziął na warsztat temat Heleny Wolińskiej,Luny Brystygierowej albo tych co się zabawiali nieletnimi dziewczynami w Zatoce Świń na plaży sopockiej,względnie tym co narobił Krzysztof Sadowski, psując na resztę życia psychikę dziesiątek dzieci.Ale w czarnego najłatwiej i najkorzystniej!;@marekklimkiewicz4616;1;1;CAMP_A;CAMP_A defends or minimizes the controversies surrounding religious figures and right-wing politicians, arguing that media attacks are biased or politically motivated. CAMP_B criticizes church corruption, hypocrisy, and political enablers, expressing frustration with systemic impunity and blind followers.;0.7;Anger;Media hypocritically target the church while ignoring historical and modern leftist or secular scandals.;;https://www.youtube.com/watch?v=lfX7XwS7c6k;98.6% (68/69)
Pan Stanisław z Warszawy - Polityka (2019) #polska #film #śmieszne #haha #kabaret #netflix #movie;Scenownik;2026-09-04;"Nie odważy się, bo go dopadnie ""seryjny""...";@claroquesi9896;1;0;CAMP_A;CAMP_A defends or minimizes the controversies surrounding religious figures and right-wing politicians, arguing that media attacks are biased or politically motivated. CAMP_B criticizes church corruption, hypocrisy, and political enablers, expressing frustration with systemic impunity and blind followers.;0.5;Anger;Whistleblowers or filmmakers exposing certain elites would be silenced by mysterious forces.;;https://www.youtube.com/watch?v=lfX7XwS7c6k;98.6% (68/69)
Pan Stanisław z Warszawy - Polityka (2019) #polska #film #śmieszne #haha #kabaret #netflix #movie;Scenownik;2026-09-04;Tak własnie jest😂😂😂;@arturborchon3264;1;0;CAMP_B;CAMP_A defends or minimizes the controversies surrounding religious figures and right-wing politicians, arguing that media attacks are biased or politically motivated. CAMP_B criticizes church corruption, hypocrisy, and political enablers, expressing frustration with systemic impunity and blind followers.;0.3;Excitement;Affirmation of the humorous and accurate portrayal in the video.;;https://www.youtube.com/watch?v=lfX7XwS7c6k;98.6% (68/69)
Pan Stanisław z Warszawy - Polityka (2019) #polska #film #śmieszne #haha #kabaret #netflix #movie;Scenownik;2026-09-04;Ten film dokladnie pokazuje w jakim miejscu znajduje sie polska kinematografia- w dupie I to bardzo gleboko;@okszton1;1;0;CAMP_B;CAMP_A defends or minimizes the controversies surrounding religious figures and right-wing politicians, arguing that media attacks are biased or politically motivated. CAMP_B criticizes church corruption, hypocrisy, and political enablers, expressing frustration with systemic impunity and blind followers.;0.6;Disappointment;Polish cinematography is in a terrible state if this is what passes for deep commentary.;;https://www.youtube.com/watch?v=lfX7XwS7c6k;98.6% (68/69)
Pan Stanisław z Warszawy - Polityka (2019) #polska #film #śmieszne #haha #kabaret #netflix #movie;Scenownik;2026-09-04;Adam Samo życie amen👌;@Ana666dana;1;0;NEUTRAL_SPAM;CAMP_A defends or minimizes the controversies surrounding religious figures and right-wing politicians, arguing that media attacks are biased or politically motivated. CAMP_B criticizes church corruption, hypocrisy, and political enablers, expressing frustration with systemic impunity and blind followers.;0.2;Neutral;Brief agreement acknowledging real-life absurdity.;;https://www.youtube.com/watch?v=lfX7XwS7c6k;98.6% (68/69)
Pan Stanisław z Warszawy - Polityka (2019) #polska #film #śmieszne #haha #kabaret #netflix #movie;Scenownik;2026-09-04;Nie było żadnego Maybacha. Powtarzasz bezmyślnie bzdury. Jak twierdzisz, że był to z pewnością znajdziesz jakiekolwiek zdjęcie Rudzyka w maybachu, na Google. Znajdź i wrzuć tutaj, bajkopisarzu. 😆;@DanielBuldog;1;0;CAMP_A;CAMP_A defends or minimizes the controversies surrounding religious figures and right-wing politicians, arguing that media attacks are biased or politically motivated. CAMP_B criticizes church corruption, hypocrisy, and political enablers, expressing frustration with systemic impunity and blind followers.;0.6;Anger;The claim about the Maybach is a baseless lie repeated mindlessly without proof.;Can you find any photo of Rydzyk in a Maybach on Google?;https://www.youtube.com/watch?v=lfX7XwS7c6k;98.6% (68/69)
Pan Stanisław z Warszawy - Polityka (2019) #polska #film #śmieszne #haha #kabaret #netflix #movie;Scenownik;2026-09-04;Rydzyk magik;@krzysztofgryczkowski;1;0;CAMP_B;CAMP_A defends or minimizes the controversies surrounding religious figures and right-wing politicians, arguing that media attacks are biased or politically motivated. CAMP_B criticizes church corruption, hypocrisy, and political enablers, expressing frustration with systemic impunity and blind followers.;0.3;Sarcasm;Calling the religious figure a magician due to his unexplainable wealth acquisition.;;https://www.youtube.com/watch?v=lfX7XwS7c6k;98.6% (68/69)
Pan Stanisław z Warszawy - Polityka (2019) #polska #film #śmieszne #haha #kabaret #netflix #movie;Scenownik;2026-09-04;A 93 miliony zł Giertycha? 1,5 banki króla itd...;@urszulawrzeszcz1228;1;0;CAMP_A;CAMP_A defends or minimizes the controversies surrounding religious figures and right-wing politicians, arguing that media attacks are biased or politically motivated. CAMP_B criticizes church corruption, hypocrisy, and political enablers, expressing frustration with systemic impunity and blind followers.;0.5;Frustration;Critics should focus on massive financial scandals involving opposition politicians instead.;;https://www.youtube.com/watch?v=lfX7XwS7c6k;98.6% (68/69)
Pan Stanisław z Warszawy - Polityka (2019) #polska #film #śmieszne #haha #kabaret #netflix #movie;Scenownik;2026-09-04;Pan Stanisław tak mu się przedstawił. Pan Stanisław biznesmen się rozwiódł, żona dom jego zabrała więc szybko drogie samochody dał Rydzykowi żeby mu małżonka była też ich nie zabrała. Taka sytuacja.;@stefanosos;1;0;CAMP_B;CAMP_A defends or minimizes the controversies surrounding religious figures and right-wing politicians, arguing that media attacks are biased or politically motivated. CAMP_B criticizes church corruption, hypocrisy, and political enablers, expressing frustration with systemic impunity and blind followers.;0.4;Sarcasm;Satirical retelling of the 'homeless donor' story as a clever trick to hide assets from a divorcing wife.;;https://www.youtube.com/watch?v=lfX7XwS7c6k;98.6% (68/69)
Pan Stanisław z Warszawy - Polityka (2019) #polska #film #śmieszne #haha #kabaret #netflix #movie;Scenownik;2026-09-04;Taaa wszystko pięknie tylko wszystkie partie mają w tym udział. Normalnie gdyby bezdomny dał ci auto musisz zgłosić do US darowiznę. Dlaczego księciu nie musi? Bo wszystkie partie są w to umoczone...;@TheSalaboss;1;0;CAMP_B;CAMP_A defends or minimizes the controversies surrounding religious figures and right-wing politicians, arguing that media attacks are biased or politically motivated. CAMP_B criticizes church corruption, hypocrisy, and political enablers, expressing frustration with systemic impunity and blind followers.;0.6;Frustration;All political parties are complicit in exempting the church from standard tax and donation laws.;;https://www.youtube.com/watch?v=lfX7XwS7c6k;98.6% (68/69)
Pan Stanisław z Warszawy - Polityka (2019) #polska #film #śmieszne #haha #kabaret #netflix #movie;Scenownik;2026-09-04;😂a właściwie że brzmiało! Kto normalny by uwierzy w bezdomnego?😂😅;@kamilzajac9583;1;0;CAMP_B;CAMP_A defends or minimizes the controversies surrounding religious figures and right-wing politicians, arguing that media attacks are biased or politically motivated. CAMP_B criticizes church corruption, hypocrisy, and political enablers, expressing frustration with systemic impunity and blind followers.;0.4;Sarcasm;Mocking the gullibility of anyone who could believe in a homeless car donor.;;https://www.youtube.com/watch?v=lfX7XwS7c6k;98.6% (68/69)
Pan Stanisław z Warszawy - Polityka (2019) #polska #film #śmieszne #haha #kabaret #netflix #movie;Scenownik;2026-09-04;Słowo ciałem się stało XDDDDD;@maciejjerry5932;1;0;CAMP_B;CAMP_A defends or minimizes the controversies surrounding religious figures and right-wing politicians, arguing that media attacks are biased or politically motivated. CAMP_B criticizes church corruption, hypocrisy, and political enablers, expressing frustration with systemic impunity and blind followers.;0.4;Sarcasm;Mocking fulfillment of absurd prophecies.;;https://www.youtube.com/watch?v=lfX7XwS7c6k;98.6% (68/69)
Pan Stanisław z Warszawy - Polityka (2019) #polska #film #śmieszne #haha #kabaret #netflix #movie;Scenownik;2026-09-04;😅😅😅;@irenacedzidlo2368;1;0;NEUTRAL_SPAM;CAMP_A defends or minimizes the controversies surrounding religious figures and right-wing politicians, arguing that media attacks are biased or politically motivated. CAMP_B criticizes church corruption, hypocrisy, and political enablers, expressing frustration with systemic impunity and blind followers.;0.2;Neutral;Expressing amusement with laughing emojis.;;https://www.youtube.com/watch?v=lfX7XwS7c6k;98.6% (68/69)
Pan Stanisław z Warszawy - Polityka (2019) #polska #film #śmieszne #haha #kabaret #netflix #movie;Scenownik;2026-09-04;Na thusku 👍;@adam-7b875;0;0;CAMP_A;CAMP_A defends or minimizes the controversies surrounding religious figures and right-wing politicians, arguing that media attacks are biased or politically motivated. CAMP_B criticizes church corruption, hypocrisy, and political enablers, expressing frustration with systemic impunity and blind followers.;0.4;Neutral;Attempting to deflect criticism toward political opponents (Tusk).;;https://www.youtube.com/watch?v=lfX7XwS7c6k;98.6% (68/69)
Pan Stanisław z Warszawy - Polityka (2019) #polska #film #śmieszne #haha #kabaret #netflix #movie;Scenownik;2026-09-04;Ubecka produkcja dla polskiego prostactwa;@ireneusztokarz8166;0;0;CAMP_A;CAMP_A defends or minimizes the controversies surrounding religious figures and right-wing politicians, arguing that media attacks are biased or politically motivated. CAMP_B criticizes church corruption, hypocrisy, and political enablers, expressing frustration with systemic impunity and blind followers.;0.7;Anger;The video is a regime-backed production aimed at manipulating the uneducated public.;;https://www.youtube.com/watch?v=lfX7XwS7c6k;98.6% (68/69)
Pan Stanisław z Warszawy - Polityka (2019) #polska #film #śmieszne #haha #kabaret #netflix #movie;Scenownik;2026-09-04;Co ten Shrek pierdoli;@mariuszg3932;0;0;CAMP_B;CAMP_A defends or minimizes the controversies surrounding religious figures and right-wing politicians, arguing that media attacks are biased or politically motivated. CAMP_B criticizes church corruption, hypocrisy, and political enablers, expressing frustration with systemic impunity and blind followers.;0.6;Anger;Hostile remark directed at the religious figure.;;https://www.youtube.com/watch?v=lfX7XwS7c6k;98.6% (68/69)
Pan Stanisław z Warszawy - Polityka (2019) #polska #film #śmieszne #haha #kabaret #netflix #movie;Scenownik;2026-09-04;Rydzyk jest nie tykalny a my na to stado PiSu i PO co roku głosujemy 😱 Teraz jest cyrk Zonda jak PiS wróci do władzy to będzie inny cyrk a w Polsce służba zdrowia leży w opłakanym stanie.  Niepełnosprawnych olali bo to nie ludzie bo dla rządu zasiłek pielęgnacyjny 215zl to jest już majątek a sami sobie jakie dali podwyżki od 2019r   To jest chore państwo.;@piotrcz938;0;0;CAMP_B;CAMP_A defends or minimizes the controversies surrounding religious figures and right-wing politicians, arguing that media attacks are biased or politically motivated. CAMP_B criticizes church corruption, hypocrisy, and political enablers, expressing frustration with systemic impunity and blind followers.;0.8;Anger;Both PiS and PO fail the public while healthcare collapses and politicians enrich themselves.;;https://www.youtube.com/watch?v=lfX7XwS7c6k;98.6% (68/69)
Pan Stanisław z Warszawy - Polityka (2019) #polska #film #śmieszne #haha #kabaret #netflix #movie;Scenownik;2026-09-04;Shreck na krowie jeździ;@ElwisMarado;0;0;CAMP_B;CAMP_A defends or minimizes the controversies surrounding religious figures and right-wing politicians, arguing that media attacks are biased or politically motivated. CAMP_B criticizes church corruption, hypocrisy, and political enablers, expressing frustration with systemic impunity and blind followers.;0.3;Sarcasm;Mocking the religious figure with absurd imagery.;;https://www.youtube.com/watch?v=lfX7XwS7c6k;98.6% (68/69)
Pan Stanisław z Warszawy - Polityka (2019) #polska #film #śmieszne #haha #kabaret #netflix #movie;Scenownik;2026-09-04;Ale żenada używając nie swoich autorskich tekstów;@kosiarz777k5;0;0;CAMP_A;CAMP_A defends or minimizes the controversies surrounding religious figures and right-wing politicians, arguing that media attacks are biased or politically motivated. CAMP_B criticizes church corruption, hypocrisy, and political enablers, expressing frustration with systemic impunity and blind followers.;0.4;Frustration;Criticizing the creator for using unoriginal material.;;https://www.youtube.com/watch?v=lfX7XwS7c6k;98.6% (68/69)
Pan Stanisław z Warszawy - Polityka (2019) #polska #film #śmieszne #haha #kabaret #netflix #movie;Scenownik;2026-09-04;A potem się dziwią że ludzie do kościoła nie chodzą.  Wiadomo  że auto trzeba mieć.  Ale starczy za 200tys a nie za 2miliony .  Ryba psuje się od głowy a kościół ma dużo z rybą wspólnego.  Też psuje się od tego diabła w białej szacie.  Wierzę w Boga ale nie w tych ludzi.;@marekkowalski8189;0;0;CAMP_B;CAMP_A defends or minimizes the controversies surrounding religious figures and right-wing politicians, arguing that media attacks are biased or politically motivated. CAMP_B criticizes church corruption, hypocrisy, and political enablers, expressing frustration with systemic impunity and blind followers.;0.7;Disappointment;Church leaders hypocrisy drives people away from religion despite personal faith in God.;;https://www.youtube.com/watch?v=lfX7XwS7c6k;98.6% (68/69)
Pan Stanisław z Warszawy - Polityka (2019) #polska #film #śmieszne #haha #kabaret #netflix #movie;Scenownik;2026-09-04;Z Allacha śmiejcie się 😂 już Francuzi się na śmiali w redakcji gazety;@robakrobakie5473;0;0;CAMP_A;CAMP_A defends or minimizes the controversies surrounding religious figures and right-wing politicians, arguing that media attacks are biased or politically motivated. CAMP_B criticizes church corruption, hypocrisy, and political enablers, expressing frustration with systemic impunity and blind followers.;0.6;Anger;Hypocrisy in mocking Christianity while other religions are immune to such satire.;;https://www.youtube.com/watch?v=lfX7XwS7c6k;98.6% (68/69)
Pan Stanisław z Warszawy - Polityka (2019) #polska #film #śmieszne #haha #kabaret #netflix #movie;Scenownik;2026-09-04;Tzeba byl.  .osiołka kupić 😂;@wojciechplandowski6468;0;0;CAMP_B;CAMP_A defends or minimizes the controversies surrounding religious figures and right-wing politicians, arguing that media attacks are biased or politically motivated. CAMP_B criticizes church corruption, hypocrisy, and political enablers, expressing frustration with systemic impunity and blind followers.;0.3;Sarcasm;Mocking suggestion to buy a donkey instead of luxury items.;;https://www.youtube.com/watch?v=lfX7XwS7c6k;98.6% (68/69)
Pan Stanisław z Warszawy - Polityka (2019) #polska #film #śmieszne #haha #kabaret #netflix #movie;Scenownik;2026-09-04;Ten biedny, głupi motłoch nadal wierzy w wybuch samolotu, to że tusk powoduje wszelkie nieszczęścia na ziemi i że ukraina jest wiekszym zagrożeniem jak rosja. Acha i że szczepionki zabijały ludzi.;@siarzesky;0;0;CAMP_B;CAMP_A defends or minimizes the controversies surrounding religious figures and right-wing politicians, arguing that media attacks are biased or politically motivated. CAMP_B criticizes church corruption, hypocrisy, and political enablers, expressing frustration with systemic impunity and blind followers.;0.8;Anger;Condemnation of gullible voters who believe in conspiracy theories and propaganda.;;https://www.youtube.com/watch?v=lfX7XwS7c6k;98.6% (68/69)
Pan Stanisław z Warszawy - Polityka (2019) #polska #film #śmieszne #haha #kabaret #netflix #movie;Scenownik;2026-09-04;kto z tego beztalencia zrobił gigamega gwiazdę ,nie wiadomo. Wołodyjowski w jego wykonaniu to kwintesencja wszystkiego .Co za bałwan!!!.;@bogdanfibiger;0;0;CAMP_B;CAMP_A defends or minimizes the controversies surrounding religious figures and right-wing politicians, arguing that media attacks are biased or politically motivated. CAMP_B criticizes church corruption, hypocrisy, and political enablers, expressing frustration with systemic impunity and blind followers.;0.6;Anger;Harsh criticism of the actor's talent and public persona.;;https://www.youtube.com/watch?v=lfX7XwS7c6k;98.6% (68/69)
Pan Stanisław z Warszawy - Polityka (2019) #polska #film #śmieszne #haha #kabaret #netflix #movie;Scenownik;2026-09-04;Ta biznesmen 😂 dla mnie to on jest największy ale z grzeczności nie napiszę.  Nie różni się niczym jak politycy w tym kraju im nie wierzę i jemu tym bardziej nie.;@piotrcz938;0;0;CAMP_B;CAMP_A defends or minimizes the controversies surrounding religious figures and right-wing politicians, arguing that media attacks are biased or politically motivated. CAMP_B criticizes church corruption, hypocrisy, and political enablers, expressing frustration with systemic impunity and blind followers.;0.5;Frustration;The religious leader is no different from corrupt politicians and cannot be trusted.;;https://www.youtube.com/watch?v=lfX7XwS7c6k;98.6% (68/69)
Pan Stanisław z Warszawy - Polityka (2019) #polska #film #śmieszne #haha #kabaret #netflix #movie;Scenownik;2026-09-04;Kurwa mać ... Ja w sądzie walczę o to czy ublizylem policjantowi czy nie a oni?!?!? Kurwy robią co chcą !!! Ciemnogrod!!!!;@JanKowalski-hf7nv;0;0;CAMP_B;CAMP_A defends or minimizes the controversies surrounding religious figures and right-wing politicians, arguing that media attacks are biased or politically motivated. CAMP_B criticizes church corruption, hypocrisy, and political enablers, expressing frustration with systemic impunity and blind followers.;0.9;Anger;Outrage over the double standards where ordinary citizens face strict laws while elites act with total impunity.;;https://www.youtube.com/watch?v=lfX7XwS7c6k;98.6% (68/69)
Pan Stanisław z Warszawy - Polityka (2019) #polska #film #śmieszne #haha #kabaret #netflix #movie;Scenownik;2026-09-04;Wiem, że to się fajnie klika ale kościół to nie problem. Problemem są ludzie i ich hipokryzja. Ten sam Rydzyk (czy inny duchowny) będąc politykiem zrobiłby inaczej? Co parę lat głosujecie własnoręcznie na ludzi, którzy żyją z waszych podatków i..za parę lat głosujecie na nich znowu.;@xychu007;0;0;CAMP_B;CAMP_A defends or minimizes the controversies surrounding religious figures and right-wing politicians, arguing that media attacks are biased or politically motivated. CAMP_B criticizes church corruption, hypocrisy, and political enablers, expressing frustration with systemic impunity and blind followers.;0.6;Frustration;The true problem is public hypocrisy and voters repeatedly electing corrupt politicians, not just the church.;;https://www.youtube.com/watch?v=lfX7XwS7c6k;98.6% (68/69)
Pan Stanisław z Warszawy - Polityka (2019) #polska #film #śmieszne #haha #kabaret #netflix #movie;Scenownik;2026-09-04;Ale po co o tym mówoć? To nie dobra jest;@RedSickle;0;0;CAMP_B;CAMP_A defends or minimizes the controversies surrounding religious figures and right-wing politicians, arguing that media attacks are biased or politically motivated. CAMP_B criticizes church corruption, hypocrisy, and political enablers, expressing frustration with systemic impunity and blind followers.;0.3;Sarcasm;Mocking censorship attitudes regarding sensitive topics.;;https://www.youtube.com/watch?v=lfX7XwS7c6k;98.6% (68/69)
Pan Stanisław z Warszawy - Polityka (2019) #polska #film #śmieszne #haha #kabaret #netflix #movie;Scenownik;2026-09-04;Ale pierdo.li.sz!!!😂 Też chodzisz w czarnych sukienkach?!?;@wtfjesus8251;0;0;CAMP_A;CAMP_A defends or minimizes the controversies surrounding religious figures and right-wing politicians, arguing that media attacks are biased or politically motivated. CAMP_B criticizes church corruption, hypocrisy, and political enablers, expressing frustration with systemic impunity and blind followers.;0.7;Anger;Aggressive rejection of anti-clerical criticism.;;https://www.youtube.com/watch?v=lfX7XwS7c6k;98.6% (68/69)
Pan Stanisław z Warszawy - Polityka (2019) #polska #film #śmieszne #haha #kabaret #netflix #movie;Scenownik;2026-09-04;",,Miliony dla powodzian dostali mąż i sąsiedzi polityczki KO. Za wodę, po której nie ma śladu""- Wirtualna Polska. Z tego oczywiście filmów przyjazne PO środowisko filmowe nie zrobi. Tylko z Rydzyka podśmiechujki...";@parteniusznowakowski2585;0;0;CAMP_A;CAMP_A defends or minimizes the controversies surrounding religious figures and right-wing politicians, arguing that media attacks are biased or politically motivated. CAMP_B criticizes church corruption, hypocrisy, and political enablers, expressing frustration with systemic impunity and blind followers.;0.6;Frustration;Pro-PO media ignore scandals involving their own allies while constantly mocking the church.;;https://www.youtube.com/watch?v=lfX7XwS7c6k;98.6% (68/69)
Pan Stanisław z Warszawy - Polityka (2019) #polska #film #śmieszne #haha #kabaret #netflix #movie;Scenownik;2026-09-04;bóg zapłać;@simon1313ss3;0;0;NEUTRAL_SPAM;CAMP_A defends or minimizes the controversies surrounding religious figures and right-wing politicians, arguing that media attacks are biased or politically motivated. CAMP_B criticizes church corruption, hypocrisy, and political enablers, expressing frustration with systemic impunity and blind followers.;0.1;Neutral;Traditional religious greeting phrase used ironically.;;https://www.youtube.com/watch?v=lfX7XwS7c6k;98.6% (68/69)
Pan Stanisław z Warszawy - Polityka (2019) #polska #film #śmieszne #haha #kabaret #netflix #movie;Scenownik;2026-09-04;Nie tam gdziem matke bo lochy sa w chlewie;@AdamAdam-og2os;0;0;NEUTRAL_SPAM;CAMP_A defends or minimizes the controversies surrounding religious figures and right-wing politicians, arguing that media attacks are biased or politically motivated. CAMP_B criticizes church corruption, hypocrisy, and political enablers, expressing frustration with systemic impunity and blind followers.;0.2;Neutral;Random proverb or nonsensical phrasing.;;https://www.youtube.com/watch?v=lfX7XwS7c6k;98.6% (68/69)
Pan Stanisław z Warszawy - Polityka (2019) #polska #film #śmieszne #haha #kabaret #netflix #movie;Scenownik;2026-09-04;"Popatrz teraz na KO jak nas okradają! Aaa ciebie nie , tobie UB-eku dali extra"" emeryturę "" :)).";@bogdanmrozek631;0;0;CAMP_A;CAMP_A defends or minimizes the controversies surrounding religious figures and right-wing politicians, arguing that media attacks are biased or politically motivated. CAMP_B criticizes church corruption, hypocrisy, and political enablers, expressing frustration with systemic impunity and blind followers.;0.7;Anger;Accusing the opposition of corruption and referencing communist-era secret police pensions.;;https://www.youtube.com/watch?v=lfX7XwS7c6k;98.6% (68/69)
Pan Stanisław z Warszawy - Polityka (2019) #polska #film #śmieszne #haha #kabaret #netflix #movie;Scenownik;2026-09-04;XXXXX xxx;@ToMasz11119;0;0;CAMP_B;CAMP_A defends or minimizes the controversies surrounding religious figures and right-wing politicians, arguing that media attacks are biased or politically motivated. CAMP_B criticizes church corruption, hypocrisy, and political enablers, expressing frustration with systemic impunity and blind followers.;0.5;Anger; Vulgar political protest slogan directed at ruling parties.;;https://www.youtube.com/watch?v=lfX7XwS7c6k;98.6% (68/69)
Pan Stanisław z Warszawy - Polityka (2019) #polska #film #śmieszne #haha #kabaret #netflix #movie;Scenownik;2026-09-04;BO MUSZĄ TO UDOWODNIC PEWNIE BY SIE DALO PO NUMERZE VIN KTO BYL WLASCICIELEM AUTA ALE MOZNA BY BYLO WCZESNIEJ WYMIENIC SILNIK;@sewipl4736;0;0;CAMP_A;CAMP_A defends or minimizes the controversies surrounding religious figures and right-wing politicians, arguing that media attacks are biased or politically motivated. CAMP_B criticizes church corruption, hypocrisy, and political enablers, expressing frustration with systemic impunity and blind followers.;0.4;Neutral;Car ownership history could theoretically be verified via VIN numbers.;;https://www.youtube.com/watch?v=lfX7XwS7c6k;98.6% (68/69)
Pan Stanisław z Warszawy - Polityka (2019) #polska #film #śmieszne #haha #kabaret #netflix #movie;Scenownik;2026-09-04;Ale to akurat prawda, już to dawno sprawdzano, gość bodajże wygrał kilkanaście tysięcy na loterii i część oddał na różne fundację, w tym Rydzykowi;@JanKowalski-kz1fj;0;0;CAMP_A;CAMP_A defends or minimizes the controversies surrounding religious figures and right-wing politicians, arguing that media attacks are biased or politically motivated. CAMP_B criticizes church corruption, hypocrisy, and political enablers, expressing frustration with systemic impunity and blind followers.;0.4;Neutral;Investigation showed a lottery winner actually donated funds to Rydzyk.;;https://www.youtube.com/watch?v=lfX7XwS7c6k;98.6% (68/69)
Pan Stanisław z Warszawy - Polityka (2019) #polska #film #śmieszne #haha #kabaret #netflix #movie;Scenownik;2026-09-04;​@JanKowalski-kz1fjno proste wygrał kilkanaście tysięcy a kupił dwa auta Rydzykowi warte ''jedno auto'' kilkaset tysięcy złotych xD;@fabianjkj7218;0;0;CAMP_B;CAMP_A defends or minimizes the controversies surrounding religious figures and right-wing politicians, arguing that media attacks are biased or politically motivated. CAMP_B criticizes church corruption, hypocrisy, and political enablers, expressing frustration with systemic impunity and blind followers.;0.5;Sarcasm;Winning a small lottery prize does not explain buying cars worth hundreds of thousands.;;https://www.youtube.com/watch?v=lfX7XwS7c6k;98.6% (68/69)
Pan Stanisław z Warszawy - Polityka (2019) #polska #film #śmieszne #haha #kabaret #netflix #movie;Scenownik;2026-09-04;​@fabianjkj7218powtarzam, że to już jest dawno sprawdzone i trochę wstyd o tym nie wiedzieć po takim czasie jeśli mam być szczery;@JanKowalski-kz1fj;0;0;CAMP_A;CAMP_A defends or minimizes the controversies surrounding religious figures and right-wing politicians, arguing that media attacks are biased or politically motivated. CAMP_B criticizes church corruption, hypocrisy, and political enablers, expressing frustration with systemic impunity and blind followers.;0.4;Frustration;The facts have long been verified, so ignorance of them is embarrassing.;;https://www.youtube.com/watch?v=lfX7XwS7c6k;98.6% (68/69)
Pan Stanisław z Warszawy - Polityka (2019) #polska #film #śmieszne #haha #kabaret #netflix #movie;Scenownik;2026-09-04;Fakty są takie że nie bez powodu mówi że o nim Ojciec Dyrektor xD;@KamilŁączyński-w1o;0;0;CAMP_B;CAMP_A defends or minimizes the controversies surrounding religious figures and right-wing politicians, arguing that media attacks are biased or politically motivated. CAMP_B criticizes church corruption, hypocrisy, and political enablers, expressing frustration with systemic impunity and blind followers.;0.4;Sarcasm;Pointing out the cozy relationship between political authorities and the religious director.;;https://www.youtube.com/watch?v=lfX7XwS7c6k;98.6% (68/69)
Pan Stanisław z Warszawy - Polityka (2019) #polska #film #śmieszne #haha #kabaret #netflix #movie;Scenownik;2026-09-04;Rudy furher;@ire-v7s;0;0;CAMP_A;CAMP_A defends or minimizes the controversies surrounding religious figures and right-wing politicians, arguing that media attacks are biased or politically motivated. CAMP_B criticizes church corruption, hypocrisy, and political enablers, expressing frustration with systemic impunity and blind followers.;0.6;Anger;Insulting opposition leadership (Donald Tusk).;;https://www.youtube.com/watch?v=lfX7XwS7c6k;98.6% (68/69)
Pan Stanisław z Warszawy - Polityka (2019) #polska #film #śmieszne #haha #kabaret #netflix #movie;Scenownik;2026-09-04;Po co? Przecież gawiedzi wystarczy wiral.  Jak ktoś jest mądrzejszy niż własny lewy but to juz dla motłochu jest za mądry i trzeba mu dorobić łatkę.;@lolekjont;0;0;CAMP_A;CAMP_A defends or minimizes the controversies surrounding religious figures and right-wing politicians, arguing that media attacks are biased or politically motivated. CAMP_B criticizes church corruption, hypocrisy, and political enablers, expressing frustration with systemic impunity and blind followers.;0.5;Frustration;Viral sensationalism easily misleads the uncritical masses who attack anyone trying to explain nuance.;;https://www.youtube.com/watch?v=lfX7XwS7c6k;98.6% (68/69)
Pan Stanisław z Warszawy - Polityka (2019) #polska #film #śmieszne #haha #kabaret #netflix #movie;Scenownik;2026-09-04;Tak samo jak platwusy ze rudy to polak i patroita 😂;@alfreg4057;0;0;CAMP_A;CAMP_A defends or minimizes the controversies surrounding religious figures and right-wing politicians, arguing that media attacks are biased or politically motivated. CAMP_B criticizes church corruption, hypocrisy, and political enablers, expressing frustration with systemic impunity and blind followers.;0.5;Sarcasm;Mocking opposition supporters for blindly idolizing their own leaders.;;https://www.youtube.com/watch?v=lfX7XwS7c6k;98.6% (68/69)
Pan Stanisław z Warszawy - Polityka (2019) #polska #film #śmieszne #haha #kabaret #netflix #movie;Scenownik;2026-09-04;​​@hs17_officialrydzyk to wasz swiety chyba czy peowcy tancuja z Rydzykiem 😂😂😂;@krzysztofriedel9656;0;0;CAMP_B;CAMP_A defends or minimizes the controversies surrounding religious figures and right-wing politicians, arguing that media attacks are biased or politically motivated. CAMP_B criticizes church corruption, hypocrisy, and political enablers, expressing frustration with systemic impunity and blind followers.;0.5;Anger;Accusing right-wingers of worshiping Rydzyk.;;https://www.youtube.com/watch?v=lfX7XwS7c6k;98.6% (68/69)
Pan Stanisław z Warszawy - Polityka (2019) #polska #film #śmieszne #haha #kabaret #netflix #movie;Scenownik;2026-09-04;​@hs17_officialpisowcy czy powcy,  jesteście dymania po równo;@deamon4437;0;0;CAMP_B;CAMP_A defends or minimizes the controversies surrounding religious figures and right-wing politicians, arguing that media attacks are biased or politically motivated. CAMP_B criticizes church corruption, hypocrisy, and political enablers, expressing frustration with systemic impunity and blind followers.;0.5;Frustration;Both PiS and PO supporters are being exploited equally by the system.;;https://www.youtube.com/watch?v=lfX7XwS7c6k;98.6% (68/69)
Pan Stanisław z Warszawy - Polityka (2019) #polska #film #śmieszne #haha #kabaret #netflix #movie;Scenownik;2026-09-04;Pan Stanisław bezdomny  😂;@jazdan223;0;0;CAMP_B;CAMP_A defends or minimizes the controversies surrounding religious figures and right-wing politicians, arguing that media attacks are biased or politically motivated. CAMP_B criticizes church corruption, hypocrisy, and political enablers, expressing frustration with systemic impunity and blind followers.;0.3;Sarcasm;Sarcastic reference to the iconic homeless persona.;;https://www.youtube.com/watch?v=lfX7XwS7c6k;98.6% (68/69)
DZIENNIKARZ OŚMIESZYŁ DWU GODZINNEGO PREZYDENTA #polityka #polskapolityka #sejm;pytamy o politykę;2026-09-03;Pomyłka ludzie mieli klapki;@helenadudek2813;92;0;CAMP_B;"CAMP_A: Supporters of Rafał Trzaskowski and his administration; CAMP_B: Detractors criticizing his governance and mocking him.";0.3;Disappointment;The electorate made a mistake and was blind to the truth.;;https://www.youtube.com/watch?v=nWILChnJAbo;100.0% (61/61)
DZIENNIKARZ OŚMIESZYŁ DWU GODZINNEGO PREZYDENTA #polityka #polskapolityka #sejm;pytamy o politykę;2026-09-03;Gosia Gosia hoć;@wit241;80;0;CAMP_B;"CAMP_A: Supporters of Rafał Trzaskowski and his administration; CAMP_B: Detractors criticizing his governance and mocking him.";0.4;Sarcasm;Mocking the politician's personal life or relationship.;;https://www.youtube.com/watch?v=nWILChnJAbo;100.0% (61/61)
DZIENNIKARZ OŚMIESZYŁ DWU GODZINNEGO PREZYDENTA #polityka #polskapolityka #sejm;pytamy o politykę;2026-09-03;On tak do śmierci biedna jego Gosia;@HalinaLangiewicz;73;1;CAMP_B;"CAMP_A: Supporters of Rafał Trzaskowski and his administration; CAMP_B: Detractors criticizing his governance and mocking him.";0.4;Sarcasm;Derisive remark about his personal life and spouse.;;https://www.youtube.com/watch?v=nWILChnJAbo;100.0% (61/61)
DZIENNIKARZ OŚMIESZYŁ DWU GODZINNEGO PREZYDENTA #polityka #polskapolityka #sejm;pytamy o politykę;2026-09-03;Facet pomyłka;@tolekbanan6898;71;0;CAMP_B;"CAMP_A: Supporters of Rafał Trzaskowski and his administration; CAMP_B: Detractors criticizing his governance and mocking him.";0.3;Disappointment;Electing this politician was a complete mistake.;;https://www.youtube.com/watch?v=nWILChnJAbo;100.0% (61/61)
DZIENNIKARZ OŚMIESZYŁ DWU GODZINNEGO PREZYDENTA #polityka #polskapolityka #sejm;pytamy o politykę;2026-09-03;Już nie długo.😂😂;@MarianSzymaniec;66;0;CAMP_B;"CAMP_A: Supporters of Rafał Trzaskowski and his administration; CAMP_B: Detractors criticizing his governance and mocking him.";0.5;Excitement;His political downfall is coming very soon.;;https://www.youtube.com/watch?v=nWILChnJAbo;100.0% (61/61)
DZIENNIKARZ OŚMIESZYŁ DWU GODZINNEGO PREZYDENTA #polityka #polskapolityka #sejm;pytamy o politykę;2026-09-03;Prezydent Warszawy😂😂 już nie długo. Już 70 tys za odwołaniem.;@Zenek-pe1cc;41;0;CAMP_B;"CAMP_A: Supporters of Rafał Trzaskowski and his administration; CAMP_B: Detractors criticizing his governance and mocking him.";0.6;Excitement;The mayor's time in office is ending, backed by recall signatures.;;https://www.youtube.com/watch?v=nWILChnJAbo;100.0% (61/61)
DZIENNIKARZ OŚMIESZYŁ DWU GODZINNEGO PREZYDENTA #polityka #polskapolityka #sejm;pytamy o politykę;2026-09-03;Coś na podobe mają takiego na Rumuni;@robertziokowski5414;36;0;CAMP_B;"CAMP_A: Supporters of Rafał Trzaskowski and his administration; CAMP_B: Detractors criticizing his governance and mocking him.";0.3;Neutral;Comparing the situation or politician to similar figures abroad.;;https://www.youtube.com/watch?v=nWILChnJAbo;100.0% (61/61)
DZIENNIKARZ OŚMIESZYŁ DWU GODZINNEGO PREZYDENTA #polityka #polskapolityka #sejm;pytamy o politykę;2026-09-03;Człowiek układów jako by się dostał polska się skończy;@krzysztofsmolarczyk524;34;2;CAMP_B;"CAMP_A: Supporters of Rafał Trzaskowski and his administration; CAMP_B: Detractors criticizing his governance and mocking him.";0.7;Anger;He represents corrupt elites whose rule would ruin Poland.;;https://www.youtube.com/watch?v=nWILChnJAbo;100.0% (61/61)
DZIENNIKARZ OŚMIESZYŁ DWU GODZINNEGO PREZYDENTA #polityka #polskapolityka #sejm;pytamy o politykę;2026-09-03;To darmozjad hańba jemu i mu podobnych;@jozefosajda8140;33;0;CAMP_B;"CAMP_A: Supporters of Rafał Trzaskowski and his administration; CAMP_B: Detractors criticizing his governance and mocking him.";0.8;Anger;He is a parasite living off public funds, bringing shame.;;https://www.youtube.com/watch?v=nWILChnJAbo;100.0% (61/61)
DZIENNIKARZ OŚMIESZYŁ DWU GODZINNEGO PREZYDENTA #polityka #polskapolityka #sejm;pytamy o politykę;2026-09-03;Zamienia Warszawę w wiochę....;@jabarti5ba318;22;0;CAMP_B;"CAMP_A: Supporters of Rafał Trzaskowski and his administration; CAMP_B: Detractors criticizing his governance and mocking him.";0.5;Frustration;His policies are ruining the aesthetic and development of Warsaw.;;https://www.youtube.com/watch?v=nWILChnJAbo;100.0% (61/61)
DZIENNIKARZ OŚMIESZYŁ DWU GODZINNEGO PREZYDENTA #polityka #polskapolityka #sejm;pytamy o politykę;2026-09-03;Warszawiacy otwórzcie oczy i uszy spójrzcie na Rafaello tego kłamcy😅;@lidiadarowska9627;20;0;CAMP_B;"CAMP_A: Supporters of Rafał Trzaskowski and his administration; CAMP_B: Detractors criticizing his governance and mocking him.";0.6;Frustration;Warsaw residents should realize that Rafał is a liar.;;https://www.youtube.com/watch?v=nWILChnJAbo;100.0% (61/61)
DZIENNIKARZ OŚMIESZYŁ DWU GODZINNEGO PREZYDENTA #polityka #polskapolityka #sejm;pytamy o politykę;2026-09-03;oby nie za dlugo;@norbertsablowski3315;18;0;CAMP_B;"CAMP_A: Supporters of Rafał Trzaskowski and his administration; CAMP_B: Detractors criticizing his governance and mocking him.";0.4;Frustration;Hopefully his tenure will end very soon.;;https://www.youtube.com/watch?v=nWILChnJAbo;100.0% (61/61)
DZIENNIKARZ OŚMIESZYŁ DWU GODZINNEGO PREZYDENTA #polityka #polskapolityka #sejm;pytamy o politykę;2026-09-03;Tak gdzie wał za wałem wychodzi. Jak głupi są Warszawiacy że nie odwołają tego symbolu nowoczesnego kibla;@SzakuŁPolska;11;0;CAMP_B;"CAMP_A: Supporters of Rafał Trzaskowski and his administration; CAMP_B: Detractors criticizing his governance and mocking him.";0.8;Anger;It is foolish of Warsaw citizens not to recall this failed leader.;;https://www.youtube.com/watch?v=nWILChnJAbo;100.0% (61/61)
DZIENNIKARZ OŚMIESZYŁ DWU GODZINNEGO PREZYDENTA #polityka #polskapolityka #sejm;pytamy o politykę;2026-09-03;Ale Ciebie nie chcaRafalku;@reginanalaskowski918;11;0;CAMP_B;"CAMP_A: Supporters of Rafał Trzaskowski and his administration; CAMP_B: Detractors criticizing his governance and mocking him.";0.4;Sarcasm;People do not want you around, Rafał.;;https://www.youtube.com/watch?v=nWILChnJAbo;100.0% (61/61)
DZIENNIKARZ OŚMIESZYŁ DWU GODZINNEGO PREZYDENTA #polityka #polskapolityka #sejm;pytamy o politykę;2026-09-03;NO TO PO WARSZAWIE a najgorsze że to tałatajstwo rozejdzie się po całym kraju  tego ojczyzna może nie wytrzymać;@witoldmazgiejko2265;8;0;CAMP_B;"CAMP_A: Supporters of Rafał Trzaskowski and his administration; CAMP_B: Detractors criticizing his governance and mocking him.";0.8;Anger;His governance destroys Warsaw and threatens the whole country.;;https://www.youtube.com/watch?v=nWILChnJAbo;100.0% (61/61)
DZIENNIKARZ OŚMIESZYŁ DWU GODZINNEGO PREZYDENTA #polityka #polskapolityka #sejm;pytamy o politykę;2026-09-03;Ale bezczelny  krótki prezydent;@ZofiaMalec-pz2bs;8;0;CAMP_B;"CAMP_A: Supporters of Rafał Trzaskowski and his administration; CAMP_B: Detractors criticizing his governance and mocking him.";0.5;Frustration;He is arrogant and short in stature.;;https://www.youtube.com/watch?v=nWILChnJAbo;100.0% (61/61)
DZIENNIKARZ OŚMIESZYŁ DWU GODZINNEGO PREZYDENTA #polityka #polskapolityka #sejm;pytamy o politykę;2026-09-03;Won popaprańcu;@grzegorzmuszynski6688;7;0;CAMP_B;"CAMP_A: Supporters of Rafał Trzaskowski and his administration; CAMP_B: Detractors criticizing his governance and mocking him.";0.8;Anger;Direct insult demanding his removal from office.;;https://www.youtube.com/watch?v=nWILChnJAbo;100.0% (61/61)
DZIENNIKARZ OŚMIESZYŁ DWU GODZINNEGO PREZYDENTA #polityka #polskapolityka #sejm;pytamy o politykę;2026-09-03;Tak się koncentruje że go chcą odwolac😅😅😅😅😅😅😅😅😅😅😅;@elllllkaaaaa;5;0;CAMP_B;"CAMP_A: Supporters of Rafał Trzaskowski and his administration; CAMP_B: Detractors criticizing his governance and mocking him.";0.6;Excitement;He is facing a massive backlash and recall attempts.;;https://www.youtube.com/watch?v=nWILChnJAbo;100.0% (61/61)
DZIENNIKARZ OŚMIESZYŁ DWU GODZINNEGO PREZYDENTA #polityka #polskapolityka #sejm;pytamy o politykę;2026-09-03;gosia gosia.;@ZBIGNIEWKRYCIA-s8p;4;0;CAMP_B;"CAMP_A: Supporters of Rafał Trzaskowski and his administration; CAMP_B: Detractors criticizing his governance and mocking him.";0.3;Sarcasm;Repeating mocking references to his personal life.;;https://www.youtube.com/watch?v=nWILChnJAbo;100.0% (61/61)
DZIENNIKARZ OŚMIESZYŁ DWU GODZINNEGO PREZYDENTA #polityka #polskapolityka #sejm;pytamy o politykę;2026-09-03;Wiceprzewodniczący -w platformie połowa ma to stanowisko;@jacmik;4;0;CAMP_B;"CAMP_A: Supporters of Rafał Trzaskowski and his administration; CAMP_B: Detractors criticizing his governance and mocking him.";0.4;Frustration;Too many people in his party hold empty titles.;;https://www.youtube.com/watch?v=nWILChnJAbo;100.0% (61/61)
DZIENNIKARZ OŚMIESZYŁ DWU GODZINNEGO PREZYDENTA #polityka #polskapolityka #sejm;pytamy o politykę;2026-09-03;😂😂😂😂;@AriuszTyranski;4;0;CAMP_B;"CAMP_A: Supporters of Rafał Trzaskowski and his administration; CAMP_B: Detractors criticizing his governance and mocking him.";0.5;Excitement;Laughter at the politician's expense.;;https://www.youtube.com/watch?v=nWILChnJAbo;100.0% (61/61)
DZIENNIKARZ OŚMIESZYŁ DWU GODZINNEGO PREZYDENTA #polityka #polskapolityka #sejm;pytamy o politykę;2026-09-03;On miał być prezydentem Polski haha no ozee;@WojciechKędzior-r7d;3;0;CAMP_B;"CAMP_A: Supporters of Rafał Trzaskowski and his administration; CAMP_B: Detractors criticizing his governance and mocking him.";0.5;Sarcasm;He aimed for the presidency of the country but failed miserably.;;https://www.youtube.com/watch?v=nWILChnJAbo;100.0% (61/61)
DZIENNIKARZ OŚMIESZYŁ DWU GODZINNEGO PREZYDENTA #polityka #polskapolityka #sejm;pytamy o politykę;2026-09-03;Gosia, Gosia.;@marekw13;3;0;CAMP_B;"CAMP_A: Supporters of Rafał Trzaskowski and his administration; CAMP_B: Detractors criticizing his governance and mocking him.";0.3;Sarcasm;Taunting him with personal remarks.;;https://www.youtube.com/watch?v=nWILChnJAbo;100.0% (61/61)
DZIENNIKARZ OŚMIESZYŁ DWU GODZINNEGO PREZYDENTA #polityka #polskapolityka #sejm;pytamy o politykę;2026-09-03;I jak kozaku się czujesz ,zrzucili Cię z siodła.Posadż twojego lidera niech się teraz on wykaże😂;@franekketa8687;3;0;CAMP_B;"CAMP_A: Supporters of Rafał Trzaskowski and his administration; CAMP_B: Detractors criticizing his governance and mocking him.";0.7;Excitement;He has been knocked off his high horse and should let his leader step up.;;https://www.youtube.com/watch?v=nWILChnJAbo;100.0% (61/61)
DZIENNIKARZ OŚMIESZYŁ DWU GODZINNEGO PREZYDENTA #polityka #polskapolityka #sejm;pytamy o politykę;2026-09-03;Dzięki Bogu że się nie dostał było by po Polsce 🇵🇱🇵🇱🇵🇱z Warszawą sobie nie radzi😭;@krystynamecik3155;3;0;CAMP_B;"CAMP_A: Supporters of Rafał Trzaskowski and his administration; CAMP_B: Detractors criticizing his governance and mocking him.";0.7;Frustration;It is fortunate he did not win nationally since he cannot even manage Warsaw.;;https://www.youtube.com/watch?v=nWILChnJAbo;100.0% (61/61)
DZIENNIKARZ OŚMIESZYŁ DWU GODZINNEGO PREZYDENTA #polityka #polskapolityka #sejm;pytamy o politykę;2026-09-03;Jestem Warszawiakiem i takiego pajaca za prezydenta Warszawy nie chcę. 🤮🤮🤮🤮🤮🤮;@mariusz-iy6mn;2;0;CAMP_B;"CAMP_A: Supporters of Rafał Trzaskowski and his administration; CAMP_B: Detractors criticizing his governance and mocking him.";0.8;Anger;As a Warsaw resident, I reject this incompetent mayor.;;https://www.youtube.com/watch?v=nWILChnJAbo;100.0% (61/61)
DZIENNIKARZ OŚMIESZYŁ DWU GODZINNEGO PREZYDENTA #polityka #polskapolityka #sejm;pytamy o politykę;2026-09-03;O sobie.mowi   ten chłop ❤;@ElaK-q7b;2;0;CAMP_B;"CAMP_A: Supporters of Rafał Trzaskowski and his administration; CAMP_B: Detractors criticizing his governance and mocking him.";0.3;Sarcasm;Mocking the way he talks about himself.;;https://www.youtube.com/watch?v=nWILChnJAbo;100.0% (61/61)
DZIENNIKARZ OŚMIESZYŁ DWU GODZINNEGO PREZYDENTA #polityka #polskapolityka #sejm;pytamy o politykę;2026-09-03;Ale za to piękny Rafał;@Andrzej-z3g;2;0;CAMP_A;"CAMP_A: Supporters of Rafał Trzaskowski and his administration; CAMP_B: Detractors criticizing his governance and mocking him.";0.3;Excitement;Complimenting the politician's appearance.;;https://www.youtube.com/watch?v=nWILChnJAbo;100.0% (61/61)
DZIENNIKARZ OŚMIESZYŁ DWU GODZINNEGO PREZYDENTA #polityka #polskapolityka #sejm;pytamy o politykę;2026-09-03;I to są stracone pieniądze i lata;@MartynaMaj-sj7nd;2;0;CAMP_B;"CAMP_A: Supporters of Rafał Trzaskowski and his administration; CAMP_B: Detractors criticizing his governance and mocking him.";0.5;Disappointment;His tenure represents wasted time and squandered money.;;https://www.youtube.com/watch?v=nWILChnJAbo;100.0% (61/61)
DZIENNIKARZ OŚMIESZYŁ DWU GODZINNEGO PREZYDENTA #polityka #polskapolityka #sejm;pytamy o politykę;2026-09-03;KOMPROMITACJA ŻENADA PRINCE POLO 😅;@Pawe-nz3kd;1;0;CAMP_B;"CAMP_A: Supporters of Rafał Trzaskowski and his administration; CAMP_B: Detractors criticizing his governance and mocking him.";0.6;Sarcasm;He is an absolute embarrassment and failure.;;https://www.youtube.com/watch?v=nWILChnJAbo;100.0% (61/61)
DZIENNIKARZ OŚMIESZYŁ DWU GODZINNEGO PREZYDENTA #polityka #polskapolityka #sejm;pytamy o politykę;2026-09-03;Ale beka 😅😅😅😅;@HalinaHądzlik;1;0;CAMP_B;"CAMP_A: Supporters of Rafał Trzaskowski and his administration; CAMP_B: Detractors criticizing his governance and mocking him.";0.5;Excitement;Expressing amusement at the politician's predicament.;;https://www.youtube.com/watch?v=nWILChnJAbo;100.0% (61/61)
DZIENNIKARZ OŚMIESZYŁ DWU GODZINNEGO PREZYDENTA #polityka #polskapolityka #sejm;pytamy o politykę;2026-09-03;To niebyły gratulacje lemingu ddr rfn;@AdamMichalski-in1xy;1;0;CAMP_B;"CAMP_A: Supporters of Rafał Trzaskowski and his administration; CAMP_B: Detractors criticizing his governance and mocking him.";0.5;Frustration;Rejecting foreign comparisons or foreign policy leanings.;;https://www.youtube.com/watch?v=nWILChnJAbo;100.0% (61/61)
DZIENNIKARZ OŚMIESZYŁ DWU GODZINNEGO PREZYDENTA #polityka #polskapolityka #sejm;pytamy o politykę;2026-09-03;Działal na szkodę państwa polskiego. Stoi na czele złodziei publicznych pieniędzy art. 231 k. k. Wyraźnie o tym mówi . Karać złodziei. A gdzie ministerstwo sprawiedliwości ? KRYJE ZŁODZIEI I CZEKA NA ZAMACH STANU.;@LidiaSkrzypoń;1;0;CAMP_B;"CAMP_A: Supporters of Rafał Trzaskowski and his administration; CAMP_B: Detractors criticizing his governance and mocking him.";0.9;Anger;He acts against the Polish state and mismanages public funds, yet justice is absent.;A gdzie ministerstwo sprawiedliwości?;https://www.youtube.com/watch?v=nWILChnJAbo;100.0% (61/61)
DZIENNIKARZ OŚMIESZYŁ DWU GODZINNEGO PREZYDENTA #polityka #polskapolityka #sejm;pytamy o politykę;2026-09-03;ALE ZGASIŁ TZW.  DZIENNIKARZA;@borysbrembor197;1;0;CAMP_B;"CAMP_A: Supporters of Rafał Trzaskowski and his administration; CAMP_B: Detractors criticizing his governance and mocking him.";0.7;Excitement;Praising the interviewer for silencing the biased journalist.;;https://www.youtube.com/watch?v=nWILChnJAbo;100.0% (61/61)
DZIENNIKARZ OŚMIESZYŁ DWU GODZINNEGO PREZYDENTA #polityka #polskapolityka #sejm;pytamy o politykę;2026-09-03;😂😂😂😂;@keybol4360;1;0;CAMP_B;"CAMP_A: Supporters of Rafał Trzaskowski and his administration; CAMP_B: Detractors criticizing his governance and mocking him.";0.4;Excitement;Laughing at the situation.;;https://www.youtube.com/watch?v=nWILChnJAbo;100.0% (61/61)
DZIENNIKARZ OŚMIESZYŁ DWU GODZINNEGO PREZYDENTA #polityka #polskapolityka #sejm;pytamy o politykę;2026-09-03;Nie trzeba jej współczuć,ona jest dumna z siebie i swojego wybranka.;@BenonaNowak;1;0;CAMP_B;"CAMP_A: Supporters of Rafał Trzaskowski and his administration; CAMP_B: Detractors criticizing his governance and mocking him.";0.4;Frustration;She has no remorse and is proud of her partner.;;https://www.youtube.com/watch?v=nWILChnJAbo;100.0% (61/61)
DZIENNIKARZ OŚMIESZYŁ DWU GODZINNEGO PREZYDENTA #polityka #polskapolityka #sejm;pytamy o politykę;2026-09-03;JUŻ Qurwa NIEDŁUGO.😅😅😅;@slawekwlodarski5648;0;0;CAMP_B;"CAMP_A: Supporters of Rafał Trzaskowski and his administration; CAMP_B: Detractors criticizing his governance and mocking him.";0.8;Anger;His time in power is running out violently soon.;;https://www.youtube.com/watch?v=nWILChnJAbo;100.0% (61/61)
DZIENNIKARZ OŚMIESZYŁ DWU GODZINNEGO PREZYDENTA #polityka #polskapolityka #sejm;pytamy o politykę;2026-09-03;Klapki na oczach tych ludzi głupota liberałów komunistów i lewaków jest porażająca;@IreneuszOskroba;0;0;CAMP_B;"CAMP_A: Supporters of Rafał Trzaskowski and his administration; CAMP_B: Detractors criticizing his governance and mocking him.";0.8;Anger;Supporters of liberals and leftists are hopelessly blind and foolish.;;https://www.youtube.com/watch?v=nWILChnJAbo;100.0% (61/61)
DZIENNIKARZ OŚMIESZYŁ DWU GODZINNEGO PREZYDENTA #polityka #polskapolityka #sejm;pytamy o politykę;2026-09-03;😂😂😂😂😂;@Adam-zv7nv;0;0;CAMP_B;"CAMP_A: Supporters of Rafał Trzaskowski and his administration; CAMP_B: Detractors criticizing his governance and mocking him.";0.4;Excitement;Amusement at the politician's downfall.;;https://www.youtube.com/watch?v=nWILChnJAbo;100.0% (61/61)
DZIENNIKARZ OŚMIESZYŁ DWU GODZINNEGO PREZYDENTA #polityka #polskapolityka #sejm;pytamy o politykę;2026-09-03;Brawo Panie redaktorze;@ArekDeszcz;0;0;CAMP_B;"CAMP_A: Supporters of Rafał Trzaskowski and his administration; CAMP_B: Detractors criticizing his governance and mocking him.";0.5;Excitement;Praising the interviewer for exposing the politician.;;https://www.youtube.com/watch?v=nWILChnJAbo;100.0% (61/61)
DZIENNIKARZ OŚMIESZYŁ DWU GODZINNEGO PREZYDENTA #polityka #polskapolityka #sejm;pytamy o politykę;2026-09-03;OKAZ KRETYNA;@ZbigniewSliwka;0;0;CAMP_B;"CAMP_A: Supporters of Rafał Trzaskowski and his administration; CAMP_B: Detractors criticizing his governance and mocking him.";0.8;Anger;Direct insult calling him a moron.;;https://www.youtube.com/watch?v=nWILChnJAbo;100.0% (61/61)
DZIENNIKARZ OŚMIESZYŁ DWU GODZINNEGO PREZYDENTA #polityka #polskapolityka #sejm;pytamy o politykę;2026-09-03;😂😂😂trzaskuś dziury łataj w warszawie;@lokek187;0;0;CAMP_B;"CAMP_A: Supporters of Rafał Trzaskowski and his administration; CAMP_B: Detractors criticizing his governance and mocking him.";0.5;Sarcasm;Mocking him to focus on fixing potholes in Warsaw.;;https://www.youtube.com/watch?v=nWILChnJAbo;100.0% (61/61)
DZIENNIKARZ OŚMIESZYŁ DWU GODZINNEGO PREZYDENTA #polityka #polskapolityka #sejm;pytamy o politykę;2026-09-03;Ale mina warta wszystkich pieniędzy;@DorotaLange-j7i;0;0;CAMP_B;"CAMP_A: Supporters of Rafał Trzaskowski and his administration; CAMP_B: Detractors criticizing his governance and mocking him.";0.5;Excitement;His facial expression in the video is priceless.;;https://www.youtube.com/watch?v=nWILChnJAbo;100.0% (61/61)
DZIENNIKARZ OŚMIESZYŁ DWU GODZINNEGO PREZYDENTA #polityka #polskapolityka #sejm;pytamy o politykę;2026-09-03;Do kibla i Czajki pilnowac;@sawomirwojcik3797;0;0;CAMP_B;"CAMP_A: Supporters of Rafał Trzaskowski and his administration; CAMP_B: Detractors criticizing his governance and mocking him.";0.6;Sarcasm;He should be sent back to monitor sewage and toilets.;;https://www.youtube.com/watch?v=nWILChnJAbo;100.0% (61/61)
DZIENNIKARZ OŚMIESZYŁ DWU GODZINNEGO PREZYDENTA #polityka #polskapolityka #sejm;pytamy o politykę;2026-09-03;I co kmiocie 😂😂😂 znowu przegrasz 😂😂;@Paweł-c4p;0;0;CAMP_B;"CAMP_A: Supporters of Rafał Trzaskowski and his administration; CAMP_B: Detractors criticizing his governance and mocking him.";0.7;Excitement;Taunting him that he will lose yet again.;;https://www.youtube.com/watch?v=nWILChnJAbo;100.0% (61/61)
DZIENNIKARZ OŚMIESZYŁ DWU GODZINNEGO PREZYDENTA #polityka #polskapolityka #sejm;pytamy o politykę;2026-09-03;W Berlinie z Listy CDU  albo SPD napewno wygra😂😂😂😂😂😂;@WieslawMatczak;0;0;CAMP_B;"CAMP_A: Supporters of Rafał Trzaskowski and his administration; CAMP_B: Detractors criticizing his governance and mocking him.";0.5;Sarcasm;He only belongs in foreign politics like Berlin.;;https://www.youtube.com/watch?v=nWILChnJAbo;100.0% (61/61)
DZIENNIKARZ OŚMIESZYŁ DWU GODZINNEGO PREZYDENTA #polityka #polskapolityka #sejm;pytamy o politykę;2026-09-03;Co to za dziennikarze chyba pisowce bo Trzaskowski miał więcej głosów od nawrockiego ale  zostały zamienione;@KrystynaMiękina-o2t;0;0;NEUTRAL_SPAM;"CAMP_A: Supporters of Rafał Trzaskowski and his administration; CAMP_B: Detractors criticizing his governance and mocking him.";0.6;Frustration;Accusing media bias and alleging election vote swapping.;;https://www.youtube.com/watch?v=nWILChnJAbo;100.0% (61/61)
DZIENNIKARZ OŚMIESZYŁ DWU GODZINNEGO PREZYDENTA #polityka #polskapolityka #sejm;pytamy o politykę;2026-09-03;Trzaskowski życiowa pomyłka ..j z nim 👍😁😆;@ZygmuntSojka-e9w;0;0;CAMP_B;"CAMP_A: Supporters of Rafał Trzaskowski and his administration; CAMP_B: Detractors criticizing his governance and mocking him.";0.7;Anger;He is a life mistake and should be dismissed.;;https://www.youtube.com/watch?v=nWILChnJAbo;100.0% (61/61)
DZIENNIKARZ OŚMIESZYŁ DWU GODZINNEGO PREZYDENTA #polityka #polskapolityka #sejm;pytamy o politykę;2026-09-03;Won do Tuska sprzedaję Polskę obudzicie się;@romano-jy6fl;0;0;CAMP_B;"CAMP_A: Supporters of Rafał Trzaskowski and his administration; CAMP_B: Detractors criticizing his governance and mocking him.";0.8;Anger;He is selling out Poland to Tusk and foreign interests.;;https://www.youtube.com/watch?v=nWILChnJAbo;100.0% (61/61)
DZIENNIKARZ OŚMIESZYŁ DWU GODZINNEGO PREZYDENTA #polityka #polskapolityka #sejm;pytamy o politykę;2026-09-03;To się w pale nie mieści;@Andre-98;0;0;CAMP_B;"CAMP_A: Supporters of Rafał Trzaskowski and his administration; CAMP_B: Detractors criticizing his governance and mocking him.";0.5;Disappointment;The situation is completely unbelievable and unacceptable.;;https://www.youtube.com/watch?v=nWILChnJAbo;100.0% (61/61)
DZIENNIKARZ OŚMIESZYŁ DWU GODZINNEGO PREZYDENTA #polityka #polskapolityka #sejm;pytamy o politykę;2026-09-03;Palant i tyle w temacie.;@JerzyBorowicz-w7s;0;0;CAMP_B;"CAMP_A: Supporters of Rafał Trzaskowski and his administration; CAMP_B: Detractors criticizing his governance and mocking him.";0.7;Anger;He is simply a fool, end of story.;;https://www.youtube.com/watch?v=nWILChnJAbo;100.0% (61/61)
DZIENNIKARZ OŚMIESZYŁ DWU GODZINNEGO PREZYDENTA #polityka #polskapolityka #sejm;pytamy o politykę;2026-09-03;Już nie długo 🥵🥵😝;@GrazynaMieczkowska-j8u;0;0;CAMP_B;"CAMP_A: Supporters of Rafał Trzaskowski and his administration; CAMP_B: Detractors criticizing his governance and mocking him.";0.5;Frustration;His time in office will end very soon.;;https://www.youtube.com/watch?v=nWILChnJAbo;100.0% (61/61)
DZIENNIKARZ OŚMIESZYŁ DWU GODZINNEGO PREZYDENTA #polityka #polskapolityka #sejm;pytamy o politykę;2026-09-03;Gosia Gosia Gosia 😂😂😂😂;@piotrerber4760;0;0;CAMP_B;"CAMP_A: Supporters of Rafał Trzaskowski and his administration; CAMP_B: Detractors criticizing his governance and mocking him.";0.4;Sarcasm;Mocking the politician with repetitive name-calling.;;https://www.youtube.com/watch?v=nWILChnJAbo;100.0% (61/61)
DZIENNIKARZ OŚMIESZYŁ DWU GODZINNEGO PREZYDENTA #polityka #polskapolityka #sejm;pytamy o politykę;2026-09-03;Następny Narcyz w Magistracie;@henryk331;0;0;NEUTRAL_SPAM;;0.0;Neutral;-;;https://www.youtube.com/watch?v=nWILChnJAbo;100.0% (61/61)
DZIENNIKARZ OŚMIESZYŁ DWU GODZINNEGO PREZYDENTA #polityka #polskapolityka #sejm;pytamy o politykę;2026-09-03;Gosia on się czepia, Gosia...;@marekmaro7242;0;0;CAMP_B;"CAMP_A: Supporters of Rafał Trzaskowski and his administration; CAMP_B: Detractors criticizing his governance and mocking him.";0.4;Sarcasm;Mocking him complaining to his partner.;;https://www.youtube.com/watch?v=nWILChnJAbo;100.0% (61/61)
DZIENNIKARZ OŚMIESZYŁ DWU GODZINNEGO PREZYDENTA #polityka #polskapolityka #sejm;pytamy o politykę;2026-09-03;Ale musi mieć silną psychikę... Nawet brew nie drgnęła 😂😂;@XXXXXX-tg8eo;0;0;CAMP_B;"CAMP_A: Supporters of Rafał Trzaskowski and his administration; CAMP_B: Detractors criticizing his governance and mocking him.";0.3;Sarcasm;He managed to keep a straight face under pressure.;;https://www.youtube.com/watch?v=nWILChnJAbo;100.0% (61/61)
DZIENNIKARZ OŚMIESZYŁ DWU GODZINNEGO PREZYDENTA #polityka #polskapolityka #sejm;pytamy o politykę;2026-09-03;LENIWY  BARDZO ZAKLAMANY  DARMOZJAD   DYSKUSJE MU W GLOWIE CAMPUSY i W PRACY POJAWIA SIE 2 RAZY  W TYGODNIU  WIOCHA SIE ROBI Z WARSZAWY    FESTYNY TEZ MU W GLOWIE    A JAK TAM PANIE  PTEZYDENCIE CO.PAN TETAZ  BUDUJE  A JAK TAM SZPITAL  DALEJ  TERAZ  PRACUJA PO 20 GODZIN   I CZY PAN COS POPRAWIL  W SZPITALU     WARSZAWA   COFA SIE   W  ROZWOJU;@Jadwiga-jy7fb;0;0;CAMP_B;"CAMP_A: Supporters of Rafał Trzaskowski and his administration; CAMP_B: Detractors criticizing his governance and mocking him.";0.9;Anger;He is a lazy, deceitful parasite who neglects work for festivals and is ruining Warsaw.;A jak tam panie prezydencie co pan teraz buduje a jak tam szpital?;https://www.youtube.com/watch?v=nWILChnJAbo;100.0% (61/61)
DZIENNIKARZ OŚMIESZYŁ DWU GODZINNEGO PREZYDENTA #polityka #polskapolityka #sejm;pytamy o politykę;2026-09-03;Koncentruje się jak tu wywalić z mieszkań komunalnych ludzi;@AdamHaps;0;0;CAMP_B;"CAMP_A: Supporters of Rafał Trzaskowski and his administration; CAMP_B: Detractors criticizing his governance and mocking him.";0.5;Frustration;His focus is on evicting people from communal apartments.;;https://www.youtube.com/watch?v=nWILChnJAbo;100.0% (61/61)
DZIENNIKARZ OŚMIESZYŁ DWU GODZINNEGO PREZYDENTA #polityka #polskapolityka #sejm;pytamy o politykę;2026-09-03;Nikt cię już nie wybierze pajacu haha;@WojciechKędzior-r7d;0;0;CAMP_B;"CAMP_A: Supporters of Rafał Trzaskowski and his administration; CAMP_B: Detractors criticizing his governance and mocking him.";0.6;Sarcasm;Nobody will ever vote for this clown again.;;https://www.youtube.com/watch?v=nWILChnJAbo;100.0% (61/61)
DZIENNIKARZ OŚMIESZYŁ DWU GODZINNEGO PREZYDENTA #polityka #polskapolityka #sejm;pytamy o politykę;2026-09-03;Poszli wy na h.j stacja pisiorow;@Gino5172;0;0;NEUTRAL_SPAM;"CAMP_A: Supporters of Rafał Trzaskowski and his administration; CAMP_B: Detractors criticizing his governance and mocking him.";0.7;Anger;Telling opposing political supporters to leave.;;https://www.youtube.com/watch?v=nWILChnJAbo;100.0% (61/61)
DZIENNIKARZ OŚMIESZYŁ DWU GODZINNEGO PREZYDENTA #polityka #polskapolityka #sejm;pytamy o politykę;2026-09-03;A jak swira dostawal s że nie zostałeś Prezydentem durniu ,przypomnij sobie co wygłaszałes jesteś głupi .;@ReniaRenatka;0;0;CAMP_B;"CAMP_A: Supporters of Rafał Trzaskowski and his administration; CAMP_B: Detractors criticizing his governance and mocking him.";0.8;Anger;He threw a fit when he failed to become president and is foolish.;;https://www.youtube.com/watch?v=nWILChnJAbo;100.0% (61/61)
Zobaczcie jakie nieszczęśliwe potknięcie #polityka #śmieszne;Księciunio pan;2026-09-02;Fair Play po Inżyniersku❗;@MustangTop-c2k;165;1;CAMP_A;CAMP_A: Outraged users condemning the male runner's foul play, racism, or violence against the female athlete. CAMP_B: Users mocking the incident, defending the male runner, or making light of the physical contact with sarcasm and jokes.;0.4;Sarcasm;The user sarcastically praises the male runner's fair play.;;https://www.youtube.com/watch?v=qrqILbbm_E4;100.0% (53/53)
Zobaczcie jakie nieszczęśliwe potknięcie #polityka #śmieszne;Księciunio pan;2026-09-02;Nieszczęśliwie się potknęła o Inżyniera CIEŃ‼️😂😂😂;@MustangTop-c2k;118;1;CAMP_B;CAMP_A: Outraged users condemning the male runner's foul play, racism, or violence against the female athlete. CAMP_B: Users mocking the incident, defending the male runner, or making light of the physical contact with sarcasm and jokes.;0.7;Excitement;The female runner supposedly tripped over the invisible engineer.;;https://www.youtube.com/watch?v=qrqILbbm_E4;100.0% (53/53)
Zobaczcie jakie nieszczęśliwe potknięcie #polityka #śmieszne;Księciunio pan;2026-09-02;Dobrze, że Inżynier się nie przewrócił bo trudno by było go znaleźć na ASFALCIE ‼️‼️‼️🤣🤣🤣🤣;@MustangTop-c2k;115;0;CAMP_B;CAMP_A: Outraged users condemning the male runner's foul play, racism, or violence against the female athlete. CAMP_B: Users mocking the incident, defending the male runner, or making light of the physical contact with sarcasm and jokes.;0.8;Excitement;Jokes about the male runner blending into the asphalt due to his skin color.;;https://www.youtube.com/watch?v=qrqILbbm_E4;100.0% (53/53)
Zobaczcie jakie nieszczęśliwe potknięcie #polityka #śmieszne;Księciunio pan;2026-09-02;To nie ja, ręce mam tutaj😂;@jurusel3062;83;1;CAMP_B;CAMP_A: Outraged users condemning the male runner's foul play, racism, or violence against the female athlete. CAMP_B: Users mocking the incident, defending the male runner, or making light of the physical contact with sarcasm and jokes.;0.5;Excitement;Humorous denial of involvement in the trip.;;https://www.youtube.com/watch?v=qrqILbbm_E4;100.0% (53/53)
Zobaczcie jakie nieszczęśliwe potknięcie #polityka #śmieszne;Księciunio pan;2026-09-02;😂😂 Inżynier chciał coś wykombinować  😂😂;@kazimierzfigurski6468;51;0;CAMP_B;CAMP_A: Outraged users condemning the male runner's foul play, racism, or violence against the female athlete. CAMP_B: Users mocking the incident, defending the male runner, or making light of the physical contact with sarcasm and jokes.;0.6;Excitement;The male runner was scheming something.;;https://www.youtube.com/watch?v=qrqILbbm_E4;100.0% (53/53)
Zobaczcie jakie nieszczęśliwe potknięcie #polityka #śmieszne;Księciunio pan;2026-09-02;Powinno się go zdyskwalifikować;@halinalisowska9946;36;0;CAMP_A;CAMP_A: Outraged users condemning the male runner's foul play, racism, or violence against the female athlete. CAMP_B: Users mocking the incident, defending the male runner, or making light of the physical contact with sarcasm and jokes.;0.7;Anger;The male runner should be disqualified for his actions.;;https://www.youtube.com/watch?v=qrqILbbm_E4;100.0% (53/53)
Zobaczcie jakie nieszczęśliwe potknięcie #polityka #śmieszne;Księciunio pan;2026-09-02;KSIĘCIUNIU nie martw się na szczęście Inżynierowi NIC się nie stanęło ‼️😂😂;@MustangTop-c2k;34;0;CAMP_B;CAMP_A: Outraged users condemning the male runner's foul play, racism, or violence against the female athlete. CAMP_B: Users mocking the incident, defending the male runner, or making light of the physical contact with sarcasm and jokes.;0.6;Sarcasm;Reassuring sarcastically that the male runner is completely unharmed.;;https://www.youtube.com/watch?v=qrqILbbm_E4;100.0% (53/53)
Zobaczcie jakie nieszczęśliwe potknięcie #polityka #śmieszne;Księciunio pan;2026-09-02;To on ją przewrócił !;@WojciechBączkowski-r3v;28;0;CAMP_A;CAMP_A: Outraged users condemning the male runner's foul play, racism, or violence against the female athlete. CAMP_B: Users mocking the incident, defending the male runner, or making light of the physical contact with sarcasm and jokes.;0.6;Anger;Direct accusation that the male runner deliberately knocked her down.;;https://www.youtube.com/watch?v=qrqILbbm_E4;100.0% (53/53)
Zobaczcie jakie nieszczęśliwe potknięcie #polityka #śmieszne;Księciunio pan;2026-09-02;Pięknie wtapia się w podłoże i myślał że jest niewidoczny;@rafi-PL111;16;0;CAMP_B;CAMP_A: Outraged users condemning the male runner's foul play, racism, or violence against the female athlete. CAMP_B: Users mocking the incident, defending the male runner, or making light of the physical contact with sarcasm and jokes.;0.5;Sarcasm;Mocking the runner's appearance and attempt to blend in.;;https://www.youtube.com/watch?v=qrqILbbm_E4;100.0% (53/53)
Zobaczcie jakie nieszczęśliwe potknięcie #polityka #śmieszne;Księciunio pan;2026-09-02;Bardzo podziwiam Twoje zamartwienie😱;@ewakie;16;0;CAMP_B;CAMP_A: Outraged users condemning the male runner's foul play, racism, or violence against the female athlete. CAMP_B: Users mocking the incident, defending the male runner, or making light of the physical contact with sarcasm and jokes.;0.4;Sarcasm;Sarcastic admiration for someone's fake concern.;;https://www.youtube.com/watch?v=qrqILbbm_E4;100.0% (53/53)
Zobaczcie jakie nieszczęśliwe potknięcie #polityka #śmieszne;Księciunio pan;2026-09-02;To się nie ma z czego śmiać to trzeba działać;@Maringo18;13;0;CAMP_A;CAMP_A: Outraged users condemning the male runner's foul play, racism, or violence against the female athlete. CAMP_B: Users mocking the incident, defending the male runner, or making light of the physical contact with sarcasm and jokes.;0.7;Frustration;This is a serious matter that requires action, not laughter.;;https://www.youtube.com/watch?v=qrqILbbm_E4;100.0% (53/53)
Zobaczcie jakie nieszczęśliwe potknięcie #polityka #śmieszne;Księciunio pan;2026-09-02;Asfalt powinien leżeć na drodze i być walcowany ❗❗❗;@dojnekrowypanispurek3416;12;0;CAMP_B;CAMP_A: Outraged users condemning the male runner's foul play, racism, or violence against the female athlete. CAMP_B: Users mocking the incident, defending the male runner, or making light of the physical contact with sarcasm and jokes.;0.5;Sarcasm;Racial joke comparing the runner to asphalt.;;https://www.youtube.com/watch?v=qrqILbbm_E4;100.0% (53/53)
Zobaczcie jakie nieszczęśliwe potknięcie #polityka #śmieszne;Księciunio pan;2026-09-02;myślałem że znów ją skosi xd;@666polakmaly;10;0;CAMP_B;CAMP_A: Outraged users condemning the male runner's foul play, racism, or violence against the female athlete. CAMP_B: Users mocking the incident, defending the male runner, or making light of the physical contact with sarcasm and jokes.;0.4;Neutral;Thought he was going to take her out again.;;https://www.youtube.com/watch?v=qrqILbbm_E4;100.0% (53/53)
Zobaczcie jakie nieszczęśliwe potknięcie #polityka #śmieszne;Księciunio pan;2026-09-02;Tak wielkie zmartwienie,okulary mu spadły;@ewaalina;7;0;CAMP_B;CAMP_A: Outraged users condemning the male runner's foul play, racism, or violence against the female athlete. CAMP_B: Users mocking the incident, defending the male runner, or making light of the physical contact with sarcasm and jokes.;0.5;Sarcasm;Sarcastic remark about how 'worried' the runner was.;;https://www.youtube.com/watch?v=qrqILbbm_E4;100.0% (53/53)
Zobaczcie jakie nieszczęśliwe potknięcie #polityka #śmieszne;Księciunio pan;2026-09-02;Ładnego haka zalożył.;@jurusel3062;7;0;CAMP_B;CAMP_A: Outraged users condemning the male runner's foul play, racism, or violence against the female athlete. CAMP_B: Users mocking the incident, defending the male runner, or making light of the physical contact with sarcasm and jokes.;0.5;Neutral;Pointing out the tactical trip/tackle.;;https://www.youtube.com/watch?v=qrqILbbm_E4;100.0% (53/53)
Zobaczcie jakie nieszczęśliwe potknięcie #polityka #śmieszne;Księciunio pan;2026-09-02;Pewnie tez przez przypadek zginął jej portfel.;@Endipol;6;0;CAMP_B;CAMP_A: Outraged users condemning the male runner's foul play, racism, or violence against the female athlete. CAMP_B: Users mocking the incident, defending the male runner, or making light of the physical contact with sarcasm and jokes.;0.6;Sarcasm;Joking that her wallet was stolen during the fall.;;https://www.youtube.com/watch?v=qrqILbbm_E4;100.0% (53/53)
Zobaczcie jakie nieszczęśliwe potknięcie #polityka #śmieszne;Księciunio pan;2026-09-02;O la gosz! Faulowal;@halu8898;6;0;CAMP_A;CAMP_A: Outraged users condemning the male runner's foul play, racism, or violence against the female athlete. CAMP_B: Users mocking the incident, defending the male runner, or making light of the physical contact with sarcasm and jokes.;0.6;Anger;Calling out the clear foul.;;https://www.youtube.com/watch?v=qrqILbbm_E4;100.0% (53/53)
Zobaczcie jakie nieszczęśliwe potknięcie #polityka #śmieszne;Księciunio pan;2026-09-02;Dżentelmen;@bejruth;4;1;CAMP_B;CAMP_A: Outraged users condemning the male runner's foul play, racism, or violence against the female athlete. CAMP_B: Users mocking the incident, defending the male runner, or making light of the physical contact with sarcasm and jokes.;0.3;Sarcasm;Sarcastic label of 'gentleman' for the aggressive runner.;;https://www.youtube.com/watch?v=qrqILbbm_E4;100.0% (53/53)
Zobaczcie jakie nieszczęśliwe potknięcie #polityka #śmieszne;Księciunio pan;2026-09-02;Telefon jej zajebał?????;@JohannesGreat;4;0;CAMP_B;CAMP_A: Outraged users condemning the male runner's foul play, racism, or violence against the female athlete. CAMP_B: Users mocking the incident, defending the male runner, or making light of the physical contact with sarcasm and jokes.;0.7;Excitement;Vulgar joke implying her phone was stolen.;Telefon jej zajebał?;https://www.youtube.com/watch?v=qrqILbbm_E4;100.0% (53/53)
Zobaczcie jakie nieszczęśliwe potknięcie #polityka #śmieszne;Księciunio pan;2026-09-02;Nic się Nie stało  Inżynierowi ❗ Nic się Nie stało ‼️  😂😂😂😂😂😂😂;@MustangTop-c2k;3;0;CAMP_B;CAMP_A: Outraged users condemning the male runner's foul play, racism, or violence against the female athlete. CAMP_B: Users mocking the incident, defending the male runner, or making light of the physical contact with sarcasm and jokes.;0.7;Excitement;Chanting mockingly that nothing happened to the engineer.;;https://www.youtube.com/watch?v=qrqILbbm_E4;100.0% (53/53)
Zobaczcie jakie nieszczęśliwe potknięcie #polityka #śmieszne;Księciunio pan;2026-09-02;😂🤣;@BogumiłaWójtowicz-r3t;3;0;CAMP_B;CAMP_A: Outraged users condemning the male runner's foul play, racism, or violence against the female athlete. CAMP_B: Users mocking the incident, defending the male runner, or making light of the physical contact with sarcasm and jokes.;0.5;Excitement;Laughing emojis endorsing the mockery.;;https://www.youtube.com/watch?v=qrqILbbm_E4;100.0% (53/53)
Zobaczcie jakie nieszczęśliwe potknięcie #polityka #śmieszne;Księciunio pan;2026-09-02;Kali kochac, kali obciac 😂😂😂😂😂. Nie wiadomo czym ja dotknol 😂😂😂😂😂;@jjm7429;3;0;CAMP_B;CAMP_A: Outraged users condemning the male runner's foul play, racism, or violence against the female athlete. CAMP_B: Users mocking the incident, defending the male runner, or making light of the physical contact with sarcasm and jokes.;0.6;Sarcasm;Mocking broken language tropes while joking about the physical contact.;;https://www.youtube.com/watch?v=qrqILbbm_E4;100.0% (53/53)
Zobaczcie jakie nieszczęśliwe potknięcie #polityka #śmieszne;Księciunio pan;2026-09-02;Może jej nie aresztują za ten rasistowski atak?;@dam1lor;2;0;CAMP_B;CAMP_A: Outraged users condemning the male runner's foul play, racism, or violence against the female athlete. CAMP_B: Users mocking the incident, defending the male runner, or making light of the physical contact with sarcasm and jokes.;0.6;Sarcasm;Sarcastic comment mocking political correctness and racial dynamics.;;https://www.youtube.com/watch?v=qrqILbbm_E4;100.0% (53/53)
Zobaczcie jakie nieszczęśliwe potknięcie #polityka #śmieszne;Księciunio pan;2026-09-02;😂😂😂 Inżynier podstawił jej nogę. Nic się nie stało😂😂😂;@arkadiuszbialy748;2;0;CAMP_B;CAMP_A: Outraged users condemning the male runner's foul play, racism, or violence against the female athlete. CAMP_B: Users mocking the incident, defending the male runner, or making light of the physical contact with sarcasm and jokes.;0.6;Excitement;Laughing at the deliberate trip.;;https://www.youtube.com/watch?v=qrqILbbm_E4;100.0% (53/53)
Zobaczcie jakie nieszczęśliwe potknięcie #polityka #śmieszne;Księciunio pan;2026-09-02;Poprostu walną ja w plecy powinien odpowiadać karnie nie tylko jako sportowiec mógł jej złamać kręgosłup ,żenada te zawody i to komentowanie tego dziennikarza sportowego wstyd za te czasy że są tacy ludzie hańba dla tego kraju że nic z tym nie robi;@anpatriota123;2;0;CAMP_A;CAMP_A: Outraged users condemning the male runner's foul play, racism, or violence against the female athlete. CAMP_B: Users mocking the incident, defending the male runner, or making light of the physical contact with sarcasm and jokes.;0.9;Anger;Severe condemnation of the violent push, demanding criminal accountability and shaming the commentators.;;https://www.youtube.com/watch?v=qrqILbbm_E4;100.0% (53/53)
Zobaczcie jakie nieszczęśliwe potknięcie #polityka #śmieszne;Księciunio pan;2026-09-02;Wymieszał się węgiel z wapnem feminizmu;@WOJCIECHKUBIAK-h8x;1;0;CAMP_B;CAMP_A: Outraged users condemning the male runner's foul play, racism, or violence against the female athlete. CAMP_B: Users mocking the incident, defending the male runner, or making light of the physical contact with sarcasm and jokes.;0.5;Sarcasm;Derogatory racial/political joke about mixing populations.;;https://www.youtube.com/watch?v=qrqILbbm_E4;100.0% (53/53)
Zobaczcie jakie nieszczęśliwe potknięcie #polityka #śmieszne;Księciunio pan;2026-09-02;To był gaz. Tak, to był gaz.;@Fred_Aster;1;0;CAMP_B;CAMP_A: Outraged users condemning the male runner's foul play, racism, or violence against the female athlete. CAMP_B: Users mocking the incident, defending the male runner, or making light of the physical contact with sarcasm and jokes.;0.4;Sarcasm;Absurdist joke about gas.;;https://www.youtube.com/watch?v=qrqILbbm_E4;100.0% (53/53)
Zobaczcie jakie nieszczęśliwe potknięcie #polityka #śmieszne;Księciunio pan;2026-09-02;🤦🤦🤦;@artipawlak9719;1;0;CAMP_A;CAMP_A: Outraged users condemning the male runner's foul play, racism, or violence against the female athlete. CAMP_B: Users mocking the incident, defending the male runner, or making light of the physical contact with sarcasm and jokes.;0.5;Frustration;Expressing disbelief and dismay via emojis.;;https://www.youtube.com/watch?v=qrqILbbm_E4;100.0% (53/53)
Zobaczcie jakie nieszczęśliwe potknięcie #polityka #śmieszne;Księciunio pan;2026-09-02;I tak go wyprzedziła.;@estee9999;0;0;CAMP_B;CAMP_A: Outraged users condemning the male runner's foul play, racism, or violence against the female athlete. CAMP_B: Users mocking the incident, defending the male runner, or making light of the physical contact with sarcasm and jokes.;0.3;Neutral;Noting that she still managed to pass him.;;https://www.youtube.com/watch?v=qrqILbbm_E4;100.0% (53/53)
Zobaczcie jakie nieszczęśliwe potknięcie #polityka #śmieszne;Księciunio pan;2026-09-02;takie pierdolenie głupot wkrótce się skończy...;@AndrzejKról-j9y;0;0;CAMP_A;CAMP_A: Outraged users condemning the male runner's foul play, racism, or violence against the female athlete. CAMP_B: Users mocking the incident, defending the male runner, or making light of the physical contact with sarcasm and jokes.;0.6;Frustration;Complaining about the nonsense in sports/media coming to an end.;;https://www.youtube.com/watch?v=qrqILbbm_E4;100.0% (53/53)
Zobaczcie jakie nieszczęśliwe potknięcie #polityka #śmieszne;Księciunio pan;2026-09-02;Dlaczego kobieta biegnie z chłopami?;@Nina-pt9oh;0;0;NEUTRAL_SPAM;CAMP_A: Outraged users condemning the male runner's foul play, racism, or violence against the female athlete. CAMP_B: Users mocking the incident, defending the male runner, or making light of the physical contact with sarcasm and jokes.;0.2;Neutral;Asking why men and women are running together.;Dlaczego kobieta biegnie z chłopami?;https://www.youtube.com/watch?v=qrqILbbm_E4;100.0% (53/53)
Zobaczcie jakie nieszczęśliwe potknięcie #polityka #śmieszne;Księciunio pan;2026-09-02;Powinien być z dyskwalifikowany i kopa w torbę na pożegnanie;@Cinekmajster;0;0;CAMP_A;CAMP_A: Outraged users condemning the male runner's foul play, racism, or violence against the female athlete. CAMP_B: Users mocking the incident, defending the male runner, or making light of the physical contact with sarcasm and jokes.;0.7;Anger;Demanding disqualification and physical retaliation.;;https://www.youtube.com/watch?v=qrqILbbm_E4;100.0% (53/53)
Zobaczcie jakie nieszczęśliwe potknięcie #polityka #śmieszne;Księciunio pan;2026-09-02;Masakra, ale nie wiem kto gorszy - pseudo zawodnik czy komentator.;@piotrm5433;0;0;CAMP_A;CAMP_A: Outraged users condemning the male runner's foul play, racism, or violence against the female athlete. CAMP_B: Users mocking the incident, defending the male runner, or making light of the physical contact with sarcasm and jokes.;0.6;Disappointment;Criticizing both the athlete and the biased commentator.;;https://www.youtube.com/watch?v=qrqILbbm_E4;100.0% (53/53)
Zobaczcie jakie nieszczęśliwe potknięcie #polityka #śmieszne;Księciunio pan;2026-09-02;K... jakie to zakłamanie potknęła się;@dragonbols11111;0;0;CAMP_A;CAMP_A: Outraged users condemning the male runner's foul play, racism, or violence against the female athlete. CAMP_B: Users mocking the incident, defending the male runner, or making light of the physical contact with sarcasm and jokes.;0.7;Anger;Calling out the hypocrisy of claiming she just 'tripped'.;;https://www.youtube.com/watch?v=qrqILbbm_E4;100.0% (53/53)
Zobaczcie jakie nieszczęśliwe potknięcie #polityka #śmieszne;Księciunio pan;2026-09-02;Te zawody to szyte na miarę i na gębę !;@MariuszNowak-y2x;0;0;CAMP_A;CAMP_A: Outraged users condemning the male runner's foul play, racism, or violence against the female athlete. CAMP_B: Users mocking the incident, defending the male runner, or making light of the physical contact with sarcasm and jokes.;0.5;Frustration;Suggesting the competition is rigged.;;https://www.youtube.com/watch?v=qrqILbbm_E4;100.0% (53/53)
Zobaczcie jakie nieszczęśliwe potknięcie #polityka #śmieszne;Księciunio pan;2026-09-02;nie no, w Anglii by ją zdyskwalifikowali za zabiegnięcie drogi.;@borrubar7849;0;0;CAMP_A;CAMP_A: Outraged users condemning the male runner's foul play, racism, or violence against the female athlete. CAMP_B: Users mocking the incident, defending the male runner, or making light of the physical contact with sarcasm and jokes.;0.5;Disappointment;Noting that in stricter countries she would have been protected and he penalized.;;https://www.youtube.com/watch?v=qrqILbbm_E4;100.0% (53/53)
Zobaczcie jakie nieszczęśliwe potknięcie #polityka #śmieszne;Księciunio pan;2026-09-02;Na MECIE ja bym się ODWDZIĘCZYŁA 👊👊👊👊👊;@Ewa-e7n;0;0;CAMP_A;CAMP_A: Outraged users condemning the male runner's foul play, racism, or violence against the female athlete. CAMP_B: Users mocking the incident, defending the male runner, or making light of the physical contact with sarcasm and jokes.;0.8;Anger;Threatening physical retaliation at the finish line.;;https://www.youtube.com/watch?v=qrqILbbm_E4;100.0% (53/53)
Zobaczcie jakie nieszczęśliwe potknięcie #polityka #śmieszne;Księciunio pan;2026-09-02;Co za śmie...;@jarekkontaktysłużbowejarek;0;0;CAMP_A;CAMP_A: Outraged users condemning the male runner's foul play, racism, or violence against the female athlete. CAMP_B: Users mocking the incident, defending the male runner, or making light of the physical contact with sarcasm and jokes.;0.8;Anger;Insulting the runner for his dirty play.;;https://www.youtube.com/watch?v=qrqILbbm_E4;100.0% (53/53)
Zobaczcie jakie nieszczęśliwe potknięcie #polityka #śmieszne;Księciunio pan;2026-09-02;"Dobrze, że drugi raz się nie ""potknęła""";@mateuszc3922;0;0;CAMP_B;CAMP_A: Outraged users condemning the male runner's foul play, racism, or violence against the female athlete. CAMP_B: Users mocking the incident, defending the male runner, or making light of the physical contact with sarcasm and jokes.;0.4;Sarcasm;Sarcastic relief that she didn't fall a second time.;;https://www.youtube.com/watch?v=qrqILbbm_E4;100.0% (53/53)
Zobaczcie jakie nieszczęśliwe potknięcie #polityka #śmieszne;Księciunio pan;2026-09-02;Spiker też się martwił. Kobita zaatakowała zawodnika który miał obie ręce w gipsie. A fe.;@Rejab56;0;0;CAMP_B;CAMP_A: Outraged users condemning the male runner's foul play, racism, or violence against the female athlete. CAMP_B: Users mocking the incident, defending the male runner, or making light of the physical contact with sarcasm and jokes.;0.5;Sarcasm;Mocking the speaker's biased concern.;;https://www.youtube.com/watch?v=qrqILbbm_E4;100.0% (53/53)
Zobaczcie jakie nieszczęśliwe potknięcie #polityka #śmieszne;Księciunio pan;2026-09-02;Inżynierska robota z uśmiechem białego  po kostkach 😂;@mareksosnowski957;0;0;CAMP_B;CAMP_A: Outraged users condemning the male runner's foul play, racism, or violence against the female athlete. CAMP_B: Users mocking the incident, defending the male runner, or making light of the physical contact with sarcasm and jokes.;0.5;Sarcasm;Racial/ethnic mocking disguised as engineering jokes.;;https://www.youtube.com/watch?v=qrqILbbm_E4;100.0% (53/53)
Zobaczcie jakie nieszczęśliwe potknięcie #polityka #śmieszne;Księciunio pan;2026-09-02;Tu nic się nie ukryje bo wszystko było widać jak czarne na białym .😂;@darekkafarek442;0;0;CAMP_A;CAMP_A: Outraged users condemning the male runner's foul play, racism, or violence against the female athlete. CAMP_B: Users mocking the incident, defending the male runner, or making light of the physical contact with sarcasm and jokes.;0.4;Neutral;The foul was plain as day for everyone to see.;;https://www.youtube.com/watch?v=qrqILbbm_E4;100.0% (53/53)
Zobaczcie jakie nieszczęśliwe potknięcie #polityka #śmieszne;Księciunio pan;2026-09-02;Przecież ten co śpiewa przechodząc przez pasy  Pojawiam się i znikam c chwycil ją i pchnęła na ziemię;@piotr9720;0;0;CAMP_A;CAMP_A: Outraged users condemning the male runner's foul play, racism, or violence against the female athlete. CAMP_B: Users mocking the incident, defending the male runner, or making light of the physical contact with sarcasm and jokes.;0.5;Frustration;Describing how the runner physically grabbed and pushed her.;;https://www.youtube.com/watch?v=qrqILbbm_E4;100.0% (53/53)
Zobaczcie jakie nieszczęśliwe potknięcie #polityka #śmieszne;Księciunio pan;2026-09-02;Noga którą ja specjalnie nadepną powinna być ujęta !!!!   A żeby się to nie męczyło to obrazu dwie...;@eugeniuszbaamaczyk7747;0;0;CAMP_A;CAMP_A: Outraged users condemning the male runner's foul play, racism, or violence against the female athlete. CAMP_B: Users mocking the incident, defending the male runner, or making light of the physical contact with sarcasm and jokes.;0.7;Anger;Demanding punishment for the offending leg/runner.;;https://www.youtube.com/watch?v=qrqILbbm_E4;100.0% (53/53)
Zobaczcie jakie nieszczęśliwe potknięcie #polityka #śmieszne;Księciunio pan;2026-09-02;Murzyn miał fleszbeki z sawanny.....;@bartofil.;0;0;CAMP_B;CAMP_A: Outraged users condemning the male runner's foul play, racism, or violence against the female athlete. CAMP_B: Users mocking the incident, defending the male runner, or making light of the physical contact with sarcasm and jokes.;0.7;Sarcasm;Openly racist remark mocking the runner's ethnicity.;;https://www.youtube.com/watch?v=qrqILbbm_E4;100.0% (53/53)
Zobaczcie jakie nieszczęśliwe potknięcie #polityka #śmieszne;Księciunio pan;2026-09-02;🦍🦍;@igorpastamk094k;0;0;CAMP_B;CAMP_A: Outraged users condemning the male runner's foul play, racism, or violence against the female athlete. CAMP_B: Users mocking the incident, defending the male runner, or making light of the physical contact with sarcasm and jokes.;0.6;Anger;Gorilla emojis expressing racist undertones.;;https://www.youtube.com/watch?v=qrqILbbm_E4;100.0% (53/53)
Zobaczcie jakie nieszczęśliwe potknięcie #polityka #śmieszne;Księciunio pan;2026-09-02;Jaki szlachetny inżynier, przecież mógł ją killimmmmm........;@CollegiumMortis;0;0;CAMP_B;CAMP_A: Outraged users condemning the male runner's foul play, racism, or violence against the female athlete. CAMP_B: Users mocking the incident, defending the male runner, or making light of the physical contact with sarcasm and jokes.;0.6;Sarcasm;Sarcastic praise that he didn't attack her more violently.;;https://www.youtube.com/watch?v=qrqILbbm_E4;100.0% (53/53)
Zobaczcie jakie nieszczęśliwe potknięcie #polityka #śmieszne;Księciunio pan;2026-09-02;Ja bym go wypierdzielił. Drugi raz może by pomyślał. Co za dno tego złamasa.;@KrzysztofOwczarek-d8s;0;0;CAMP_A;CAMP_A: Outraged users condemning the male runner's foul play, racism, or violence against the female athlete. CAMP_B: Users mocking the incident, defending the male runner, or making light of the physical contact with sarcasm and jokes.;0.8;Anger;Demanding the runner be thrown out and heavily criticized.;;https://www.youtube.com/watch?v=qrqILbbm_E4;100.0% (53/53)
Zobaczcie jakie nieszczęśliwe potknięcie #polityka #śmieszne;Księciunio pan;2026-09-02;jaka jej zajebal;@piotrdmitruk772;0;0;CAMP_B;CAMP_A: Outraged users condemning the male runner's foul play, racism, or violence against the female athlete. CAMP_B: Users mocking the incident, defending the male runner, or making light of the physical contact with sarcasm and jokes.;0.7;Excitement;Crude exclamation highlighting the physical hit.;;https://www.youtube.com/watch?v=qrqILbbm_E4;100.0% (53/53)
Zobaczcie jakie nieszczęśliwe potknięcie #polityka #śmieszne;Księciunio pan;2026-09-02;wy sobie śmieszkujecie a to bydle zrobiło co zrobiło.;@MAX19790426;0;0;CAMP_A;CAMP_A: Outraged users condemning the male runner's foul play, racism, or violence against the female athlete. CAMP_B: Users mocking the incident, defending the male runner, or making light of the physical contact with sarcasm and jokes.;0.7;Frustration;Complaining that people are laughing while a serious wrongful act was committed.;;https://www.youtube.com/watch?v=qrqILbbm_E4;100.0% (53/53)
Zobaczcie jakie nieszczęśliwe potknięcie #polityka #śmieszne;Księciunio pan;2026-09-02;Ubogacona została... 😂;@marcinzydak3444;0;0;CAMP_B;CAMP_A: Outraged users condemning the male runner's foul play, racism, or violence against the female athlete. CAMP_B: Users mocking the incident, defending the male runner, or making light of the physical contact with sarcasm and jokes.;0.5;Sarcasm;Using xenophobic slang ('ubogacona') to mock the situation.;;https://www.youtube.com/watch?v=qrqILbbm_E4;100.0% (53/53)
Zobaczcie jakie nieszczęśliwe potknięcie #polityka #śmieszne;Księciunio pan;2026-09-02;Jungleman... 😂;@floyd4472;0;0;CAMP_B;CAMP_A: Outraged users condemning the male runner's foul play, racism, or violence against the female athlete. CAMP_B: Users mocking the incident, defending the male runner, or making light of the physical contact with sarcasm and jokes.;0.5;Sarcasm;Racial slur/nickname playing on 'jungle' and 'man'.;;https://www.youtube.com/watch?v=qrqILbbm_E4;100.0% (53/53)
Zobaczcie jakie nieszczęśliwe potknięcie #polityka #śmieszne;Księciunio pan;2026-09-02;😂😂;@barabasz9449;0;0;CAMP_B;CAMP_A: Outraged users condemning the male runner's foul play, racism, or violence against the female athlete. CAMP_B: Users mocking the incident, defending the male runner, or making light of the physical contact with sarcasm and jokes.;0.4;Excitement;Laughter responding to the thread's humor.;;https://www.youtube.com/watch?v=qrqILbbm_E4;100.0% (53/53)
