Comment Key;Comment ID;Video Key;Comment;Author;Comment Date;Likes;Reply Count;Is Reply;Engagement Score;Stance;Arousal Score;Emotion;Core Argument
1;UgzB6EUk4FvC2c7lgZh4AaABAg;1;Dope update kinda wish we got some dragon weapons to go with the armour but I assume that will come like the crystal stuff;@vVParkerVv;2026-08-28;102;8;1;118;CAMP_A;0.5;Excitement;The update looks dope, though I wish dragon weapons were included alongside the armor.
2;UgzAsmyrvIXnk8g9nOt4AaABAg;1;"Remove 24 hour drops from twitch , now bots/people selling account not only with your ""unqiue"" drops , but also with ""wehype"" rewards. Cmon guys , its time. And you know how it inflate category , stop this madness";@Equart;2026-08-28;67;12;1;91;CAMP_B;0.8;Anger;Remove 24-hour twitch drops because they inflate the category and empower botting and account selling.
3;Ugxlm77famXNvJ21UHt4AaABAg;1;This debuff is insanely good! They could do the same for Avalonians and World Bosses: significantly increase the loot/fame while preventing infinite spawns. A dude made 1 billion PVE fame last week (NA), lmao. Since you guys don't want to remove content, this could at least be a way to create more rotation and variety.;@GordinhAlbion;2026-08-28;61;2;1;65;CAMP_A;0.6;Excitement;The new debuff is a fantastic addition to increase variety and prevent infinite spawns in PVE.
4;Ugy9LVK6LIIAMUY3D_N4AaABAg;1;Now everyone wants a drake egg ❤;@unweem;2026-08-28;27;5;1;37;CAMP_A;0.4;Excitement;Everyone is going to want a drake egg now that they are announced.
5;UgzNsq_yGG-C1P6Jtah4AaABAg;1;Back when you added the EU server, you talked about adding server transfers when the economy had settled on the new server - Any news about server transfers coming or not coming in the future? :-);@chrisbenn;2026-08-28;8;15;1;38;CAMP_C;0.3;Neutral;Players are asking if server transfers will ever be implemented now that the EU server economy has settled.
6;Ugz3VU4PAIupX_iaIp54AaABAg;1;Amazing!! This is the push for me to finally actually play Albion!;@eko12;2026-08-28;12;3;1;18;CAMP_A;0.7;Excitement;This amazing update is the final push needed to make me start playing Albion.
7;UgzAsmyrvIXnk8g9nOt4AaABAg.Aa2dhnI4X1uAa2p1tvhgkb;1;botting like your operaGX campaign?;@Sephiroth9310;2026-08-28;12;0;1;12;CAMP_B;0.5;Sarcasm;Mocking the previous campaign regarding botting.
8;Ugwf62XmCTm6Ao_Q3Rt4AaABAg;1;Dang... Feel like that the dragon mount well get a price of 100milion plus time to grind😭;@MgaBOBO69;2026-08-28;2;10;1;22;CAMP_C;0.6;Disappointment;The dragon mount will likely cost over 100 million and require an intense grind.
9;UgzYwzyCpGpSu4bJADp4AaABAg;1;WE GOT DRAGON IN ALBION SOONER THAN GTA6 RELEASE;@orenjidesu7290;2026-08-28;9;0;0;9;CAMP_A;0.8;Excitement;Albion is getting dragons before GTA 6 is released.
10;UgzOXA6fxeFE3S_3IbJ4AaABAg;1;I've heard some people spreading rumors about whype,  buying and selling accounts for viewers etc, those people spreading such rumors must've lost all their viewership in favor of some better streamer😮 and now they want sbi to cut off the benefits the streamers have, that's ludicrous , I think SBI should check their streamers and even reward them more for the good job they are doing promoting Albion Online, that way even more people will be active in bringing in more content! Those who lost these rights should just accept their pitiful reality and maybe try regain some face by shutting up instead of trying to mislead the game developers , not that they would be noticed , but some people might really think life is as they have said it😂😂😂;@BarabasJudas;2026-08-28;7;1;1;9;CAMP_C;0.6;Anger;People spreading rumors about streamer rewards are just jealous and should stop whining to the developers.
11;UgzAsmyrvIXnk8g9nOt4AaABAg.Aa2dhnI4X1uAa2w5UXdIZi;1;"""Corruption is not bad, corruption is only bad if I'm not involved but if I'm part of that corruption, I'll defend it.""";@ulalalalas;2026-08-28;7;0;1;7;CAMP_B;0.5;Sarcasm;Criticizing hypocritical defenses of corrupt game mechanics.
12;UgzAsmyrvIXnk8g9nOt4AaABAg.Aa2dhnI4X1uAa2rUo9qjkf;1;​@Sephiroth9310😂😂😂😂 you got that right;@NOTURBUSINESS-55;2026-08-28;6;0;1;6;CAMP_B;0.4;Excitement;Agreeing with previous criticisms.
13;UgzAsmyrvIXnk8g9nOt4AaABAg.Aa2dhnI4X1uAa2vXQYBgg9;1;stop crying equart;@gabryeldemers2527;2026-08-28;6;0;1;6;CAMP_B;0.4;Anger;Telling a commenter to stop complaining.
14;UgzAsmyrvIXnk8g9nOt4AaABAg.Aa2dhnI4X1uAa39D41Xgnd;1;Imagine that you are STILL mad about getting kicked out of the creator program because of your own words and actions. Grow up Equart.;@matthewmammothswine4395;2026-08-28;6;0;1;6;CAMP_B;0.6;Anger;Accusing someone of holding a grudge over being kicked from the creator program.
15;UgzHvoHvLobgyCzVCWF4AaABAg;1;No new weapons??;@lordvoldemort7692;2026-08-28;3;2;1;7;CAMP_B;0.4;Disappointment;Expressing disappointment over the absence of new weapons.
16;Ugy8ebpgP8PZUH1t2cN4AaABAg;1;We got PVE again before a SA server;@dummyinvestor;2026-08-28;2;3;1;8;CAMP_B;0.4;Sarcasm;Sarcastic remark about getting more PVE content before a South American server.
17;UgwWoyrtGap0LLB3LWp4AaABAg;1;4000 damage in one skill from 5k hp mount with resistances WE (yes WE) all doomed, there will be no more Ava plates and static dungeons Count your days;@pokorist235;2026-08-28;2;3;1;8;CAMP_B;0.7;Anger;Excessive mount damage will ruin static dungeons and Ava plates, spelling doom for current meta activities.
18;Ugx1MZo6T8QKyGNEokZ4AaABAg;1;Albion 2020 was the real peak. You destroyed faction warfare battles in bandit time with camps, stop the camps during bandit time, we need real fights!!!;@livempire;2026-08-28;1;4;1;9;CAMP_B;0.6;Frustration;Faction warfare battles were better in 2020, and recent camp mechanics ruined real fights during bandit time.
19;UgysbdGEGz-SMOZVDg14AaABAg;1;Lethal zone Blackzone İP caps ruined the game;@MrBeful;2026-08-28;1;4;1;9;CAMP_B;0.5;Frustration;Item power caps in lethal black zones have ruined the game.
20;UgxiKxyygCXpb8r0tF54AaABAg;1;You broke: -solo /Group dungeon -static are shit -open world / camp nerfed to ground  But y good pve patch;@Zjawaz;2026-08-28;0;5;1;10;CAMP_B;0.6;Disappointment;Dungeons and open-world content have been broken or nerfed, despite this being a good PVE patch.
21;UgxYnfIzKTZmxIHT-hx4AaABAg;1;The drakes needing to be fed other mounts is an awesome addition;@Smocman;2026-08-30;4;0;0;4;CAMP_A;0.5;Excitement;Requiring drakes to be fed other mounts is an awesome gameplay addition.
22;Ugwav_As3bPaH3yK-T54AaABAg;1;The 20-player Dragon Sanctuary really feels like a proper large-scale raid! 🐉🔥 Fighting through Maeve all the way to Azaryon, plus the new Dragonslayer gear and Firewing Drake, makes this PvE update really exciting. Can’t wait for August 31! 😆🍀 20人的龍之聖域真的越來越有大型Raid的感覺了！🐉🔥 從梅芙一路打到Azaryon，再加上新的龍屠裝備跟火翼龍坐騎，這次PvE內容真的很讓人期待，8/31快來吧！😆🍀;@Albion-JASONx1842;2026-08-28;4;0;0;4;CAMP_A;0.7;Excitement;The 20-player Dragon Sanctuary feels like a proper large-scale raid and makes this PvE update extremely exciting.
23;Ugw1L7pMJx8aOm-Hukh4AaABAg;1;no dragon shapeshifter D:;@kawkaxd5878;2026-08-28;4;0;0;4;CAMP_B;0.3;Disappointment;Disappointed by the lack of a dragon shapeshifter weapon.
24;UgwW572spemPICoacWd4AaABAg;1;Probably the best update game design-wise. Expanding each type of content by adding a single new enemy is amazing. New items introduce truly new and unique ways to deal with the current meta. The dragon debuff is a great way to make the dungeons more fair and force more commitment out of the players who will be grinding them. Also, dragon cookies is something we needed for a long time. Player-made end-game buffs produced fron the rarest ingredients is something the game was lacking.;@andreymurashev2114;2026-08-28;4;0;0;4;CAMP_A;0.6;Excitement;This is one of the best game design updates, introducing fair dungeon debuffs and endgame buffs via dragon cookies.
25;UgyAGSes4JcxfIVm-Md4AaABAg;1;Cya Pork Omelette 7:30;@stalker31333;2026-08-28;3;1;1;5;CAMP_C;0.3;Neutral;Commenting on in-game food items and timing.
26;UgwvQ6F8uZrK-8LGDsp4AaABAg;1;8.4 Players in the Mist (will be very happy to have a Potion of Rebirth) 👉👈;@True_Guy---0;2026-08-28;2;2;1;6;CAMP_A;0.4;Excitement;Mist players will be very happy to receive the Potion of Rebirth.
27;UgwGXjssHWtfKuHWuN94AaABAg;1;I want plate and cloth dragon armor too;@spacedoggo8818;2026-08-28;2;2;1;6;CAMP_A;0.4;Excitement;Expressing desire for plate and cloth dragon armor sets as well.
28;Ugz4cVJz00VPMsLS9dN4AaABAg;1;1:08 you could've at least used the ability properly in the showcase🤣;@TBanj;2026-08-28;1;3;1;7;CAMP_B;0.3;Sarcasm;Teasing the developers for failing to use the ability properly during the showcase.
29;UgzOXA6fxeFE3S_3IbJ4AaABAg.Aa30GGsrgfhAa34TzZ8OKi;1;Trueeeeee and reallllll;@matthewmammothswine4395;2026-08-28;3;0;1;3;CAMP_C;0.3;Neutral;Agreeing with previous supportive comment.
30;UgwRCaHxQtss32GZvX94AaABAg;1;Excited for this update is an UNDERSTATEMENT!! I haven't been this excited since the F2P launch!;@Hambone1;2026-08-28;3;0;0;3;CAMP_A;0.8;Excitement;Unprecedented level of excitement not felt since the F2P launch.
31;Ugz0SoF96DiKUfafhfR4AaABAg;1;nerf mobility in mists;@chisnoi;2026-08-28;3;0;0;3;CAMP_B;0.5;Frustration;Mobility in the mists needs to be nerfed.
32;UgzB6EUk4FvC2c7lgZh4AaABAg.Aa2cqGqfIDcAa2vrq5JKL0;1;Im wondering about the cloth and plate dragon armours;@kadiusmanticore3933;2026-08-28;3;0;1;3;CAMP_A;0.3;Neutral;Wondering about additional cloth and plate armor sets.
33;UgzemOVuADAeCwHsVrN4AaABAg;1;"0:39 Black zone t7 last boss green chest giving 50k I know it says ""no premium"" but cmon";@antytytan;2026-08-28;1;2;1;5;CAMP_B;0.5;Disappointment;Complaining about low payouts from black zone green chests on the test server.
34;UgxZAXsEmcGPIlzzzVl4AaABAg;1;Dead game.  Just zombie runs from camp to camp, rats and softusers.  F@#$..g ctrlC ctrlV updates and endless rebalancing 😂  This update got boring before it even came out 😂  Whats the point of new gear when only 30% of old gear gets used 😂    Time to del it... u cant make good game 😂  So sad... for the years spent on it 😢;@miniejik;2026-08-28;0;3;1;6;CAMP_B;0.9;Anger;Calling the game dead due to endless rebalancing, copy-paste updates, and software users.
35;Ugxrz7BO_b1_yKTcfuh4AaABAg;1;Give me timing where he talks about black pvp zones. I don't care about dumb pve in albion;@LuxifyTV;2026-08-28;0;3;1;6;CAMP_B;0.4;Disappointment;Dismissing PVE content and asking only for black zone PVP timings.
36;UgwyMDCBFzwQUXkEy7h4AaABAg;1;DRACARYS;@Keymore201;2026-08-29;2;0;0;2;CAMP_A;0.6;Excitement;Hype expression using a dragon reference.
37;UgwvQ6F8uZrK-8LGDsp4AaABAg.Aa3mN5Ug2NKAa3t4ElGPOK;1;they wont use it;@robloxGrinding-g6n;2026-08-28;2;0;1;2;CAMP_B;0.3;Neutral;Doubtful that players will utilize the new items.
38;UgwvQ6F8uZrK-8LGDsp4AaABAg.Aa3mN5Ug2NKAa4i3sWoDu9;1;2x heal with smuggler will be way better still. You can use rev pot with smuggler because of the debuff. Even doble gig/res is better;@Strapazenkinder__1;2026-08-29;2;0;1;2;CAMP_B;0.4;Neutral;Arguing that other item combinations are still superior to the new additions.
39;UgyNXhtFPZ2fMvZcXKh4AaABAg;1;Shity update, just to get a disproportionate mount and irrelevant armors;@pablostelmachuk;2026-08-28;2;0;0;2;CAMP_B;0.6;Disappointment;Calling the update crappy with disproportionate mounts and irrelevant armors.
40;Ugw1-68Ovo_f6OGrxMt4AaABAg;1;Yeah, now fix scouting od black zone and red zone...;@matidbb8356;2026-08-28;2;0;0;2;CAMP_B;0.5;Frustration;The developers need to fix scouting in black and red zones.
41;UgxKS-1rx0gIzc-g6bl4AaABAg;1;Nerf iron-clad + knight armor in statics its not healthy for the game, wonder why statics are dead when theres always 8 man iron clad + nature group that u cant do anything against :D;@VEILII;2026-08-28;2;0;0;2;CAMP_B;0.7;Anger;Iron-clad and knight armor combinations in static dungeons are unhealthy for the game and need a nerf.
42;UgxZAXsEmcGPIlzzzVl4AaABAg.Aa3Fggkpb2ZAa3SBQ8UsmS;1;yellow zone warrior with sub 5m killfame throwing a tantrum;@De2t3ny;2026-08-28;2;0;1;2;CAMP_B;0.6;Anger;Mocking someone as a yellow zone warrior throwing a tantrum.
43;Ugy8ebpgP8PZUH1t2cN4AaABAg.Aa30hteG21dAa3Rdz6viMc;1;why would we need another server lmao;@De2t3ny;2026-08-28;2;0;1;2;CAMP_B;0.3;Neutral;Questioning the need for another server.
44;UgzNsq_yGG-C1P6Jtah4AaABAg.Aa2xxDpK9jlAa37K7BF236;1;this never gonna happening;@T77-x7s;2026-08-28;2;0;1;2;CAMP_C;0.3;Neutral;Stating that server transfers will never happen.
45;UgzNsq_yGG-C1P6Jtah4AaABAg.Aa2xxDpK9jlAa3GfS1_R2G;1;​@LoveyLand Not pointless at all and if you just think a bit about I am sure you can get the point!;@chrisbenn;2026-08-28;2;0;1;2;CAMP_C;0.3;Neutral;Defending the idea that server transfers have a valid point.
46;Ugwc4-tQcXT1SHxMqbh4AaABAg;1;Dragon spirit? Esta muy bien! Asi no podran spamear las dungeons  todo el tiempo los mismos jugadores 👏;@thevortex9615;2026-08-28;2;0;0;2;CAMP_A;0.5;Excitement;The dragon spirit addition is great because it stops the same players from spamming dungeons constantly.
47;UgyixCDL7lkSOzDs3Jd4AaABAg;1;Nerf iron-clad + knight armor in statics its not healthy for the game, wonder why statics are dead when theres always 8 man iron clad + nature group that u cant do anything against 😄;@alfhari9;2026-08-28;2;0;0;2;CAMP_B;0.6;Frustration;Complaining that iron-clad and nature group compositions make static dungeons unplayable.
48;UgwOqEhLWVDCy0evDK54AaABAg;1;holy this looks so good!!! so excited for the random dragon boss encounter!!!;@meghanchalo;2026-08-28;2;0;0;2;CAMP_A;0.8;Excitement;Expressed high excitement for random dragon boss encounters.
49;UgyAGSes4JcxfIVm-Md4AaABAg.Aa2n31qL7DHAa2xB0Y8P9q;1;My wallet is already bleeding xd;@FEFEAO;2026-08-28;2;0;1;2;CAMP_C;0.4;Neutral;Joking about in-game wallet expenses.
50;Ugy8f9aA5A5GKuijATZ4AaABAg;1;damn the debuff;@melankolie1343;2026-08-28;2;0;0;2;CAMP_A;0.4;Excitement;Highlighting the impact of the new debuff.
51;Ugy9LVK6LIIAMUY3D_N4AaABAg.Aa2g00_PFxyAa2vEfEIV1X;1;Let me guess the price of a drake in Asia initially will be 300m+ And maybe will hit 750m someday;@OatmealOOf;2026-08-28;2;0;1;2;CAMP_C;0.5;Neutral;Predicting massive price spikes for drake mounts on the Asia server.
52;Ugy9LVK6LIIAMUY3D_N4AaABAg.Aa2g00_PFxyAa31KVv-2s_;1;Idk, kind of wish it could attack players.;@Liz-v9b8v;2026-08-28;2;0;1;2;CAMP_A;0.3;Neutral;Wishing that the mount could attack players directly.
53;UgwWoyrtGap0LLB3LWp4AaABAg.Aa2cugOTqBfAa2gM3uk_W2;1;😂 please use ur brain instead of ur ass to think😂..it is 4k pve dmg against mobs not player;@user-ci4hu2jg4i;2026-08-28;2;0;1;2;CAMP_B;0.5;Anger;Correcting another user that the massive damage is against PvE mobs, not players.
54;Ugw2ZNCwx29khwUQc5d4AaABAg;1;4:55 good luck gatherers;@AbyssalEcho-m6q;2026-08-28;1;1;1;3;CAMP_A;0.4;Excitement;Wishing gatherers good luck with the new update changes.
55;UgwI6XVCtH--K4kxlrd4AaABAg;1;WHO tf gonna cook dragon egg for just 5% fame :0  it will be like over 200m  it should give like 100-200% fame bonus :/;@SISI-2321;2026-08-28;1;1;1;3;CAMP_C;0.6;Frustration;Cooking dragon eggs for a mere 5% fame bonus makes no economic sense given the likely high cost.
56;UgxBKSOTTcuZrhIjtPh4AaABAg;1;As roupas não fazem jus ao dragão deveriam parecer algo mais imponente realmente: couro de dragão e escamas.;@regapeso;2026-08-28;1;1;1;3;CAMP_B;0.4;Disappointment;The armor designs lack imposing features like actual dragon scales and hide.
57;Ugwx9efJwu5m3mikN_54AaABAg;1;4:10 you mean cartels, right?;@Roadkiller85;2026-08-28;1;1;1;3;CAMP_C;0.3;Neutral;Questioning if they meant cartels instead of general groups.
58;Ugz137TRatAg9QixO_h4AaABAg;1;Dude i mean... goodbye to BOOMBS;@xXMrFoxMclaoudXx;2026-08-28;0;2;1;4;CAMP_B;0.5;Disappointment;Bidding farewell to bomb squads due to new mechanics.
59;UgyFqynEtipWsyb-NN14AaABAg;1;One small concern about sbi player ban system  My friend and other player are getting ban  For rmt which they not Even doing  Like they are raid lead  They sell tabs to black market guy And distribute to friends who participated. My friend is the guy who buy black market items  He got his id ban  He send all the details of loot tab bought silver given to player but still after that they say account ban permanently This is very ridiculous and annoying at the same time  Same happened to my other friend who is skin seller . Pls do something about this sbi  You guys not even tracing Where silver is coming from and why given.;@mrdark2482;2026-08-28;0;2;1;4;CAMP_B;0.7;Anger;Complaining about unfair permanent bans handed out by SBI's player ban system regarding black market trades.
60;Ugy0O-HAYswvKlpR3ex4AaABAg;1;my hype is close to non-existent;@xilomagalhaes;2026-09-01;1;0;0;1;CAMP_B;0.3;Disappointment;Hype levels for the update are close to non-existent.
61;UgzfRk7V4PM-MM8USo54AaABAg;1;You guys are awesome , it would be even better if you could think about solo players;@Ganganadhi;2026-08-31;1;0;0;1;CAMP_D;0.4;Neutral;Praising the developers while asking them to consider solo players more.
62;UgyHvkZepkNezuieR7d4AaABAg;1;This game is so bad for solo players lol;@mrtom8042;2026-08-30;1;0;0;1;CAMP_D;0.5;Frustration;The game is poorly designed for solo players.
63;UgwNkdL3I4MmVr7DzpF4AaABAg;1;Why Ava chests inside a Keeper dungeon? What's or where is the association of the two, Avalonian and Keeper? I bet Ava lore update is coming next, possibly...!!;@dasick91;2026-08-30;1;0;0;1;CAMP_A;0.4;Excitement;Questioning why Avalonian chests are in a Keeper dungeon, hinting at a future lore update.
64;UgwsTzfB3WfPgNpw5hB4AaABAg;1;What's the point of doing all this when you're getting bombed in every zones and every activities available in the game. Big guilds and players are just swiping their cards legally or illegally and bombing everywhere with unbalanced weapons. Playing this game is a waste of time and effort.;@Headphonejack6859;2026-08-29;1;0;0;1;CAMP_B;0.7;Anger;Playing the game is a waste of time because p2w players constantly bomb every zone with unbalanced weapons.
65;UgxsdAnCp3k7EWReiK14AaABAg;1;no pvp content = the opposite of Albion, boring ...;@jdxpectrum3795;2026-08-28;1;0;0;1;CAMP_B;0.5;Disappointment;Lack of PvP content makes the update boring and contrary to Albion's spirit.
66;Ugw5Hzuc6P4N7ZnV31V4AaABAg;1;When are we getting a non-isometic Albion II?;@xMenace;2026-08-28;1;0;0;1;CAMP_B;0.3;Neutral;Asking when a non-isometric Albion II will be released.
67;UgzeXITIZuHt42HEIGZ4AaABAg;1;Sabe o que seria foda. Se o Dragão deixasse uma área onde ele ataca toda queimada de fogo por algumas horas. Ai não apareceria nenhum mob e nem recurso.;@DeLiio;2026-08-28;1;0;0;1;CAMP_A;0.4;Excitement;Suggesting a cool mechanic where dragons leave burned areas devoid of mobs and resources.
68;UgwD9ocTtjgrzpzDd5J4AaABAg;1;Skins for guild hideouts when?;@fettelpaxton7789;2026-08-28;1;0;0;1;CAMP_A;0.3;Neutral;Asking for guild hideout skins.
69;UgzaFFBP2EHono2mnbZ4AaABAg;1;No cloth and metal gear?;@FrancimarioGomes-ov3nl;2026-08-28;1;0;0;1;CAMP_B;0.4;Disappointment;Complaining about the absence of metal and cloth gear.
70;Ugw2ZNCwx29khwUQc5d4AaABAg.Aa3KH6E2ouFAa3PYVVIJmO;1;Just more shit to fuck us 😂;@arcanacoltic971;2026-08-28;1;0;1;1;CAMP_B;0.5;Frustration;Updates only bring more trouble for players.
71;UgyWN15ZIMzAIYRLV754AaABAg;1;Best game to grief players online;@apset6172;2026-08-28;1;0;0;1;CAMP_B;0.4;Sarcasm;Sarcastic comment about Albion being the best game for griefing players.
72;UgwZk4Brt6RhNjgkTZd4AaABAg;1;Don’t forget a native Mac Silicone client :);@Dalton-p9d5m;2026-08-28;1;0;0;1;CAMP_A;0.3;Neutral;Requesting a native Mac Silicon client.
73;UgxZAXsEmcGPIlzzzVl4AaABAg.Aa3Fggkpb2ZAa4kFVTcGOO;1;Yellow zone warrior crying again? Boo hoo game bad game dead 😂;@Strapazenkinder__1;2026-08-29;1;0;1;1;CAMP_B;0.6;Anger;Mocking complainers as yellow zone warriors.
74;UgwsDG8qg-DuqOui6MB4AaABAg;1;This new guy Nick seems to be cool, I like him;@Kelimok777;2026-08-28;1;0;0;1;CAMP_A;0.3;Excitement;Complimenting the new presenter Nick.
75;Ugx1MZo6T8QKyGNEokZ4AaABAg.Aa36M6QcuqjAa37YTlRi1z;1;Faction was sht in 2020 most of which was dominated by big guild with huge budget and proper trained veteran players, new players had no chance then.  Faction 2026 is best. Camps are best for new players and solo players who wants to enjoy the game with big random zerg. If you dont like it dont play faction, go in black zone with your zvz group.;@tamimhasan3084;2026-08-28;1;0;1;1;CAMP_B;0.6;Frustration;Faction warfare in 2026 is better for new and solo players than it was in 2020.
76;Ugx1MZo6T8QKyGNEokZ4AaABAg.Aa36M6QcuqjAa3S1e_x-98;1;if you want real fights join a guild and go to the blackzone, bub wants real fights against zombies lmao;@De2t3ny;2026-08-28;1;0;1;1;CAMP_B;0.5;Sarcasm;Suggesting players go to the black zone for real fights instead of complaining about faction camps.
77;UgyFqynEtipWsyb-NN14AaABAg.Aa33WBR5br3Aa4ncCemL38;1;@tamimhasan3084 Noone ever is giving a small cut its either full silver split, or 80% or its  auctioned starting from a resonable number if theres a lot of loot for the whole zerg (usually 70%). Better yet why is there under every negative comment a zinji who likes to bootlick sbi far too much?;@Tartarumaru-n7u;2026-08-29;1;0;1;1;CAMP_B;0.7;Anger;Defending banned players and accusing others of bootlicking SBI.
78;UgzNsq_yGG-C1P6Jtah4AaABAg.Aa2xxDpK9jlAa39BPmHoCJ;1;That would destroy the economy in every way so that will never happen. Completely pointless merger;@LoveyLand;2026-08-28;1;0;1;1;CAMP_C;0.4;Neutral;Server mergers would destroy the economy.
79;UgzNsq_yGG-C1P6Jtah4AaABAg.Aa2xxDpK9jlAa3A5fXe_Tr;1;@LoveyLand would be possible if they only let you trasfer the carachter without loot money or anything. just the carachter with the unlocked weapons and with the fame;@kazy6335;2026-08-28;1;0;1;1;CAMP_C;0.3;Neutral;Suggesting character-only transfers without loot or silver.
80;UgzNsq_yGG-C1P6Jtah4AaABAg.Aa2xxDpK9jlAa3AekUtFc4;1;@kazy6335 silver and IP are very much connected lol. It will catergorically never happen. Just start a new character on another server if u want to play on it.;@LoveyLand;2026-08-28;1;0;1;1;CAMP_C;0.4;Neutral;Silver and IP are deeply connected, making transfers impossible.
81;UgyVmhn2uIzpohbU5LV4AaABAg;1;Damn, dragon mount will be super expensive after mammoth. Especially on Asia servers;@rfz4151;2026-08-28;1;0;0;1;CAMP_C;0.4;Neutral;Predicting the dragon mount will be extremely expensive, especially on Asia servers.
82;UgwGXjssHWtfKuHWuN94AaABAg.Aa2w-decNiwAa3NeMg2q_4;1;Ig more element of dragon gonna come and it will be for cloth and plate armor line ..maybe...fire . Ice ... who knows .let's see;@amitmunda348;2026-08-28;1;0;1;1;CAMP_A;0.3;Excitement;Hoping for elemental cloth and plate dragon armor variations.
83;UgyvfQQ2SLNUeDrtJ1x4AaABAg;1;будут , ли какието другие боссы в новых данжах? ато как для самого сложного пве их мало;@vp_Stalk;2026-08-28;1;0;0;1;CAMP_B;0.3;Frustration;Complaining about the lack of boss variety in high-end PVE content.
84;Ugy4KSpkqKmJMv2qVwd4AaABAg;1;7:39 most staged fight i have ever seen xD;@eusebioproxd2675;2026-08-28;1;0;0;1;CAMP_B;0.4;Sarcasm;Calling out the showcased fight as heavily staged.
85;UgwfvEaOIG3c3-jEFrN4AaABAg;1;When the battleships PvP in the sea ? :))) Why the dragons eateth horses, lol. They loven eat the brwn cw :))));@vyktorzhuravlev8304;2026-08-28;1;0;0;1;CAMP_A;0.3;Excitement;Playfully asking about naval PvP and dragon diets.
86;Ugw4ezl2QNZ0B1GOh8l4AaABAg;1;keep adding more pve and im defo coming back to the game 100% !;@StoyanStoyanov-b7y;2026-08-28;1;0;0;1;CAMP_A;0.6;Excitement;Returning to the game because of added PVE content.
87;UgzccANf-daxVl4VqtZ4AaABAg;1;The leyfin food and the undead potion is going to be so op  ..healers will never die ever;@amongogoi4652;2026-08-28;1;0;0;1;CAMP_B;0.5;Frustration;New food and potions will make healers completely unkillable and overpowered.
88;UgzHvoHvLobgyCzVCWF4AaABAg.Aa2nW9_I92UAa4YseobHxr;1;not yet probably, because introducing many weapons would and can crash the whole economy, it'll also destroy the meta weapons 😂;@LeonsZzzzz;2026-08-29;1;0;1;1;CAMP_C;0.4;Neutral;Explaining that immediate weapon additions would crash the economy and break the meta.
89;UgzHvoHvLobgyCzVCWF4AaABAg.Aa2nW9_I92UAa4iS__pLDi;1;Probably later, theres always lots of stuff coming in, materials, potions, eggs, zones, monsters. I hope we get cloth dragon armor + dragon weapons later;@Strapazenkinder__1;2026-08-29;1;0;1;1;CAMP_A;0.3;Excitement;Hoping cloth armor and dragon weapons arrive later.
90;UgworXZvhPwUL-YF4Hh4AaABAg;1;the power creep is going to be bonkers;@russellyoung609;2026-08-28;1;0;0;1;CAMP_B;0.5;Frustration;Warning that power creep is going to be extreme.
91;Ugxrz7BO_b1_yKTcfuh4AaABAg.Aa2i1Is1El-Aa2pgwqaWe3;1;Your loss;@andreymurashev2114;2026-08-28;1;0;1;1;CAMP_B;0.4;Anger;Dismissive retort about losses.
92;Ugxrz7BO_b1_yKTcfuh4AaABAg.Aa2i1Is1El-Aa4kIZnZexL;1;Neither do we care about you;@Strapazenkinder__1;2026-08-29;1;0;1;1;CAMP_B;0.4;Anger;Mutual dismissal of opinions.
93;Ugy9LVK6LIIAMUY3D_N4AaABAg.Aa2g00_PFxyAa6uDbvE4tJ;1;@Liz-v9b8v it does, and deals 2987 of fire damage to test dolls in pve server (its a looonnggg canalization);@VAsmodeux;2026-08-30;1;0;1;1;CAMP_A;0.3;Neutral;Providing testing data on fire damage dealt to test dolls.
94;Ugy9LVK6LIIAMUY3D_N4AaABAg.Aa2g00_PFxyAa700zmSkGH;1;​@VAsmodeuxOMG;@Liz-v9b8v;2026-08-30;1;0;1;1;CAMP_A;0.1;Neutral;Tagging another user.
95;Ugwf62XmCTm6Ao_Q3Rt4AaABAg.Aa2eykcCvWNAa2hJRlt1mx;1;​@ninja.cybered I said 100m plus, not exactly 100m. Plus, the grind you're talking about is for someone who doesn't have a life. 😑 Spending 8 hours on the game just to earn 10m? 😐 It's better to get a job and buy Gold, then convert it to Silver, rather than spend your life in the game just to get a Dragon mount. That's sad, bro. Meanwhile, a guy who has a job can buy Gold, convert it to Silver, socialize with people, experience fresh air, and touch grass. And you're flexing your Dragon, meanwhile some guy just bought it like it was nothing with Gold. 😐 If you have that kind of life, kid, better touch some grass. The game ain't worth it.;@MgaBOBO69;2026-08-28;1;0;1;1;CAMP_C;0.6;Anger;Arguing that spending your whole life grinding for silver in-game is sad compared to working and buying gold.
96;Ugwf62XmCTm6Ao_Q3Rt4AaABAg.Aa2eykcCvWNAa2myHNZRAt;1;​@SoulC4-z6b You'll never know. Players have their own preferences. Because dragons can only be stopped by being stunned, all transport will be a lot easier. Mobs will no longer slow you down, and gankers will have a smaller chance of dismounting you. And the way you obtain an egg is no joke. You can't always raid the dragon, and you see, they give a debuff to people who manage to conquer it. Plus, they said there's only a small chance to get the egg. In my view, it has a small chance of getting an egg plus useful transport. I wouldn't be surprised if players start selling them for around 100m to 120m.;@MgaBOBO69;2026-08-28;1;0;1;1;CAMP_C;0.5;Neutral;Predicting mount utility and pricing based on drop rates and transport safety.
97;UgxjHynWCzoh6K_Cg2R4AaABAg;1;Re coloured ava dungeons;@beartrap6367;2026-08-28;1;0;0;1;CAMP_B;0.3;Disappointment;Complaining that the update features recolored Avalonian dungeons.
98;UgyJ6NmjCwsbWcOxxc54AaABAg;1;HELLO MICHAEL AND NICK!;@durka-anonim;2026-08-28;1;0;0;1;CAMP_A;0.4;Excitement;Friendly greeting to the video hosts.
99;UgwWoyrtGap0LLB3LWp4AaABAg.Aa2cugOTqBfAa4id1GqIuK;1;Its PvE damage, learn how to read;@Strapazenkinder__1;2026-08-29;1;0;1;1;CAMP_B;0.4;Anger;Telling someone to learn to read since the damage is for PvE.
100;UgzO87oOG_1HPeBAHbp4AaABAg;1;First;@IncredibleMo;2026-08-28;1;0;0;1;NEUTRAL_SPAM;0.1;Neutral;First comment spam.
101;UgxeDLnDEvQDuIPOcv54AaABAg;1;as a journal enjoyer i can tell we are cooked to get that 8.4 lvl3 curse  achievement 💀;@eusebioproxd2675;2026-08-28;0;1;1;2;CAMP_A;0.4;Excitement;Joking about the difficulty journal achievers will face with level 3 curses.
102;Ugx6FXDMjrTl4lAs9I94AaABAg;1;This is going to further rape kyte comps in midscale, now i can just pot out a clap that the team cant gig, also the new leather jacket is a direct buff to full brawl and melee clap, vs kyte.;@indasellauren;2026-08-28;0;1;1;2;CAMP_B;0.6;Frustration;The new jacket and potion buff brawl and melee comps while hurting kite comps in midscale.
103;UgwMRUJO3IgerhzMuYp4AaABAg;1;unban Maverick;@Carlun-F;2026-08-28;0;1;1;2;CAMP_B;0.3;Neutral;Demanding the unbanning of a player named Maverick.
104;UgzSQ0USDAbnFMVcdhp4AaABAg;1;stupid works for fishers.  trashh potion   trashh food  trashh  new fishes. no one buy this potions foods.  so stupid works;@yks2026t;2026-09-08;0;0;0;0;CAMP_B;0.7;Anger;Calling the new fishing potions, foods, and fishes completely useless trash.
105;UgwoWgz4VxaMPVsO0CB4AaABAg;1;GET YOUR CREDIT CARDS READY WARRIORS AHHAHHAHAHAHAH;@RunAwaylilGirl;2026-09-07;0;0;0;0;CAMP_C;0.6;Excitement;Joking about credit card swiping for the new update.
106;UgwqoWINVKSpNd68Be54AaABAg;1;Nick is so chill!;@ElectrikMe;2026-09-04;0;0;0;0;CAMP_A;0.3;Excitement;Praising Nick for being chill.
107;UgwOXuucsdKKXsdOOjV4AaABAg;1;hay why I can't use siphoned energy can you give me an answer I go black mist avaloian road and open world black zone it still not working;@STALKEY93;2026-09-01;0;0;0;0;CAMP_B;0.4;Frustration;Asking for technical support because siphoned energy is not working in black zones or mists.
108;UgxMikWsu_mSwBMrDbp4AaABAg;1;Very cool;@nitrostealth6;2026-08-31;0;0;0;0;CAMP_A;0.2;Excitement;Short positive feedback.
109;UgzmYl1j5vHis7CbV3t4AaABAg;1;Some dragon such as fire dragon,wind dragon,water dragon,soil dragon and some weapon;@Anchannel-AgbiZ;2026-08-31;0;0;0;0;CAMP_A;0.4;Excitement;Suggesting additional elemental dragons and weapons.
110;UgwpYnYHxlPNW3dSZIx4AaABAg;1;Any guild who play in Asia server who would like to help newbie I would like to join the guild to do PVP and PVE;@heronarkarmuyar9578;2026-08-31;0;0;0;0;CAMP_D;0.3;Neutral;Newbie looking for a guild on the Asia server.
111;UgzmF8p5OzNXW2qs1CZ4AaABAg;1;"Activate ""One-Life Mode""? Death resets progress to zero.";@320wei7;2026-08-31;0;0;0;0;CAMP_B;0.3;Neutral;Proposing a hardcore one-life mode.
112;UgyJt6vwZXg3Fmg_eOR4AaABAg;1;please bring back crystal creature in outland for off season event or next season, the mats from it spursed to the sky 1 t4 mats crystal is 800k in EAST and 600k in EU its for t4 mats and hard to find sometime in the market 😮‍💨😮‍💨;@outright4620;2026-08-30;0;0;0;0;CAMP_C;0.5;Frustration;Complaining about skyrocketing prices for crystal creature materials on East and EU servers.
113;UgyTGcmywGs4Oc-_7GN4AaABAg;1;did i just see a blood letter with merc jacket doing the boss;@tenzinnamdhak5926;2026-08-30;0;0;0;0;CAMP_A;0.3;Neutral;Observing a bloodletter with mercenary jacket fighting the boss.
114;UgwB48r43d6j6S6Ww5V4AaABAg;1;thats it? this is the best yall could do? clowns.;@Mantas-w6k;2026-08-30;0;0;0;0;CAMP_B;0.7;Anger;Insulting developers for a disappointing update.
115;Ugx6mXCOYQJdMVnvKUV4AaABAg;1;Como será o portal solo? Ou nem vai ter ?😊;@mceduznoficial;2026-08-30;0;0;0;0;CAMP_D;0.3;Neutral;Asking if solo portals will be available.
116;Ugz8LtCOWqhl9JYH8g94AaABAg;1;Remember the 3 stages of an albion update guys  Hyped -> meh -> when's the next update;@Hesilamishere;2026-08-29;0;0;0;0;CAMP_B;0.4;Sarcasm;Joking about the three stages of an Albion update cycle.
117;Ugx0Mh1I4GuwrSDPfJx4AaABAg;1;Please randomise the resourse spawn in outlands and weaken the mob there is almost nothing for us too do in asia in outlands. Everything is always gathered and for those of low spec player specking up is extremely difficult please so something tbe;@HAROONKHAN-ku6gm;2026-08-29;0;0;0;0;CAMP_B;0.6;Frustration;Asking developers to randomize resource spawns and weaken mobs in the outlands for low-spec players on the Asia server.
118;Ugw-0Nf5s2_FQKZOSSp4AaABAg;1;Dragons in Albion before Elder Scrolls VI!;@Felahzii;2026-08-29;0;0;0;0;CAMP_A;0.6;Excitement;Joking that dragons arrived in Albion before Elder Scrolls VI.
119;Ugydyr70hpo13-t1fCt4AaABAg;1;broken armour damn lol;@Thechoj42;2026-08-29;0;0;0;0;CAMP_A;0.5;Excitement;Amazed by the broken new armor stats.
120;Ugykhx9x6CIQ0iHuCT54AaABAg;1;Cuando un servidor en LATAM? El Ping malisimo;@cristianyanez-hm1yl;2026-08-29;0;0;0;0;CAMP_B;0.6;Frustration;Demanding a server in Latin America due to bad ping.
121;UgxlZnJ9VUyFrBoRr4x4AaABAg;1;If you want to improve pve try to make new pve mobs.Stop copy pasting the same mobs and keep saying you bring new content.;@lukotelz11;2026-08-29;0;0;0;0;CAMP_B;0.5;Frustration;Accusing developers of copy-pasting existing mobs instead of creating truly new PVE content.
122;Ugxoc84s9rvwU6dGz3V4AaABAg;1;Great, awesome.....now do something about radar hackers;@jonathanmoralescampos8863;2026-08-29;0;0;0;0;CAMP_B;0.5;Frustration;Demanding action against radar hackers.
123;UgxSHIX5SOa8DWt_JNJ4AaABAg;1;These Boots Will break the meta;@Profanotv;2026-08-29;0;0;0;0;CAMP_B;0.5;Excitement;Warning that the new boots will break the current meta.
124;UgwHKEbKfvxR3faRysB4AaABAg;1;I felt awkward the whole time I watched this;@DukeSilver1;2026-08-29;0;0;0;0;CAMP_B;0.3;Disappointment;Felt awkward watching the presentation video.
125;UgyxIMTaY6k_nh6h6Fl4AaABAg;1;How about optimize your game more Holy sht;@zeroofficial1030;2026-08-29;0;0;0;0;CAMP_B;0.6;Frustration;Demanding better game optimization.
126;Ugw-7LWcsgenT2A7QWZ4AaABAg;1;Will ja kein Arsch sein, aber in deiner Position und mit dem Geld was ihr macht wär ein Kurs für korrekte Aussprache echt angebracht.;@eomdings;2026-08-29;0;0;0;0;CAMP_B;0.4;Frustration;Criticizing the speaker's pronunciation given their wealth and position.
127;Ugw-YdcPlhlfbx5vlWV4AaABAg;1;and again group content.... u should focus more on solo players instead;@ksanderjoestar8534;2026-08-29;0;0;0;0;CAMP_D;0.5;Frustration;Complaining that developers focus too much on group content instead of solo players.
128;UgxPsoer3HJoGy_SvL14AaABAg;1;Woohoo! Dragons on Albion! Dragon items, and surprise Dragon attacks on Royal cities. When this update goes live, I believe Albion's active players will increase at least tenfold. DRACARYS!!;@vensantillan3000;2026-08-29;0;0;0;0;CAMP_A;0.8;Excitement;Believing that dragon additions will increase active player counts tenfold.
129;UgzmJr9Ke9RB44WKSHJ4AaABAg;1;50K loots, lets goooooooooo.;@progearcambodia4547;2026-08-29;0;0;0;0;CAMP_C;0.4;Excitement;Cheering for meager 50k loot drops.
130;Ugy6we6_DDpjRgS-dTl4AaABAg;1;L update, L potion, L raid mists - dead, ava raids - dead, hellgates - dead, ava roads - dead. Old content will always feel just not needed, lets just wait until they rotate it or remove it all together :) Brawl - dead, queues - too small. Too much handholding, too much rmt, too much developers being little bitches who are in it only to suck off tier 1 guilds.;@Tartarumaru-n7u;2026-08-29;0;0;0;0;CAMP_B;0.8;Anger;Calling the update terrible and accusing developers of pandering to tier 1 guilds while ruining multiple game modes.
131;UgynyiL9TVDCPKBri7Z4AaABAg;1;Good Update i am ready to Swipe ;@GodX-io8hi;2026-08-29;0;0;0;0;CAMP_C;0.5;Excitement;Ready to swipe credit cards for the good update.
132;UgylKr5fkLLg7p-x_Y14AaABAg;1;02:52 The floor is lava!!!;@ElenEmanuelBlackmont;2026-08-29;0;0;0;0;CAMP_A;0.4;Excitement;Referencing the floor is lava mechanic.
133;UgyDCFh-P10np4Rgm614AaABAg;1;Pls add top down perspective;@zwenainghtun4111;2026-08-29;0;0;0;0;CAMP_B;0.3;Neutral;Requesting a top-down camera perspective.
134;UgzhFNU-uN6gI7ln2Gt4AaABAg;1;hi dev take a look on red or black dragon raid and mount size also the ability to fly for real in a game called archeage, maybe you can learn something from it, this albion dragon mount is so small and cant fly.... for terain like water surface you could add swimming ability to player etc;@arimimusic;2026-08-29;0;0;0;0;CAMP_B;0.5;Frustration;Criticizing the small dragon mount size and lack of true flight mechanics compared to other games.
135;UgwB5iDYb_Qvxs5Y5oJ4AaABAg;1;The dragons are one thing (but the resurrection potion—hold my beer);@GaPlis_1l;2026-08-29;0;0;0;0;CAMP_A;0.6;Excitement;Highlighting the resurrection potion as a game-changing addition.
136;UgxKmwWJ0HlqOqQI_F94AaABAg;1;there needs to be ICE, Undead, Nature Dragons.  having just 1 fire generic dragon from like 2005 world of warcraft is boring. getting 10 learning points for increased difficulty is a meme;@Dbars19;2026-08-29;0;0;0;0;CAMP_B;0.5;Disappointment;Complaining that a single generic fire dragon is boring and more dragon types should be added.
137;UgykHgTPVLXa1VVOvrp4AaABAg;1;MANTAP JOK!;@Enchanto717;2026-08-29;0;0;0;0;CAMP_A;0.3;Excitement;Expressing approval.
138;UgyVPrKMEQmFX79t8lN4AaABAg;1;Mehhh i hate that players now have the option to bring extra consumables. Please dont turn this into a game where we have to eat 10 consumables for maxing buffs;@keyb0at;2026-08-29;0;0;0;0;CAMP_B;0.5;Frustration;Disliking the trend of needing multiple consumables for maximum buffs.
139;UgxjWRzyW7X14qCBb0R4AaABAg;1;I ain't reading all that. NEW FISH!!!!;@byw3669;2026-08-28;0;0;0;0;CAMP_A;0.4;Excitement;Celebrating the addition of new fish.
140;UgxhY674sUiRi8nQ-dp4AaABAg;1;if i was having trouble killing healers  in 1v1 in the past, well we can forget about killing them now witht that food XD;@carterlegacy2363;2026-08-28;0;0;0;0;CAMP_B;0.5;Frustration;Healers will become impossible to kill in 1v1 encounters with the new food.
141;UgwPuRAsHbd1RU8Soy14AaABAg;1;yay more content ill never touch cuz im not apart of a massive pvp zerg;@TTVMrGood;2026-08-28;0;0;0;0;CAMP_D;0.5;Disappointment;Complaining that content is built exclusively for massive PvP zergs rather than solo players.
142;Ugwv4IAaBu5YeVP4nkF4AaABAg;1;"Massive PvP is absolutely disgusting. Basically, there's no real gameplay left.    The game turned into a bomb, and you delete it.   extreme disgusting   Bring back the massive PvP from six years ago before the game's PvP scene dies out. That’s why there are no wars on NA servers anymore.   The devs don't even care.     Those guys' gameplay is bomb .... Players don't even know how to disengage anymore; they just mindlessly charge forward.";@Cidocoftclube;2026-08-28;0;0;0;0;CAMP_B;0.7;Anger;Massive PvP is disgusting and ruined by mindless bombing mechanics.
143;Ugx-2ffIB7RBqYYKkId4AaABAg;1;How is there no pvp in the dragon islands? So as a solo player or small group we can enter and enjoy some nice pve without being interrupted by some rabid players? You are aware that at least 20-25% players want to ruin the fun of others? :);@Skrimmr;2026-08-28;0;0;0;0;CAMP_D;0.5;Frustration;Asking why there isn't a safe PvE zone for solo players to escape toxic gankers.
144;Ugxffx2ZkufDdsiPJCJ4AaABAg;1;Please reduce the cost of premium and vanity according to global economy please,some countries have to pay a whole month of salary just to by vanity and premium like my country please consider😢;@satorugojo1122;2026-08-28;0;0;0;0;CAMP_B;0.6;Frustration;Asking developers to adjust premium and vanity prices according to global regional economies.
145;Ugwlh9vBxrRCoq3uYfl4AaABAg;1;No new plate and cloth gear?;@melancolia41;2026-08-28;0;0;0;0;CAMP_B;0.3;Disappointment;Reiterating the absence of new plate and cloth gear.
146;Ugz137TRatAg9QixO_h4AaABAg.Aa3TBrtrV1qAa5hoxmqvWa;1;yeah reveal invisible enemies + that potion save from deth + also that jacket insane last for 6s oooo, but price could be more high;@shinixgami;2026-08-29;0;0;1;0;CAMP_B;0.5;Frustration;Pointing out how broken invisibility reveals, death saves, and jacket durations will be.
147;Ugz137TRatAg9QixO_h4AaABAg.Aa3TBrtrV1qAa5qkijDOno;1;This will change how ZvZ works too... Killing on Claps won't be effective anymore.;@thomazsenra9777;2026-08-29;0;0;1;0;CAMP_B;0.5;Frustration;These changes will ruin ZvZ claps.
148;UgxhtaL0L7vaR01B21F4AaABAg;1;Buy eggs dragon😂😂😂;@David55293;2026-08-28;0;0;0;0;CAMP_C;0.4;Excitement;Joking about buying dragon eggs.
149;Ugx6EsZAv9I1PIFiyEx4AaABAg;1;Make p2w less prominent;@DiamonDips;2026-08-28;0;0;0;0;CAMP_B;0.5;Frustration;Demanding that pay-to-win elements be made less prominent.
150;Ugxni8-tnP9ZdH1IIa14AaABAg;1;Pay to win skoupidi kolopexnido gia aderfares;@Xartopetseta-zm8sc;2026-08-28;0;0;0;0;CAMP_B;0.8;Anger;Toxic insult about pay-to-win elements.
151;UgyoHDEBdf134X65lk54AaABAg;1;Please make Reawaken spell function as the Lifeward Potion and add the death mechanic from Ancient Lands to all red and black zones;@meme-uc2db;2026-08-28;0;0;0;0;CAMP_B;0.4;Neutral;Requesting spell mechanics adjustments for red and black zones.
152;UgzAqJS179D3fHgKNhJ4AaABAg;1;Hell yeah;@AlbionWarRoom;2026-08-28;0;0;0;0;CAMP_A;0.5;Excitement;Expressing hype.
153;Ugz4cVJz00VPMsLS9dN4AaABAg.Aa3H-gxeRRTAa3UdkH8dEc;1;Tbanji 💯;@udonnaucheji4032;2026-08-28;0;0;1;0;CAMP_A;0.3;Excitement;Expressing agreement.
154;Ugz4cVJz00VPMsLS9dN4AaABAg.Aa3H-gxeRRTAa3uPbQOc0v;1;Ong;@Risk_090;2026-08-28;0;0;1;0;CAMP_A;0.3;Excitement;Expressing strong agreement.
155;Ugz4cVJz00VPMsLS9dN4AaABAg.Aa3H-gxeRRTAa3uS1yE4GE;1;More collabs pleaseeeee;@Risk_090;2026-08-28;0;0;1;0;CAMP_A;0.4;Excitement;Requesting more community collaborations.
156;UgxZAXsEmcGPIlzzzVl4AaABAg.Aa3Fggkpb2ZAa3_1xnNo1F;1;​@De2t3nyidc your opinion. The departure of veteran players and streamers speaks volumes—far more than **** like you do.;@miniejik;2026-08-28;0;0;1;0;CAMP_B;0.6;Anger;Stating that the departure of veteran players speaks louder than dismissive fanboys.
157;Ugy7x_XnWISExWyKaNd4AaABAg;1;Why did you not use same debuff on World bosses ?;@preszkaszgaming1178;2026-08-28;0;0;0;0;CAMP_B;0.3;Frustration;Asking why the new debuff wasn't applied to regular world bosses.
158;Ugxq_c1LSW26xbEfDWt4AaABAg;1;The update is great and all, but I'd like you to add skins that make us look like HUMANS, not like a monster we never asked to be.;@Max3eN;2026-08-28;0;0;0;0;CAMP_B;0.4;Disappointment;Requesting human-looking vanity skins instead of monster transformations.
159;UgyVD5II9g-rjCnN5yN4AaABAg;1;I love these kinds of games, they're magnificent.;@GuendiOrtuño-n1x;2026-08-28;0;0;0;0;CAMP_A;0.5;Excitement;Expressing love for magnificent games like this.
160;Ugy6NnbPzQPPQlEWqIJ4AaABAg;1;Feeding mounts to the dragon is really funny :);@stefanheisel553;2026-08-28;0;0;0;0;CAMP_A;0.4;Excitement;Finding the mount-feeding mechanic funny and entertaining.
161;UgxRhQMAIK1bE2MeATh4AaABAg;1;Before u make new update.. Fix the connection mobile player first.. Always black skin and disconnect... If u make high graphic.. Mobile player hard to play...even have good phone..;@kingmus1749;2026-08-28;0;0;0;0;CAMP_B;0.6;Frustration;Mobile players suffer from disconnections and black screens and need connection fixes before new updates.
162;UgwSmps_on-5B_Cs9H54AaABAg;1;WWWWW;@Cbipixel;2026-08-28;0;0;0;0;CAMP_A;0.5;Excitement;Hype expression.
163;Ugxw6Y7uIvBQefI9DPt4AaABAg;1;Pack u albion why u banned me;@EgeYonar;2026-08-28;0;0;0;0;CAMP_B;0.6;Anger;Complaining about being banned.
164;Ugx1MZo6T8QKyGNEokZ4AaABAg.Aa36M6QcuqjAa3DNPIQfEQ;1;@tamimhasan3084 who?;@livempire;2026-08-28;0;0;1;0;CAMP_B;0.2;Neutral;Asking for clarification.
165;Ugx1MZo6T8QKyGNEokZ4AaABAg.Aa36M6QcuqjAa3dvKX_FTZ;1;Faction warfare is ten times better now. Only time you get really fights in faction in the past were fixed fights. At least you can force proper fights with sieges or fighting for supply now. Flags also make PvP in faction way more rewarding. If you want real fights join an organized community in your faction, we have them literally every day on a majority of the siege timers.;@matthewmammothswine4395;2026-08-28;0;0;1;0;CAMP_B;0.5;Frustration;Faction warfare has improved and offers proper fights during sieges.
166;UgzTV_rvveOSpJ8QFZB4AaABAg;1;I am actually happy to hear that you are making the PVE more ambitious. And you know? I can feel that it gets better with the new mobs from the keeper uprising. The mammoth hunter feels like a much better and more interesting challange than many bosses in the game. Mostly because, he has a lot of attacks, that you can dodge, but are swift. And zero attacks (outside of the standard auto-attack) that you cannot dodge, without using some special abilities.   The new bosses from the keeper uprising feel like actual bosses, with some (to me) good design.  And, it makes me happy, because albion, whether we like it or not, is a lot of PVE, so, it would be good it the PVE was rewarding and challenging, right?;@Firesniw;2026-08-28;0;0;0;0;CAMP_A;0.6;Excitement;Praising the more ambitious and well-designed PvE boss mechanics in recent updates.
167;UgzT_ibMNQtlBl1fGY54AaABAg;1;how would SS , midscale or ZvZ work ? If you can just prevent the whole clump from dying with one potion ????? And you can't even brawl after resillience penetration is removed from melee weapons ??;@maulikchugh38;2026-08-28;0;0;0;0;CAMP_B;0.7;Frustration;Questioning how ZvZ and midscale combat will work when a single potion can prevent an entire clump from dying.
168;Ugxll-GVRURaAbakERl4AaABAg;1;It eats horses? 🎉;@paulp.3081;2026-08-28;0;0;0;0;CAMP_A;0.4;Excitement;Amused that the dragon eats horses.
169;UgyFqynEtipWsyb-NN14AaABAg.Aa33WBR5br3Aa36py3YIXf;1;Good for him i hate the raid leader who make free loot and take everything then sell it himself and give others a small cut. Good he is banned now, next time tell him to go with party loot with his newbee account.;@tamimhasan3084;2026-08-28;0;0;1;0;CAMP_B;0.6;Anger;Supporting raid leader bans when they steal loot instead of splitting it fairly.
170;UgwoBTp5ByVmcJzhwDZ4AaABAg;1;this shit is INSANE lol. the new food and potion?! omg lol yall COOOOOKED;@ShynyMagikarp;2026-08-28;0;0;0;0;CAMP_A;0.7;Excitement;Expressing extreme hype for the new food and potions.
171;UgwqvuE1CnepwPoxzwJ4AaABAg;1;Бля, а можно чела в некст раз который умеет говорить четко и без заложеного носа, пожалуйста.;@bewitching1535;2026-08-28;0;0;0;0;CAMP_B;0.5;Frustration;Complaining about the speaker's congested voice and delivery.
172;UgxJqaockp4qpVY0x7V4AaABAg;1;I expected dragons will also save tracking but I guess it has to wait again :/;@stoniclones8433;2026-08-28;0;0;0;0;CAMP_B;0.3;Disappointment;Disappointed that dragons didn't receive tracking integration.
173;Ugy2m7LIO-dGi_tTdgR4AaABAg;1;It looks very epic 🔥;@user-bu3hzj734e4r;2026-08-28;0;0;0;0;CAMP_A;0.5;Excitement;The update visuals look very epic.
174;Ugw9HidYdHgmUNwuyWR4AaABAg;1;I still just find it annoying how they release nice updates for PVE but still lock half the game behind forced PvP being a casual single player I get killed by groups multiple times just have a toggle option for PVP which doubles your Gathering materials and high-end loot so if you want to get materials quicker turn on PVP will it affect the economy yes what doesn't with games like this;@andrewmiller4935;2026-08-28;0;0;0;0;CAMP_D;0.6;Frustration;Complaining that locking PVE updates behind forced PvP ruins the game for casual single players.
175;UgxFjEuEzGBiTEpSCoF4AaABAg;1;It looks really fun, but we'll see how long it lasts! I'd really like them to listen to us for once and add a server in Latin America. We ALL deserve to play with decent ping. I hope we're heard someday.;@ayeruiz7704;2026-08-28;0;0;0;0;CAMP_B;0.5;Frustration;Asking developers to finally listen and add a Latin American server for decent ping.
176;Ugy8ebpgP8PZUH1t2cN4AaABAg.Aa30hteG21dAa4Hv3Rx2TW;1;​@De2t3ny lag;@wesleysantos399;2026-08-29;0;0;1;0;CAMP_B;0.3;Neutral;Mentioning lag issues.
177;Ugy8ebpgP8PZUH1t2cN4AaABAg.Aa30hteG21dAa4SVif5hF2;1;West server change SA server;@james14tee;2026-08-29;0;0;1;0;CAMP_B;0.4;Neutral;Advocating for a South American server change from West.
178;UgwiF53ERAttr3O19l14AaABAg;1;"ALBION: THE BEST MMOPRG IN THE WORLD!   Thank you SBI, long life for Albion!   Now, my SUGGESTION for the future hahaha:  [SUGGESTION] Mount Food, Hydration, and Interaction System  Executive Summary:  1. Introduction: Active Hunger and Thirst system for mounts while equipped/in use.  2. Economic Integration: Mount food crafted by players using Island resources and crafting stations.  3. Utility & Buffs: Dynamic consumables that boost the economy without breaking PvP balance.  4. Immersion & Animations: Open-world hydration mechanics and direct player-mount interactions.  Context:  In the world of Albion Online, mounts are essential — exploring this massive universe would be impossible without them. The fact that mounts are raised and saddled by the players themselves is one of the coolest mechanics in the game. However, once an animal is saddled and ready for use, all interaction regarding ""caring"" for your companion completely ceases.  This proposal aims to bring immersion, functionality, and economic value to Albion Online by introducing a lightweight mount maintenance system.  1. Hunger and Thirst System How It Works: Mounts will feature Hunger and Thirst meters that decay only while equipped and in active use in the open world. While stored in banks, chests, or inventory, consumption is paused (though the mount's current stats are saved).  Consumption & Penalties: Consumption rate should be balanced and predictable. There are no progressive debuffs: if the meter drops to 0%, a flat penalty is applied (such as reduced movement speed or decreased carry capacity). Attacks received by the mount do not affect the hunger/thirst meters.  Battle Mounts: Battle Mounts have a higher food consumption rate and are strictly limited to Tier 1 food.  2. Open-World Hydration Simple & Free Mechanics:  Hydration incurs no costs and occurs naturally during exploration.  How It Works: Approaching rivers or lakes in the Open World, Mists, or Roads of Avalon unlocks an option for the mount to drink water and satisfy its thirst, complete with a new drinking animation. (Feature unavailable in ocean water).  3. Mount Food & Economy (Crafting & Buffs): Mount food will be consumable items freely tradeable on the Market, crafted at city stations using player Island crops and ingredients.  Tier 1: Satisfies mount hunger only. (The only food permitted for Battle Mounts).  Tier 3: Satisfies hunger and restores 20% of the mount's HP (Out-of-Combat only, 10s cooldown).  Tier 5: Satisfies hunger and grants a 5% bonus based on the mount's main archetype: Transport & Gathering Mounts: +5% Carry Capacity (direct and stackable bonus). Speed & Mobility Mounts: +5% Flat Movement Speed (Example: A Swiftclaw running at 120% becomes 125%; a Direwolf running at 132% becomes 137%).  4. Animations and Interactivity To enhance roleplay and immersion, players (whether mounted or dismounted) gain new options to interact directly with their mount via emotes or context menus:  Petting the mount;  Adjusting the saddle / inspecting the animal's packs and gear;";@ModestaPlay;2026-08-28;0;0;0;0;CAMP_A;0.6;Excitement;Praising the game and pitching an elaborate mount hunger, hydration, and interaction system.
179;UgyYaP8oymnEXhovq-J4AaABAg;1;Interesante;@Daredevil_error_404;2026-08-28;0;0;0;0;CAMP_A;0.2;Neutral;Interesting update.
180;UgwobNTdN8mupyTwD-p4AaABAg;1;They should had made 2 tiers of dragon mounts...t6 from normal drakes and t8 from only the last boss that can be made into a battle mount too .....dragons are meant to be used in big battles;@rogerenigma;2026-08-28;0;0;0;0;CAMP_A;0.4;Neutral;Suggesting two tiers of dragon mounts, including battle mounts for large-scale wars.
181;UgzOrCp7vPL4xBA3Xah4AaABAg;1;Good debuff for a shitty reward, pass, next update plz;@zacktv2001;2026-08-28;0;0;0;0;CAMP_B;0.5;Disappointment;Dismissing the update due to a punishing debuff paired with a shitty reward.
182;UgwSOg0whgj9OuipmwZ4AaABAg;1;they trying to made their garmoth like black desert xD;@CallMeVegas1997;2026-08-28;0;0;0;0;CAMP_B;0.3;Neutral;Comparing the boss mechanic to Black Desert's Garmoth.
183;UgzemOVuADAeCwHsVrN4AaABAg.Aa2xo_3gH1LAa39dfpBrT-;1;It's mostly in test server usually no one selling items in black market;@kingofof8159;2026-08-28;0;0;1;0;CAMP_C;0.3;Neutral;Explaining test server black market behaviors.
184;UgzemOVuADAeCwHsVrN4AaABAg.Aa2xo_3gH1LAa3A0bhw1jr;1;​@kingofof8159prices on the test server are based on last live server save;@antytytan;2026-08-28;0;0;1;0;CAMP_C;0.3;Neutral;Explaining that test server prices derive from live server saves.
185;Ugz3VU4PAIupX_iaIp54AaABAg.Aa2wo3Rm9HqAa2xE7msYhe;1;Welcome;@FEFEAO;2026-08-28;0;0;1;0;CAMP_A;0.2;Neutral;Welcoming a new player.
186;Ugz3VU4PAIupX_iaIp54AaABAg.Aa2wo3Rm9HqAa3RIOdoQY5;1;what was stopping you before? you think you can compete with all the vets now? lol;@De2t3ny;2026-08-28;0;0;1;0;CAMP_B;0.4;Sarcasm;Questioning if a new player can compete against veterans.
187;Ugz3VU4PAIupX_iaIp54AaABAg.Aa2wo3Rm9HqAa6WoSVePFG;1;Come to Thetford! Swamp Cross!  IGN: Felahzii;@Felahzii;2026-08-29;0;0;1;0;CAMP_A;0.3;Excitement;Inviting a player to Thetford.
188;UgwI6XVCtH--K4kxlrd4AaABAg.Aa2w7DA8vKHAa39DJnYkF-;1;the best part is for 25 hours XD.;@realapppleC.E.O;2026-08-28;0;0;1;0;CAMP_C;0.3;Neutral;Highlighting duration specifics.
189;UgwGXjssHWtfKuHWuN94AaABAg.Aa2w-decNiwAa4iH7I-Sz2;1;I rly want cloth dragon armor. Smt fun that deals extra dmg like feyscale;@Strapazenkinder__1;2026-08-29;0;0;1;0;CAMP_A;0.3;Excitement;Wanting fun cloth armor like feyscale.
190;Ugz0i3shqm6na8wU1yl4AaABAg;1;Ps5 please;@rafaelbatista3489;2026-08-28;0;0;0;0;CAMP_B;0.3;Neutral;Requesting a PS5 client.
191;UgyD4E1XNKCOAcYQWEV4AaABAg;1;I was excited for this update but ip cap on bz made me not want to touch it and can’t even MP the drake mount which sucks let me waste silver refilling mounts he’ll make it more silver;@mugene;2026-08-28;0;0;0;0;CAMP_B;0.5;Frustration;Black zone IP caps and mount restrictions dampen excitement for the update.
192;Ugw1EAgANapeeIHeEsZ4AaABAg;1;Gimme those dragon cookies;@cubi-3;2026-08-28;0;0;0;0;CAMP_A;0.5;Excitement;Excited for dragon cookies.
193;UgxfMLLd_3906dtp2Jd4AaABAg;1;I wish you could increase the number of static dungeon battles. 15 of us have quit the game. We’re waiting for this update.;@QuiaAeternus;2026-08-28;0;0;0;0;CAMP_A;0.4;Excitement;Waiting eagerly for the update with guild members.
194;UgxeDLnDEvQDuIPOcv54AaABAg.Aa2uFmM-8qPAa2xGto92BB;1;💀;@FEFEAO;2026-08-28;0;0;1;0;CAMP_A;0.2;Neutral;Skull emoji reaction.
195;UgxiKxyygCXpb8r0tF54AaABAg.Aa2uENPCsExAa305lIrsem;1;I don't get it, isn't the dragon dungeons supposed to be full pvp areas ? They shifted ? I thought it was a match-making new area, like a cross-over between depths and ava dungeon. What happened ?;@wvaen;2026-08-28;0;0;1;0;CAMP_B;0.4;Frustration;Confused about whether dragon dungeons are full PvP areas.
196;UgxiKxyygCXpb8r0tF54AaABAg.Aa2uENPCsExAa39IrwIyEt;1;​@wvaenthere are dragon map they talking about dragon raid check previous vid;@Zjawaz;2026-08-28;0;0;1;0;CAMP_B;0.3;Neutral;Pointing out dragon map raid videos.
197;UgxiKxyygCXpb8r0tF54AaABAg.Aa2uENPCsExAa3Bc388COm;1;@Zjawaz Ah yeah ok thx bud, oof;@wvaen;2026-08-28;0;0;1;0;CAMP_B;0.2;Neutral;Acknowledgment.
198;UgxiKxyygCXpb8r0tF54AaABAg.Aa2uENPCsExAa3S72AGQDm;1;@wvaen its both bubba, go watch the vids again;@De2t3ny;2026-08-28;0;0;1;0;CAMP_B;0.3;Neutral;Clarifying that it features both aspects.
199;UgxiKxyygCXpb8r0tF54AaABAg.Aa2uENPCsExAa4TKb6dprm;1;Albion never update  -Solo player without pvp content -new gathering content -only pve content, without pvp;@james14tee;2026-08-29;0;0;1;0;CAMP_D;0.5;Frustration;Complaining about the lack of solo PvP content and new gathering updates.
200;UgwNH3-ZUzG6MInZX6Z4AaABAg;1;"Those videos are lowk painful to listen. They sound as if an executive prompted chatgpt to write a ""professional speech"" and gave the unchecked result to this guy. Reflects Albon's overall state. Kind of a shame that it doesn't really have any competition, as in open world action MMO.";@ToBeCorrected;2026-08-28;0;0;0;0;CAMP_B;0.5;Frustration;Criticizing the video presentation for sounding like an AI-generated corporate script.
201;Ugxbw4_fLGAM9Otz2gl4AaABAg;1;So many new defensive option damnnn;@Sayurawesome11;2026-08-28;0;0;0;0;CAMP_A;0.5;Excitement;Excited about the numerous new defensive options.
202;Ugx6FXDMjrTl4lAs9I94AaABAg.Aa2skFB8fMgAa3-bp3AZKh;1;Yeah that pot is just completely stupid. Bbye kite comp, the meta was already heavily leaning to brawl anyway... Gala meta will stay for a while;@wvaen;2026-08-28;0;0;1;0;CAMP_B;0.5;Frustration;Calling the new potion stupid while noting the meta favors brawling.
203;Ugxlm77famXNvJ21UHt4AaABAg.Aa2sJzrY5XUAa37XX7QCyo;1;No?those content are full pvp are you crazy;@HowToKillAliens;2026-08-28;0;0;1;0;CAMP_B;0.4;Frustration;Clarifying that those contents are full PvP areas.
204;Ugxlm77famXNvJ21UHt4AaABAg.Aa2sJzrY5XUAa4wa3F0K0V;1;How did he made 1b fame in a week?;@boecbrawlstars;2026-08-29;0;0;1;0;CAMP_C;0.4;Neutral;Wondering how someone made 1 billion fame in a single week.
205;Ugw7aAP3nQhHr57axUJ4AaABAg;1;Please make content were a solo player can meddle, sabotage a quest of big z. Basically a rat but a proper official content.;@hilorens;2026-08-28;0;0;0;0;CAMP_D;0.5;Neutral;Requesting official solo ratting and quest-sabotage mechanics.
206;UgwgztZJPQcBrvAEzuR4AaABAg;1;3:22 Challenge 💀 journal Rewards 🤡;@NOTURBUSINESS-55;2026-08-28;0;0;0;0;CAMP_B;0.5;Sarcasm;Mocking challenge and journal rewards.
207;UgxV5Q79uicRPdd7TeJ4AaABAg;1;Bruh Dragonslayer hood with 25s coaldown is unfair and op so can you add 10 - 20s anyway gankers Is happy;@Corrgreen;2026-08-28;0;0;0;0;CAMP_B;0.6;Frustration;Complaining that the Dragonslayer hood cooldown is unfair and overpowered.
208;UgwSbPuU04ulG8fPeEl4AaABAg;1;dope!;@dmtr_art;2026-08-28;0;0;0;0;CAMP_A;0.4;Excitement;Expressing approval.
209;UgysbdGEGz-SMOZVDg14AaABAg.Aa2mmuAg-BUAa2pe1Dr2is;1;Wdym?;@andreymurashev2114;2026-08-28;0;0;1;0;CAMP_B;0.2;Neutral;Asking for clarification.
210;UgysbdGEGz-SMOZVDg14AaABAg.Aa2mmuAg-BUAa2vmoksP5D;1;What blackzone ip caps?;@kadiusmanticore3933;2026-08-28;0;0;1;0;CAMP_B;0.2;Neutral;Asking about black zone IP caps.
211;UgysbdGEGz-SMOZVDg14AaABAg.Aa2mmuAg-BUAa341ycg8w2;1;​@andreymurashev2114 Ancient Lands Are in blackzone and they are capped;@MrBeful;2026-08-28;0;0;1;0;CAMP_B;0.3;Neutral;Explaining that Ancient Lands are in black zones and capped.
212;UgysbdGEGz-SMOZVDg14AaABAg.Aa2mmuAg-BUAa3487rfv1s;1;​@kadiusmanticore3933ancient lands are in Blackzone and they are ip capped to 1200 so u wont be useing any sets or items abow 6.1;@MrBeful;2026-08-28;0;0;1;0;CAMP_B;0.3;Neutral;Clarifying IP caps restrict gear above 6.1.
213;Ugwstd7uEEsyWLBj3aB4AaABAg;1;who the hell gonna spend dragon egg on 5% fame  food;@sylvarixreaper;2026-08-28;0;0;0;0;CAMP_C;0.5;Frustration;Questioning the economic sense of spending a dragon egg on a 5% fame food.
214;UgwgBqpM5jPnPUNYoo14AaABAg;1;I admit, it sounds more interesting that I expected after the last video.;@ChordRunner;2026-08-28;0;0;0;0;CAMP_A;0.4;Excitement;Admitting the update sounds more interesting than expected.
215;UgxBKSOTTcuZrhIjtPh4AaABAg.Aa2lLHb05mHAa38N8Qunq8;1;Its dragon hunter not dragon;@HowToKillAliens;2026-08-28;0;0;1;0;CAMP_A;0.2;Neutral;Correcting terminology to dragon hunter.
216;UgwMRUJO3IgerhzMuYp4AaABAg.Aa2l2BNhWInAa38SNhBFbx;1;Who;@HowToKillAliens;2026-08-28;0;0;1;0;CAMP_B;0.1;Neutral;Asking who.
217;UgxbnUO8GTpFCngkklx4AaABAg;1;I can't wait for it!;@NoobToKnight;2026-08-28;0;0;0;0;CAMP_A;0.5;Excitement;Cannot wait for the update.
218;UgyDnAcYnaGQPBU5_Jl4AaABAg;1;No puedo esperar mas ;@Insomniox2;2026-08-28;0;0;0;0;CAMP_A;0.5;Excitement;Cannot wait any longer.
219;Ugxrz7BO_b1_yKTcfuh4AaABAg.Aa2i1Is1El-Aa7AyrQLAFF;1;Sugi Pula !;@DoruCristianCojocaru;2026-08-30;0;0;1;0;CAMP_B;0.6;Anger;Insulting retort.
220;UgzeM57GT6P8ntaLmeB4AaABAg;1;Is it possible to enter that dungeon from safe zone?;@mrarc197;2026-08-28;0;0;0;0;CAMP_D;0.3;Neutral;Asking if the dungeon can be entered from a safe zone.
221;Ugy9LVK6LIIAMUY3D_N4AaABAg.Aa2g00_PFxyAa30JoYz03Y;1;@OatmealOOf bro just sybau no one asked.;@marcusboi2912;2026-08-28;0;0;1;0;CAMP_B;0.4;Anger;Telling someone to be quiet.
222;UgzXEZryOlUcSVQGrwh4AaABAg;1;Nice;@Nehuselah-Sistem-Aura;2026-08-28;0;0;0;0;CAMP_A;0.3;Excitement;Positive feedback.
223;UgwBfr5bKrDfwwnQ3hV4AaABAg;1;COOKIES, love it!🔥;@jeremiosek;2026-08-28;0;0;0;0;CAMP_A;0.6;Excitement;Expressing love for the new cookies.
224;Ugwf62XmCTm6Ao_Q3Rt4AaABAg.Aa2eykcCvWNAa2fA1sAzL8;1;100m is cheap price cause it's very easy to earn 10m a day. Just need to play about 8 hours per day. 2 hours on fishing. Easy 8m , and for the last 2m , just do anything you want . Cause it gives variety. Like pve , crafting etc etc;@ninja.cybered;2026-08-28;0;0;1;0;CAMP_C;0.5;Neutral;Arguing that earning 10m a day through fishing and variety is easy.
225;Ugwf62XmCTm6Ao_Q3Rt4AaABAg.Aa2eykcCvWNAa2kbSmRKZJ;1;It is going to settle on 50m. I don't see it being that much better than spectral horse for example. Otherwise it'll show true silver inflation, cuz at costs more that 100m it is easier and better to get a mammoth, cuz ex can be bought for around 405-410m on wts. And higher the price of drake, worse the value you get from it, compared to said mammy;@SoulC4-z6b;2026-08-28;0;0;1;0;CAMP_C;0.5;Neutral;Predicting mount prices will settle around 50m due to mammoth value comparisons.
226;Ugwf62XmCTm6Ao_Q3Rt4AaABAg.Aa2eykcCvWNAa2nKzm8x9P;1;​@SoulC4-z6bplus the dragon damage to a mob bro you can one shot all mobs in t5 zone easy fame with that;@MgaBOBO69;2026-08-28;0;0;1;0;CAMP_A;0.4;Excitement;Highlighting how dragon damage against tier 5 mobs will make fame farming easy.
227;Ugwx9efJwu5m3mikN_54AaABAg.Aa2expnh_RzAa38KEL2Ojg;1;No they mean guilds,cartels were for city plots you noob.;@HowToKillAliens;2026-08-28;0;0;1;0;CAMP_C;0.3;Neutral;Clarifying that cartels referred to city plots rather than general guilds.
228;UgzDBLWMaaqS4CFxHK94AaABAg;1;HYPE;@edvinsantonovs;2026-08-28;0;0;0;0;CAMP_A;0.6;Excitement;Hype expression.
229;UgzRQZnnUQcBQc-PsbF4AaABAg;1;good;@sonson-lf6yn;2026-08-28;0;0;0;0;CAMP_A;0.3;Excitement;Approval of the update.
230;UgwWoyrtGap0LLB3LWp4AaABAg.Aa2cugOTqBfAa2slPambuC;1;@user-ci4hu2jg4inga I talking about PvE;@pokorist235;2026-08-28;0;0;1;0;CAMP_B;0.3;Neutral;Clarifying that the discussion is about PvE.
231;UgzB6EUk4FvC2c7lgZh4AaABAg.Aa2cqGqfIDcAa2hs0TQPSj;1;nah unfortunatelly i think its only gonna be armors and not weapons like the mist armors;@billysensei1375;2026-08-28;0;0;1;0;CAMP_A;0.3;Neutral;Believing armor sets will exclude weapons initially.
232;UgzB6EUk4FvC2c7lgZh4AaABAg.Aa2cqGqfIDcAa2w5MiOGkC;1;I hope we get plate and cloth armors too;@spacedoggo8818;2026-08-28;0;0;1;0;CAMP_A;0.3;Excitement;Hoping for plate and cloth armor sets.
233;UgzB6EUk4FvC2c7lgZh4AaABAg.Aa2cqGqfIDcAa2xImoccH9;1;yes they are lazy and like to release things slow dragon weapons will prob be like 3 years later with their track record;@strzsora;2026-08-28;0;0;1;0;CAMP_B;0.4;Frustration;Accusing developers of being lazy with slow release schedules.
234;UgzB6EUk4FvC2c7lgZh4AaABAg.Aa2cqGqfIDcAa2zXUP9Q9f;1;"I hope you're right. Now that dragons exist, it would be cool if dragon-exclusive weapons were added to the game. That would be amazing; I can even picture a full Cloth set (Scholar), a full Leather set (Mercenary), and a full Plate set (Soldier).";@ModestaPlay;2026-08-28;0;0;1;0;CAMP_A;0.5;Excitement;Envisioning dedicated cloth, leather, and plate dragon sets.
235;UgxaLXC8L4xaX18US0B4AaABAg;1;third;@lilpurplefaygo3709;2026-08-28;0;0;0;0;NEUTRAL_SPAM;0.1;Neutral;Third comment spam.
236;UgyO6YOwT5D1tX_J1d14AaABAg;1;2°;@Paco50x;2026-08-28;0;0;0;0;NEUTRAL_SPAM;0.1;Neutral;Second place comment spam.
237;Ugy79-fcre4qVj4jyc94AaABAg;2;He didn't even realise what hits him,,😂😂😂;@NOTURBUSINESS-55;2026-09-07;171;2;1;175;CAMP_A;0.6;Excitement;The ganker died instantly without realizing what hit him.
238;UgyZyCN0P_RL--ahnPN4AaABAg;2;Holy shit, you got Spiderman reflexes 😅;@Jasnibrad;2026-09-07;117;4;1;125;CAMP_A;0.5;Excitement;The creator showed incredible reflexes.
239;Ugwnl1JHwks72SxJ_sV4AaABAg;2;U can hear the hellion boots 😅;@Guffyzain;2026-09-07;43;2;1;47;CAMP_C;0.4;Neutral;Audio cues like hellion boots give away the ganker's approach.
240;UgwbKDw4t06IxraocoN4AaABAg;2;I also tried this strat but with spear and infernal shield, he ran away with 1 bar into invis;@shohruhmahmudaliev6989;2026-09-07;29;2;1;33;CAMP_A;0.4;Neutral;Trying similar strategies with spears yields mixed results as targets escape.
241;UgxXRJ5X5B11nAXXJzp4AaABAg;2;"Bro saw you and thought "" Damn his life is so tough for him to mine stones"" and he came and donated you 10x the worth😂😂";@PratikJhankar;2026-09-08;19;3;1;25;CAMP_A;0.7;Excitement;The ganker thought the miner had an easy target and accidentally donated massive wealth.
242;UgwYh0jEmEO9saFinSh4AaABAg;2;Impressive reaction time. Did you see him coming or just pure instincts?;@antisemmetrical9240;2026-09-07;10;8;1;26;CAMP_C;0.4;Neutral;The reaction time was extremely impressive, raising questions about awareness.
243;UgzZbKKXBFv_-cnaC954AaABAg;2;Me vengasteeeeeee ese men me había matadooooo suiiii;@jahankin3234;2026-09-07;17;0;0;17;CAMP_A;0.8;Excitement;Expressing joy because that specific player had previously killed them.
244;Ugxc7IKPR9m8c1QXpiF4AaABAg;2;"Siendo honestos. El conocimiento te da esa gran ventaja sobre todos los ""pro"" players";@Sr.Jessfe88;2026-09-07;14;0;0;14;CAMP_A;0.3;Neutral;True game knowledge grants a massive advantage over self-proclaimed pro players.
245;Ugwnl1JHwks72SxJ_sV4AaABAg.AaSNQ9mPKNtAaSX7_E4CjV;2;No, I had already seen him coming and was prepared for him to appear 😅;@FAKUPICADOAlbion;2026-09-07;12;0;1;12;CAMP_A;0.2;Neutral;The creator clarifies they saw the enemy coming in advance and prepared for it.
246;Ugw9DX2b5XLiOXVn32F4AaABAg;2;I love watching this , I admire you for your one button fighting style 😅 👑👏👏;@yakupdiyen8185;2026-09-07;11;1;1;13;CAMP_A;0.5;Excitement;Expressing admiration for the simple one-button fighting style.
247;UgyY-DAQfeQ4Z2wCiGF4AaABAg;2;Mano o cara tinha mais de 25 M de build !;@jaersonsouzadasilva6728;2026-09-07;3;1;1;5;CAMP_E;0.4;Neutral;Highlighting that the build being used was worth more than 25 million.
248;UgyZyCN0P_RL--ahnPN4AaABAg.AaTPaPyKJ6UAaVa3WISJw9;2;I mean paid actor reflexes;@MsTuC0;2026-09-08;3;0;1;3;CAMP_B;0.3;Sarcasm;Implying the opponent's reflexes were fake and paid for.
249;Ugy79-fcre4qVj4jyc94AaABAg.AaSue4UrsmDAaTzLZiprve;2;Either did I.  I thought the dude minning died and then realized I was watching him loot;@xTaxThePoor;2026-09-08;3;0;1;3;CAMP_A;0.3;Neutral;Initially confused the miner dying with looting the aftermath.
250;UgwYh0jEmEO9saFinSh4AaABAg.AaSH0KRWdR4AaSQrlBaUC7;2;He saw the one shot before;@Keymore201;2026-09-07;3;0;1;3;CAMP_A;0.2;Neutral;The player had witnessed the one-shot trick before.
251;UgwYh0jEmEO9saFinSh4AaABAg.AaSH0KRWdR4AaSWxqCrPFh;2;I saw him coming, so I switched my W to Reflect. You can see it in the full video, but the clip would’ve been too long for the Short 😅;@FAKUPICADOAlbion;2026-09-07;3;0;1;3;CAMP_A;0.2;Neutral;The creator switched their W skill to reflect after seeing the enemy approach.
252;UgyF6UYcv4NhEPCsx8p4AaABAg;2;Can you explain what is happening here? I can see you use one ability, but how can he just die almost instantly? I have played albion for 14 days, so my apologies for being ignorant. I am learning;@donkanalje9443;2026-09-07;1;2;1;5;CAMP_C;0.3;Neutral;A beginner player asks for an explanation of how the instant kill happened.
253;UgyzxTaHOulSRa9FZul4AaABAg;2;Bro he got farmed like a t3 boar lmao;@IntrifMemes;2026-09-08;2;0;0;2;CAMP_A;0.6;Excitement;Comparing the victim's quick defeat to a low-tier farm animal.
254;UgzSC7PqfNlG44Qg5ax4AaABAg;2;😂😂lol la que le cayó instakill tremenda 🎉🎉;@Mr.robot_78;2026-09-07;2;0;0;2;CAMP_A;0.6;Excitement;Laughing at the immense and sudden instakill.
255;UgyZyCN0P_RL--ahnPN4AaABAg.AaTPaPyKJ6UAaW7-2e1B7S;2;@MsTuC0 I have also been able to react like that, if youre focused its simple mate. Besides its in mists;@Quarkyprotondoesnotwearsocks;2026-09-08;2;0;1;2;CAMP_A;0.3;Neutral;Good reactions are simple when you are focused, especially in the Mists.
256;UgwbKDw4t06IxraocoN4AaABAg.AaT700v4lTyAaVNE71ZnCK;2;Saiu mancando kkkkk;@AlezinCaput;2026-09-08;2;0;1;2;CAMP_A;0.4;Excitement;The attacker limped away defeated.
257;Ugy79-fcre4qVj4jyc94AaABAg.AaSue4UrsmDAaSwwfQAgW9;2;😂😅;@FAKUPICADOAlbion;2026-09-07;2;0;1;2;CAMP_A;0.3;Excitement;Amused reaction to the clip's events.
258;UgzZUWeszxsqEsQelGR4AaABAg;2;Well done. Gankers got pumpkin ed❤ niceeee;@pouyanpk;2026-09-07;2;0;0;2;CAMP_A;0.5;Excitement;Praising the outplay against the ganker.
259;UgwYh0jEmEO9saFinSh4AaABAg.AaSH0KRWdR4AaSnNUr7qP0;2;​@FAKUPICADOAlbionyep, couldn't have missed the dancing 😂❤ i loved this btw;@lukespalding1964;2026-09-07;2;0;1;2;CAMP_A;0.4;Excitement;Enjoyed the dancing and overall video content.
260;Ugy5vviozkH81YoD_5F4AaABAg;2;RMT;@yuichirohyakuyafics1077;2026-09-07;1;1;1;3;CAMP_E;0.2;Neutral;Accusing the event of involving Real Money Trading.
261;Ugx7TvGQAvflk3EutAF4AaABAg;2;He already cry, you claps, he cry harder 😭😭😭;@lyfjaberga;2026-09-08;0;2;1;4;CAMP_A;0.6;Excitement;The ganker cried after getting clapped.
262;UgympgKEgCK8QYtx1zN4AaABAg;2;Я не понял. Что ты сделал?;@Kakavaka.V2;2026-09-07;0;2;1;4;CAMP_C;0.2;Neutral;Asking for an explanation in Russian.
263;UgxfKXycrhoOToPU9uh4AaABAg;2;What happened there??;@abrakadabra2695;2026-09-07;0;2;1;4;CAMP_C;0.3;Neutral;Asking what happened in the video clip.
264;UgwLZy19d35VHwIwxnh4AaABAg;2;Kkkkk de novo kkkkk mano eu tô numa vontade de ir mists pra ser gankado para testar isso na moral kkkkkkkkk;@jaersonsouzadasilva6728;2026-09-07;0;2;1;4;CAMP_A;0.5;Excitement;Eager to go into the Mists and test out the trick themselves.
265;UgztJqW7JPIsSXWAYgp4AaABAg;2;HOW!?!?;@xDouglas89;2026-09-07;0;2;1;4;CAMP_C;0.6;Excitement;Expressing disbelief and asking how the move was pulled off.
266;Ugzhkt_vBNXt5Xj9XLp4AaABAg;2;У тебя учусь) в ближайшем будущем тоже буду во мгле кошмар ть собирашек, ну и меня тоже будут😂;@MushroomAO;2026-09-07;0;2;1;4;CAMP_A;0.4;Excitement;Learning from the creator to hunt gatherers in the Mists in the future.
267;Ugzo6ALxLC9NtllwhpN4AaABAg;2;Wow 😂😂;@thormaresca;2026-09-09;1;0;0;1;CAMP_A;0.3;Excitement;Expressing amusement at the clip.
268;UgzWWBfpVNQlV3kPYkx4AaABAg;2;He came, he hit and killed himself 😂😂;@TestPhase-w1k;2026-09-08;1;0;0;1;CAMP_A;0.5;Excitement;The attacker essentially killed themselves by hitting the reflect.
269;UgxXRJ5X5B11nAXXJzp4AaABAg.AaTvWo5_qqqAaVLEgLo71u;2;T8 Stone=8500 silver. Kill=17,9M silver. = 2105,88x;@Knuok;2026-09-08;1;0;1;1;CAMP_E;0.3;Neutral;Calculating the massive multiplier between stone value and kill value.
270;UgzJOeXQcufxmVbQHRl4AaABAg.AaTv2yci9DkAaU-4wwSluy;2;Around 170;@FAKUPICADOAlbion;2026-09-08;1;0;1;1;CAMP_A;0.2;Neutral;Providing precise details about ping or stats.
271;UgzkkB9-APfmORK6Qxp4AaABAg;2;im training with your video. im clicking at the same time as you xD (doing W and space to pause video);@eusebioproxd2675;2026-09-08;1;0;0;1;CAMP_C;0.4;Excitement;Training their own reaction timing by pausing and playing along with the video.
272;Ugx2ub8jaIn75bd6_5B4AaABAg;2;nice RMT;@alphaswsalbion;2026-09-07;1;0;0;1;CAMP_E;0.2;Neutral;Dismissing the clip as RMT.
273;UgyZyCN0P_RL--ahnPN4AaABAg.AaTPaPyKJ6UAaYq0RD6g59;2;@Quarkyprotondoesnotwearsocksnobody was talking to u. Quit it.;@xMissForchun;2026-09-09;1;0;1;1;CAMP_A;0.3;Anger;Telling another commenter to mind their own business.
274;Ugycw_sJuYxNVjTOa8R4AaABAg;2;You like hmm lets gather this guy too;@yigitdak1721;2026-09-07;1;0;0;1;CAMP_A;0.3;Excitement;Joking about gathering the attacker as if they were a resource node.
275;Ugw9DX2b5XLiOXVn32F4AaABAg.AaSPTpyHk3iAaSXlOVQR94;2;Thanks bro😅🙌🏻;@FAKUPICADOAlbion;2026-09-07;1;0;1;1;CAMP_A;0.2;Neutral;Expressing gratitude for the positive comment.
276;UgwYh0jEmEO9saFinSh4AaABAg.AaSH0KRWdR4AaST0W1FkpE;2;pure Radar its called thats why we dont see MINImap;@ksanderjoestar8534;2026-09-07;1;0;1;1;CAMP_D;0.4;Frustration;Claiming the creator uses radar, which is why the minimap is hidden.
277;UgyuZFwGs1vrEWJT5DF4AaABAg;2;bu nasıl oluyor? lütfen anlatın.;@AsakiRi54;2026-09-09;0;1;1;2;CAMP_C;0.2;Neutral;Asking for an explanation of how it happened in Turkish.
278;Ugys8kPaHk0HiwYLgwh4AaABAg;2;Can you tell me step to use skill?;@samsontravel68;2026-09-09;0;1;1;2;CAMP_C;0.2;Neutral;Asking for step-by-step instructions on how to use the skill.
279;UgwSEz1TMCVS70D38i14AaABAg;2;Wtf en cámara lenta que hizo ???;@davidpumalpa3405;2026-09-09;0;1;1;2;CAMP_C;0.3;Neutral;Asking what happened in slow motion.
280;UgwqH71Z-iXFTLgK7sV4AaABAg;2;Can someone tell me WTF just happened 😂😂😂;@Olamilekan-k6m;2026-09-09;0;1;1;2;CAMP_C;0.4;Excitement;Asking for an explanation of the clip.
281;UgyHAYB3gSd7gVCmKS94AaABAg;2;Dagger pair skills: Q, Invi pot, assasin jacket, E, W  Sword: W;@BriccioAlesna-q7s;2026-09-09;0;1;1;2;CAMP_C;0.3;Neutral;Listing the exact skill breakdown for the dagger pair and the sword.
282;Ugz1nQHobADOAOccYgZ4AaABAg;2;How?;@opandurin;2026-09-08;0;1;1;2;CAMP_C;0.2;Neutral;Asking how the trick was performed.
283;UgystpKYWyeQJ6kn5dN4AaABAg;2;No entiendo, ¿cómo lo hace? Cómo le devuelve el daño?;@JuanOrtiz-nr8lb;2026-09-08;0;1;1;2;CAMP_C;0.3;Neutral;Asking how the damage reflection works in Spanish.
284;UgzRjBCv1YNoQ0zr1kt4AaABAg;2;Can u show your build ?? Awk and offhand ?;@Phuc_Peter;2026-09-08;0;1;1;2;CAMP_C;0.2;Neutral; Asking to see the full weapon and armor build.
285;UgwZ8UM26PuC-Bku8f14AaABAg;2;paid actor .. they are duo in mist and his friend left then plan the engaging;@XinJorge;2026-09-08;0;1;1;2;CAMP_B;0.4;Sarcasm;Accusing the players of being duo partners staging an engage.
286;UgwMI-X0wwx_RRIpR9d4AaABAg;2;ただ1度の反射だけで殺した;@りゅうと1122;2026-09-08;0;1;1;2;CAMP_A;0.3;Neutral;Noting that the opponent was killed with a single reflect.
287;Ugz4X6lkRLdZXKiXYBV4AaABAg;2;Что за билд ?;@__HE_BblblBATb__HE_BblblBATb;2026-09-08;0;1;1;2;CAMP_C;0.2;Neutral;Asking what build was used in Russian.
288;Ugxx-MzpL0Zv0Qz8g-Z4AaABAg;2;just w+q;@Mufasa-ODS;2026-09-08;0;1;1;2;CAMP_C;0.2;Neutral;Explaining that it just takes W and Q.
289;Ugwk7ZZwbwVYU3PgnnJ4AaABAg;2;What was you wearing to kill him;@Harsh-qh2mb;2026-09-08;0;1;1;2;CAMP_C;0.2;Neutral;Asking what gear was worn to get the kill.
290;UgyJf6Knl-N4Rnral6F4AaABAg;2;what if the ganker is curse staff?;@polytibar6230;2026-09-08;0;1;1;2;CAMP_C;0.2;Neutral;Asking how the trick changes if the ganker is using a curse staff.
291;Ugxs0EjSaO0Ch__Va4V4AaABAg;2;What is this? What’s going on;@Jyoutube12345;2026-09-08;0;1;1;2;CAMP_C;0.2;Neutral;Asking for clarification on what is happening.
292;Ugyd7SGs5cm3xAxNOw94AaABAg;2;Pregunta de alguien nuevo, q es lo q acaba de pasar ? 😂😂;@TomásNc-t9e;2026-09-08;0;1;1;2;CAMP_C;0.3;Neutral;A new player asking what just happened in Spanish.
293;UgzJOeXQcufxmVbQHRl4AaABAg;2;Какая у вас задержка ping?;@dddzen9977;2026-09-08;0;1;1;2;CAMP_C;0.2;Neutral;Asking about ping in Russian.
294;UgzY5JqoCRvNLeh9-Ad4AaABAg;2;17m de gratis 😅;@JoseIsraelJerezReyes-c5h;2026-09-07;0;1;1;2;CAMP_A;0.4;Excitement;Getting 17 million for free is amazing.
295;UgyzdVIpn8_CNrWne6Z4AaABAg;2;Is ganker way lower IP than u?;@VTrucker777;2026-09-07;0;1;1;2;CAMP_C;0.2;Neutral;Asking if the ganker had a much lower IP than the creator.
296;UgzaCzpuYxPxHHCh_754AaABAg;2;💀;@7ll9;2026-09-10;0;0;0;0;CAMP_A;0.3;Excitement;Skull emoji reacting to the wipe.
297;UgzE_jOIcWUgOcFgrup4AaABAg;2;That was a big 8.3 rock u harvested there 😂;@xuanhuyle6349;2026-09-10;0;0;0;0;CAMP_A;0.4;Excitement;Joking that it was a big 8.3 rock harvested.
298;UgzQLKi2uiU2al28Cy94AaABAg;2;Huh ??;@Nlgerrr;2026-09-10;0;0;0;0;CAMP_C;0.2;Neutral;Expressing confusion over the clip.
299;Ugw_F0KqZQHeyPrpIax4AaABAg;2;instant delete;@doffy7879;2026-09-10;0;0;0;0;CAMP_A;0.4;Excitement;Describing the kill as an instant delete.
300;Ugzme2KLG2P7JlI4fa54AaABAg;2;No vi nada mi so lo desplomó sin momer mucho jajaja;@ERROR-wt8mq;2026-09-09;0;0;0;0;CAMP_C;0.3;Neutral;Did not see anything other than the opponent collapsing instantly.
301;UgyNOKo2gcdIGPlQ_iN4AaABAg;2;"""must be the wind"" 😂";@andrewoca5266;2026-09-09;0;0;0;0;CAMP_A;0.4;Excitement;Quoting a meme about it just being the wind.
302;UgyuZFwGs1vrEWJT5DF4AaABAg.AaYNFn2vH7OAaYPsFqvccW;2;I reflected all the damage with the W (parry) of my sword. He was on cloth so died instantly 😅;@FAKUPICADOAlbion;2026-09-09;0;0;1;0;CAMP_C;0.3;Neutral;Explaining that all damage was reflected with the sword's W parry against a cloth user.
303;UgwNiFuaxcY4CKb1Va54AaABAg;2;Se mato con su propio daño 😂😂😂;@likeashadow4953;2026-09-09;0;0;0;0;CAMP_A;0.5;Excitement;Laughing at the fact that the attacker killed themselves with their own damage.
304;UgydDz25UIWj-n47v2V4AaABAg;2;POV: Я отвлекся…;@Mnogolik_;2026-09-09;0;0;0;0;CAMP_A;0.3;Neutral;Relating to being distracted for a second.
305;UgzreVvn6haeKU9r-px4AaABAg;2;kkkkkkkkkkkkkkkkk;@Mighary;2026-09-09;0;0;0;0;CAMP_A;0.3;Excitement;Laughing at the video.
306;Ugx3aVh-aFYKEZM9HgF4AaABAg;2;I swear this man if watch this clip will very embaressed😂;@HabibAli-e6h;2026-09-09;0;0;0;0;CAMP_A;0.5;Excitement;The ganker must feel extremely embarrassed watching this clip back.
307;Ugys8kPaHk0HiwYLgwh4AaABAg.AaXyJVRn5PDAaYA23bPaS5;2;Them always start using W or E instantly. Just press W when them appear, if u can’t reflect use defensives and runnnnnnNNN🏃;@FAKUPICADOAlbion;2026-09-09;0;0;1;0;CAMP_C;0.3;Neutral;Advice on timing W skills or running away if reflect is unavailable.
308;UgwSEz1TMCVS70D38i14AaABAg.AaXscGijeZ9AaXt5huMjcT;2;"Just ""W"" 😅";@FAKUPICADOAlbion;2026-09-09;0;0;1;0;CAMP_C;0.2;Neutral;Pointing out that it is just a simple W press.
309;UgxCu5CRkrQjw75iuRh4AaABAg;2;😂😂😂😂;@MVCHJoseMBL;2026-09-09;0;0;0;0;CAMP_A;0.4;Excitement;Laughter reaction.
310;UgwqH71Z-iXFTLgK7sV4AaABAg.AaX_eZZOrQUAaXcWfPbJ5A;2;Swords reflect W (parry);@FAKUPICADOAlbion;2026-09-09;0;0;1;0;CAMP_C;0.2;Neutral;Explaining that the swords' W parry reflects damage.
311;UgyHAYB3gSd7gVCmKS94AaABAg.AaWt8KwXQnVAaXWoB7YoF5;2;😂😂😂;@FAKUPICADOAlbion;2026-09-09;0;0;1;0;CAMP_A;0.3;Excitement;Laughing at the mechanics breakdown.
312;Ugxooxszx0CPQ7HB0qd4AaABAg;2;uyy mae literal . . . .   hecho en pedazos en milisegundos 😶;@FabiusSotels;2026-09-09;0;0;0;0;CAMP_A;0.5;Excitement;The enemy was blown into a thousand pieces in milliseconds.
313;UgxroMsLtKrSpsXyWZp4AaABAg;2;Rmt;@TtrisTaNT;2026-09-09;0;0;0;0;CAMP_E;0.2;Neutral;Dropping an RMT accusation.
314;UgyOoSm2qWvCoKc3_fh4AaABAg;2;Ufff que tal parry xD el verdadero el que esta farmeando se deja farmeando;@marinojuniorgalvezmori;2026-09-08;0;0;0;0;CAMP_A;0.5;Excitement;Praising the amazing parry and the gatherer becoming the hunter.
315;Ugz1nQHobADOAOccYgZ4AaABAg.AaWJnZnwpHNAaWMIopthfR;2;Swords W reflect (parry);@FAKUPICADOAlbion;2026-09-08;0;0;1;0;CAMP_C;0.2;Neutral;Explaining the swords W reflect mechanic.
316;UgystpKYWyeQJ6kn5dN4AaABAg.AaWIJHO0ZKMAaWMH3nkypF;2;Swords W reflect (parry);@FAKUPICADOAlbion;2026-09-08;0;0;1;0;CAMP_C;0.2;Neutral;Explaining the W reflect parry.
317;Ugw2nddHKtCayzEfC-x4AaABAg;2;What the hell happened;@fonsusali;2026-09-08;0;0;0;0;CAMP_C;0.3;Neutral;Asking what happened.
318;UgwNZ50tJqSuxz-x8t94AaABAg;2;Double it and give it to the next person;@matidbb8356;2026-09-08;0;0;0;0;CAMP_A;0.3;Excitement;Quoting a meme about doubling and giving it to someone else.
319;UgxQCBJfiPW4foEbpR14AaABAg;2;18M loot + 5.7M fame with a single ability heeeheeh;@shinixgami;2026-09-08;0;0;0;0;CAMP_A;0.5;Excitement;Gained massive loot and fame using just a single ability.
320;UgweC4tEj_nSOccYTIJ4AaABAg;2;Bro how;@Nephthystemple;2026-09-08;0;0;0;0;CAMP_C;0.2;Neutral;Asking how it was done.
321;UgxGrwIMhhaoq86hNRZ4AaABAg;2;+Did u record bro? Yeah bro, I did.  -Good bro, we can good video some people’s( !doits) believed I hope😂😂 -Yeah bro, peoples say WoWwWwW Its is fake video gysss😂😂😂;@J0N.SN0VV;2026-09-08;0;0;0;0;CAMP_B;0.4;Sarcasm;Accusing the video of being a fake setup for views.
322;UgyQ3bl-_4d3MSD6zd14AaABAg;2;😂😂😂😂😂😂😂;@D8dgy;2026-09-08;0;0;0;0;CAMP_A;0.4;Excitement;Laughing reaction.
323;Ugx8S2PMaIJ_2M5Abeh4AaABAg;2;He humiliate and killed himself at the same time 😢;@Panto_Mike;2026-09-08;0;0;0;0;CAMP_A;0.4;Disappointment;The player humiliated and killed themselves simultaneously.
324;UgwXJG05xmXND6rJAK94AaABAg;2;Super reflex 😮;@Patcharaphol-f6f;2026-09-08;0;0;0;0;CAMP_A;0.4;Excitement;Praising the super reflexes.
325;Ugy642W0kIPBzJ2Kmyl4AaABAg;2;Реакция мангуста на сцене;@OFF991-n9f;2026-09-08;0;0;0;0;CAMP_A;0.4;Excitement;Comparing the reaction speed to a mongoose on stage in Russian.
326;UgyVTAUXHunyHiUtYvV4AaABAg;2;lo que es jugar con poco ping, yo juego con 200 de ping y eso que tengo el tercer mejor internet de mi pais, igualmente prefiero ser Argentino que de cualquier otro pais inmundo;@Thesiaking;2026-09-08;0;0;0;0;CAMP_A;0.5;Frustration;Complaining about high ping disadvantage while praising Argentine pride.
327;UgzUrzkkTpgTbFpsXYF4AaABAg;2;Clean gathering;@steadytalkingtv;2026-09-08;0;0;0;0;CAMP_A;0.3;Excitement;Complimenting the clean gathering outplay.
328;Ugz5fMuAUhoDkOoP8v94AaABAg;2;😂😂😂 Caraí que foi isso 😂😂😂😂 destruído;@JotabeSantos;2026-09-08;0;0;0;0;CAMP_A;0.5;Excitement;Shocked and laughing at the total destruction.
329;UgzL0rg7k11umSlqPx54AaABAg;2;What the.;@Tugay_Cubukcu;2026-09-08;0;0;0;0;CAMP_C;0.2;Neutral;Expressing speechlessness.
330;UgyN2a8Gcols0d3zupl4AaABAg;2;Bro got erased😂😂;@ReaperNation-1210;2026-09-08;0;0;0;0;CAMP_A;0.4;Excitement;The opponent got completely erased.
331;UgzRjBCv1YNoQ0zr1kt4AaABAg.AaVC_LjgwLtAaVEE7I8XWr;2;T8 gatherer set + T7 dual swords;@FAKUPICADOAlbion;2026-09-08;0;0;1;0;CAMP_C;0.2;Neutral;Listing the exact gear used: T8 gatherer set and T7 dual swords.
332;UgwZ8UM26PuC-Bku8f14AaABAg.AaV4zkZV3W3AaV8i2_Ryh0;2;You can check the linked video with the full clip, it’s clearly Solo Mists. Or wait… maybe I edited it with AI? 😂😂;@FAKUPICADOAlbion;2026-09-08;0;0;1;0;CAMP_B;0.3;Sarcasm;Sardonically suggesting the video was edited with AI to counter the staged accusations.
333;UgyxzmdyeIyiJ4iegqx4AaABAg;2;One shot;@斯胖達;2026-09-08;0;0;0;0;CAMP_A;0.3;Excitement;Highlighting the one-shot nature of the fight.
334;UgyzV9fKWLiY4jBsEvV4AaABAg;2;id quit if i was him XD;@rodoplaygames8179;2026-09-08;0;0;0;0;CAMP_A;0.4;Excitement;Admitting they would quit the game if they suffered that fate.
335;UgyP0dE1Xv-iudX2YzV4AaABAg;2;RMT 😂😂😂 виглядає дуже не правдоподібно 😂 але дуже круто вийшло, навіть якщо просто для ролику👍;@Kempbell0;2026-09-08;0;0;0;0;CAMP_B;0.3;Sarcasm;Calling it RMT and looking unbelievable, but praising it as a cool video anyway.
336;UgxFpKvZcoaFF5NdEth4AaABAg;2;Eu ia dormir na hora 😅;@moraiswellington1994;2026-09-08;0;0;0;0;CAMP_A;0.3;Excitement;Would have gone straight to sleep out of shock.
337;Ugz4X6C_SV2cJcs1ppl4AaABAg;2;How?;@j0sem.a8811;2026-09-08;0;0;0;0;CAMP_C;0.2;Neutral;Asking how it was done.
338;UgzKbBW3sy8NBq9AwQ94AaABAg;2;Paid asf;@gobey8nd;2026-09-08;0;0;0;0;CAMP_B;0.3;Sarcasm;Calling the opponent a paid actor.
339;Ugx_WdzCGj__jpE4rO14AaABAg;2;never see that in life before ❤❤❤ rear clap and clip;@akhtaradeel-l8u;2026-09-08;0;0;0;0;CAMP_A;0.5;Excitement;Never seen anything like this before, great clip.
340;UgzDesz041TPaeZ07R54AaABAg;2;Wkwkwk;@GamePlay-tu9dv;2026-09-08;0;0;0;0;CAMP_A;0.2;Excitement;Laughing reaction.
341;UgwMI-X0wwx_RRIpR9d4AaABAg.AaUlKVGYoJUAaVI4PNqdqh;2;それは素晴らしいですよね;@arimimusic;2026-09-08;0;0;1;0;CAMP_A;0.2;Neutral;Acknowledging in Japanese that it is wonderful.
342;Ugz4X6lkRLdZXKiXYBV4AaABAg.AaUjEIPJcC6AaV88fqsL70;2;T8 gatherer set with T7 dual swords;@FAKUPICADOAlbion;2026-09-08;0;0;1;0;CAMP_C;0.2;Neutral;Detailing the build: T8 gatherer set with T7 dual swords.
343;UgykiuIuVH_Nrkz1u0N4AaABAg;2;taste your own damage ahh moment xd;@rakisto7457;2026-09-08;0;0;0;0;CAMP_A;0.4;Excitement;A classic taste your own damage moment.
344;Ugw503ikws7LlJDL9MB4AaABAg;2;Eh..?;@Nangamhane;2026-09-08;0;0;0;0;CAMP_C;0.2;Neutral;Expressing confusion.
345;UgxaZaIO70SlFS4Mxsh4AaABAg;2;Wtf Reaktion 😂;@Artek-d8k;2026-09-08;0;0;0;0;CAMP_A;0.4;Excitement;Commenting on the insane reaction time in German.
346;UgxUduk-cnHisydiFgR4AaABAg;2;My FPS cant do this reflex 😂;@Sukmadik-pwrj1;2026-09-08;0;0;0;0;CAMP_A;0.3;Frustration;Joking that their own FPS prevents them from having such reflexes.
347;UgznGgyTy7XHDs2rUvB4AaABAg;2;what happn 😂;@Kgarnida;2026-09-08;0;0;0;0;CAMP_C;0.3;Neutral;Asking what happened.
348;UgwAH0r8jd6ASuckdPp4AaABAg;2;Did a mosquito poke me? 😂;@Necro_Albion;2026-09-08;0;0;0;0;CAMP_A;0.4;Excitement;Joking that the ganker felt like a mosquito bite.
349;UgyKehXg1ICNceUtWl54AaABAg;2;Ha😂😂😂;@alberthbedoya1996;2026-09-08;0;0;0;0;CAMP_A;0.3;Excitement;Laughing reaction.
350;Ugxx-MzpL0Zv0Qz8g-Z4AaABAg.AaURhM388g9AaV8wT437no;2;Honestly, I only needed the W😅;@FAKUPICADOAlbion;2026-09-08;0;0;1;0;CAMP_C;0.2;Neutral;Clarifying that only the W skill was truly needed.
351;Ugwk7ZZwbwVYU3PgnnJ4AaABAg.AaUQ1IcHRv9AaV8BWFhJrE;2;T8 gatherer set & T7 dual swords;@FAKUPICADOAlbion;2026-09-08;0;0;1;0;CAMP_C;0.2;Neutral;Stating the exact gear setup.
352;UgxyOBr6-GtIB0XyBpB4AaABAg;2;Seriously, im fking confused;@DiLiAllStar;2026-09-08;0;0;0;0;CAMP_C;0.3;Neutral;Admitting to being completely confused.
353;UgzdOrFHrhtf2ux7cHZ4AaABAg;2;Ator pago;@IsraelBrownn;2026-09-08;0;0;0;0;CAMP_B;0.2;Sarcasm;Calling the player a paid actor in Spanish.
354;UgxV023CI6mtf9KImgN4AaABAg;2;Paid actor for sure. Same gear, same guy, same situation HAHA;@araceguingguing805;2026-09-08;0;0;0;0;CAMP_B;0.4;Sarcasm;Convinced it is a paid actor due to identical gear and situation.
355;UgyJf6Knl-N4Rnral6F4AaABAg.AaUJoLpr08pAaUL0pjDGph;2;Runnnn😅;@FAKUPICADOAlbion;2026-09-08;0;0;1;0;CAMP_C;0.2;Neutral;Advising to run away.
356;UgzWThl8qi2MZ14_5sF4AaABAg;2;Gelado;@megazorddofluxo5230;2026-09-08;0;0;0;0;CAMP_A;0.2;Neutral;Commenting cool or icy in Portuguese.
357;Ugzcl5KHrTLns8nM6DN4AaABAg;2;Bro eso es ilegal manooo impresionante eres mi ídolo crack;@UDZFF;2026-09-08;0;0;0;0;CAMP_A;0.6;Excitement;Calling the play illegal and praising the creator as an idol in Spanish.
358;Ugxs0EjSaO0Ch__Va4V4AaABAg.AaUEA1RULcbAaUEfYTStwq;2;Swords W reflect (parry);@FAKUPICADOAlbion;2026-09-08;0;0;1;0;CAMP_C;0.2;Neutral;Explaining the swords W reflect mechanic.
359;UgxmV_KZXn2cSIXYSrh4AaABAg;2;Bro 😂;@rec.patrick;2026-09-08;0;0;0;0;CAMP_A;0.3;Excitement;Amused reaction.
360;UgwTp6Cobh_gturbHSp4AaABAg;2;Acter 😊;@HiddenMechanismsOftheWorld;2026-09-08;0;0;0;0;CAMP_B;0.2;Sarcasm;Calling it staged with an actor.
361;UgzH6RM5hdYwZ7LdGdt4AaABAg;2;Welp that was embarrassing 😬;@jirehbemsamas5963;2026-09-08;0;0;0;0;CAMP_A;0.3;Neutral;Noting how embarrassing that death was for the ganker.
362;Ugx7TvGQAvflk3EutAF4AaABAg.AaU05f1wGFPAaU1pfCYtAD;2;😭😭😅;@FAKUPICADOAlbion;2026-09-08;0;0;1;0;CAMP_A;0.3;Excitement;Laughing emojis reacting to the crying ganker.
363;Ugx7TvGQAvflk3EutAF4AaABAg.AaU05f1wGFPAaU2PCsqnwA;2;@FAKUPICADOAlbion 100% he cry bro, even me cry just by watching your videos. HAHAHA;@lyfjaberga;2026-09-08;0;0;1;0;CAMP_A;0.4;Excitement;Enjoying the content so much it makes viewers cry laughing.
364;Ugw_WzsKn247mZFdHM54AaABAg;2;Scripted, You can see the skill usage..;@invinciblethragg;2026-09-08;0;0;0;0;CAMP_B;0.3;Sarcasm;Claiming the video is scripted based on skill usage.
365;Ugyd7SGs5cm3xAxNOw94AaABAg.AaTvluPsi3fAaU-CphAw-4;2;Swords W reflect (Parry)😅;@FAKUPICADOAlbion;2026-09-08;0;0;1;0;CAMP_C;0.2;Neutral;Explaining the swords W reflect parry.
366;UgxXRJ5X5B11nAXXJzp4AaABAg.AaTvWo5_qqqAaVPuFUOpWk;2;​@Knuok well I guess it's even more😂;@PratikJhankar;2026-09-08;0;0;1;0;CAMP_E;0.2;Neutral;Agreeing that the loot value is even higher.
367;UgxXRJ5X5B11nAXXJzp4AaABAg.AaTvWo5_qqqAaZ5M36xZPO;2;Easy money 😂;@Obi-Wan-Kenobii;2026-09-10;0;0;1;0;CAMP_A;0.3;Excitement;Calling it easy money.
368;Ugw9uAXVHVcFnMFRtq14AaABAg;2;I hate those one shot pair dagger, now im happy bcs seeing you killed them 😂;@fauzanxc8792;2026-09-08;0;0;0;0;CAMP_A;0.5;Excitement;Expresses hatred for one-shot pair daggers and joy at seeing them killed.
369;UgwRqodw1FU-y7d83pV4AaABAg;2;Красава . Рефлек прожатия высоки;@antontot5307;2026-09-07;0;0;0;0;CAMP_A;0.4;Excitement;Praising the high reflect reflexes in Russian.
370;UgwCbwovsbPcGNslBfZ4AaABAg;2;At least he didn't play the game before that for 1 entire week for sure  The daggers guy:  Hehehe another victim...  Hoooollllyyyyyy!!! Fuuuuuuu... -rage quit-  This clip make me the day  Tysm;@Nikel..;2026-09-07;0;0;0;0;CAMP_A;0.7;Excitement;Imagining the hilarious rage quit of the dagger user that made their day.
371;UgzY5JqoCRvNLeh9-Ad4AaABAg.AaToYJPWtXVAaTor5sG-am;2;Just press W and loot 😂😅;@FAKUPICADOAlbion;2026-09-07;0;0;1;0;CAMP_A;0.3;Excitement;Just press W and loot.
372;Ugy5vviozkH81YoD_5F4AaABAg.AaTnrEmlcH9AaTnvqCWUoF;2;Actor;@yuichirohyakuyafics1077;2026-09-07;0;0;1;0;CAMP_B;0.2;Sarcasm;Calling the player an actor.
373;UgyC5MHT48VPcsElddR4AaABAg;2;What the fuck HAHAHA;@SkyBlueMoon1;2026-09-07;0;0;0;0;CAMP_A;0.4;Excitement;Shocked reaction.
374;Ugw5VhmsTmPQXft75Wp4AaABAg;2;TE AMOOOOOOOOOOO I LOVE YOUUUUUUUUU;@alejandrobenitezventimigli4171;2026-09-07;0;0;0;0;CAMP_A;0.6;Excitement;Expressing extreme love and affection for the creator.
375;UgxaOQ0exSDEGmr45jZ4AaABAg;2;Brooooo;@jesicatorres8660;2026-09-07;0;0;0;0;CAMP_A;0.3;Excitement;Hype reaction.
376;UgzKnqRYAmCO3qamp-Z4AaABAg;2;Бан;@ИгорьДударчик-и6б;2026-09-07;0;0;0;0;CAMP_A;0.2;Neutral;Saying ban in Russian.
377;Ugz7GgGO23s9HLjsxBN4AaABAg;2;Que?;@black-yankee;2026-09-07;0;0;0;0;CAMP_C;0.2;Neutral;Asking what in Spanish.
378;UgyF6UYcv4NhEPCsx8p4AaABAg.AaTbS-CDmOXAaTf8hyrmL8;2;Think he reflected most of the damage he did back on him then finished him off in instantly.;@austinbeatty6832;2026-09-07;0;0;1;0;CAMP_C;0.2;Neutral;Explaining that most of the damage was reflected back instantly.
379;UgyF6UYcv4NhEPCsx8p4AaABAg.AaTbS-CDmOXAaTo6AjEqT1;2;Exactly! Cloth Dagger Pairs do insane damage, but the downside is that they also take a lot of damage. I reflected his burst back at him and he died instantly 😅;@FAKUPICADOAlbion;2026-09-07;0;0;1;0;CAMP_C;0.3;Neutral;Explaining that cloth dagger pairs take heavy damage when their burst is reflected.
380;Ugznjzfh5-_Mvmv0ngh4AaABAg;2;What reflex is that 😲😨😮;@Alexgamink09;2026-09-07;0;0;0;0;CAMP_A;0.4;Excitement;Expressing awe at the reflexes.
381;Ugz4YwHubtMtRPhVCo54AaABAg;2;Paid actor at its finest;@kuroneko8916;2026-09-07;0;0;0;0;CAMP_B;0.3;Sarcasm;Calling it a paid actor at its finest.
382;UgzcK6r-4eQlVYUFROV4AaABAg;2;Ave Maria 😱;@heiderjoabe1138;2026-09-07;0;0;0;0;CAMP_A;0.4;Excitement;Expressing shock and awe.
383;UgxHrKQ43s2ItXCBXv14AaABAg;2;чел сначала использовал E, а потом W? только из-за долгого каста Е получилась идеальная отдача. так бы он должен был сначала снести тебе 40-60% очков жизни. редко встречаются такие дурачки, но я видел и обратную ситуацию где после срабатывания ботинок гангер просто ждал отрабатывания отдачи. а затем шотал собирашку, конечно же он заранее видел что у парня стоит обратка на W и отыграл от этого. а тут просто дурачок на гангере.;@ajibkotpac;2026-09-07;0;0;0;0;CAMP_C;0.4;Neutral;Analyzing how the long cast time of E combined with W reflect caused the ideal damage return in Russian.
384;UgySKbNk-XM8TAk7Yhp4AaABAg;2;Ue;@jonhtarkov6846;2026-09-07;0;0;0;0;CAMP_C;0.2;Neutral;Curious reaction.
385;Ugym-wm0D7KlFxzNhax4AaABAg;2;😮;@protoTH;2026-09-07;0;0;0;0;CAMP_A;0.3;Excitement;Surprised emoji reaction.
386;UgyZyCN0P_RL--ahnPN4AaABAg.AaTPaPyKJ6UAa_tKbaIRJT;2;​@xMissForchunit's the Internet everyone is talking to everybody you dingbat quit being edgy because you're in a bad mood it's nobody else's fault you're miserable in life.;@dimaknopf;2026-09-10;0;0;1;0;CAMP_A;0.5;Anger;Defending public forum chatting and calling out toxic negativity.
387;UgymwJKSHNeuJAVBnOt4AaABAg;2;это не РМТ, верю;@unknownprismo;2026-09-07;0;0;0;0;CAMP_B;0.2;Sarcasm;Sarcastically saying it is definitely not RMT in Russian.
388;UgwCbY8eE0M3pXS-3-54AaABAg;2;contacto del actor?;@pavlogamaliel4373;2026-09-07;0;0;0;0;CAMP_B;0.2;Sarcasm;Asking for the actor's contact info in Spanish.
389;UgympgKEgCK8QYtx1zN4AaABAg.AaTKWMbV0lAAaTRswab4GO;2;Включил возвратку. Чел сам себя убил;@AvaDK;2026-09-07;0;0;1;0;CAMP_C;0.2;Neutral;Explaining that the player turned on reflect and killed themselves in Russian.
390;UgympgKEgCK8QYtx1zN4AaABAg.AaTKWMbV0lAAaTSE3TZkk9;2;@AvaDKааааа;@Kakavaka.V2;2026-09-07;0;0;1;0;CAMP_A;0.2;Neutral;Laughing reaction in Russian.
391;UgxfKXycrhoOToPU9uh4AaABAg.AaTKIdlMZbZAaTKKxwRig_;2;He died but how?;@abrakadabra2695;2026-09-07;0;0;1;0;CAMP_C;0.2;Neutral;Asking how he died.
392;UgxfKXycrhoOToPU9uh4AaABAg.AaTKIdlMZbZAaTnS0cJv-f;2;Swords W reflect (parry);@FAKUPICADOAlbion;2026-09-07;0;0;1;0;CAMP_C;0.2;Neutral;Explaining the W reflect parry.
393;Ugzft7t_-pQNCPjsOBh4AaABAg;2;😂😂😂😂;@DannyThePlant;2026-09-07;0;0;0;0;CAMP_A;0.3;Excitement;Laughing emojis.
394;UgyY-DAQfeQ4Z2wCiGF4AaABAg.AaTCEyoLZqSAaU4OxWH9s1;2;mesmo colocando o vídeo em câmera lenta a reação dele foi bizarra;@Gabrielhenrique-y8i1g;2026-09-08;0;0;1;0;CAMP_A;0.3;Neutral;Even in slow motion, the reaction time was bizarrely fast.
395;UgwLZy19d35VHwIwxnh4AaABAg.AaTC3oxPaxvAaTKkgoHMO-;2;É melhor não 😂😂😂 Esse “E” da espada ou você tem um reflexo absurdo pra acionar ele na hora, ou você tem que prever o cara chegar pelo som, e o ping também tem que estar bom Sem falar que o “E” refletiu duas skills e o auto ataque dele então os ganker agora vão ficar mais espertos com isso😂😂😂;@Johnny10000xp;2026-09-07;0;0;1;0;CAMP_A;0.4;Neutral;Discussing how hard it is to time the sword E or W reflect without great ping and sound cues.
396;UgwLZy19d35VHwIwxnh4AaABAg.AaTC3oxPaxvAaTQ1oIy0Jm;2;@Johnny10000xp problema que nosso mano Faku faz o conteudo em inglês e os americanos e europeus tambem vê . sou Do EU vou fazer só pelo conteudo kkkk só para ver kkk e aprender tambem po.;@jaersonsouzadasilva6728;2026-09-07;0;0;1;0;CAMP_A;0.3;Excitement;Planning to try it out for content and learning.
397;UgzJXm5zeybBCv6DEPl4AaABAg;2;Wkwkwkwk;@tengkuaji3750;2026-09-07;0;0;0;0;CAMP_A;0.2;Excitement;Laughing in Indonesian.
398;UgwbKDw4t06IxraocoN4AaABAg.AaT700v4lTyAaW1TUvyFeG;2;​​@AlezinCaputbecause he was 6.1 gear and i was 4.1;@shohruhmahmudaliev6989;2026-09-08;0;0;1;0;CAMP_C;0.2;Neutral;Explaining the gear tier difference (6.1 vs 4.1).
399;UgxwKwBzqB13lUwwT8N4AaABAg;2;Lollllll insta kill;@abhilashboro8198;2026-09-07;0;0;0;0;CAMP_A;0.4;Excitement;Instant kill hype.
400;UgxklKIZM0mLk95Cq854AaABAg;2;Wtf 😂😂;@LazyHermit0;2026-09-07;0;0;0;0;CAMP_A;0.3;Excitement;Shocked laugh reaction.
401;Ugx0LaZcoFcJJxitD194AaABAg;2;Usas radar 😂;@adriangaleano8984;2026-09-07;0;0;0;0;CAMP_D;0.3;Frustration;Accusing the creator of using radar.
402;Ugw9q61cr0jFjwGcMeV4AaABAg;2;Zuhhhahahahahahahahha 😅😂😅😅😂😅😂😅😂😅😂😅😂;@Tekkem-Dikmeno;2026-09-07;0;0;0;0;CAMP_A;0.5;Excitement;Loud laughter reaction.
403;UgztJqW7JPIsSXWAYgp4AaABAg.AaShbkik72UAaSjLrLXqFP;2;The power of a T7 sword 😅;@FAKUPICADOAlbion;2026-09-07;0;0;1;0;CAMP_A;0.3;Excitement;Praising the power of a T7 sword.
404;UgztJqW7JPIsSXWAYgp4AaABAg.AaShbkik72UAaSnw8qNspp;2;☠️u can do that with t4 flat sword also just have to time this perfectly;@mrrandom3878;2026-09-07;0;0;1;0;CAMP_C;0.2;Neutral;Noting you can do it with even a flat T4 sword if timed perfectly.
405;UgyC53dkSczRzrCaYlp4AaABAg;2;Jjajajaja jajajajaja;@JesusParra-g5i8f;2026-09-07;0;0;0;0;CAMP_A;0.3;Excitement;Laughing in Spanish.
406;UgyzdVIpn8_CNrWne6Z4AaABAg.AaSZllt2VSeAaS_XH8WS1j;2;Yeah, just a little lower 😂 I was in T8 gear with a T7 weapon, and he had 1750+ IP 😅;@FAKUPICADOAlbion;2026-09-07;0;0;1;0;CAMP_A;0.3;Neutral;Creator clarifies they were in T8 gear with T7 weapon against a 1750+ IP ganker.
407;Ugzhkt_vBNXt5Xj9XLp4AaABAg.AaSOrSMwsT4AaST3M3AVjs;2;было бы чему учиться чел с радаром играет но дурачки верят в РЕАКЦИЮ;@ksanderjoestar8534;2026-09-07;0;0;1;0;CAMP_D;0.4;Frustration;Accusing the creator of using radar instead of actual reaction time in Russian.
408;Ugzhkt_vBNXt5Xj9XLp4AaABAg.AaSOrSMwsT4AaSXcOXMK5X;2;Good luck, bro! It’s not as hard as it looks once you get used to it. It makes gathering much more fun and less repetitive, and the risk of losing more money when you die keeps you much more focused 😅😂;@FAKUPICADOAlbion;2026-09-07;0;0;1;0;CAMP_A;0.3;Excitement;Encouraging the learner and noting that high risk keeps gathering focused.
409;Ugwnl1JHwks72SxJ_sV4AaABAg.AaSNQ9mPKNtAaSSThvY31v;2;No he can't;@guchik123;2026-09-07;0;0;1;0;CAMP_A;0.2;Neutral;Refuting a claim.
410;UgxilEVFulF8b6ZCWa14AaABAg;2;omg;@0ns;2026-09-07;0;0;0;0;CAMP_A;0.3;Excitement;Surprised reaction.
411;Ugxg8DvAho4_-Sc4L2Z4AaABAg;2;É o fakuripa bb;@denyssonfelipe9714;2026-09-07;0;0;0;0;CAMP_A;0.3;Excitement;Hype callout in Portuguese.
412;UgzAOiP2L9pLoLU5Uxx4AaABAg;2;Xd;@Yôlô-Cârpê;2026-09-07;0;0;0;0;CAMP_A;0.2;Neutral;Laughing reaction.
413;UgwYh0jEmEO9saFinSh4AaABAg.AaSH0KRWdR4AaSnDjtmbr2;2;​@ksanderjoestar8534assuming you're joking lol;@lukespalding1964;2026-09-07;0;0;1;0;CAMP_A;0.2;Neutral;Assuming someone is joking.
414;UgwaRG3AS682wls09894AaABAg;3;20:12 lmao, haven't seen this close yet;@veshack3241;2026-08-16;29;1;1;31;NEUTRAL_SPAM;0.0;Neutral;-
415;UgwRbUFcj-9YAnXG9T54AaABAg;3;My 7 accounts subscribed to you;@abak359;2026-08-16;27;1;1;29;NEUTRAL_SPAM;0.0;Neutral;-
416;UgzxBkouLkawS_S-gT14AaABAg;3;12:20 a game where 5-10-20-30-50 people gank 1 person even if his build is cheap and SBI ruins the solo player experience even more;@Yasotwsk;2026-08-16;14;10;1;34;NEUTRAL_SPAM;0.0;Neutral;-
417;Ugyo0YdRN0wcqyuI0yl4AaABAg;3;24:01 your W can pass the fire barrier. tip for next time;@FlavCrypto;2026-08-16;4;1;1;6;NEUTRAL_SPAM;0.0;Neutral;-
418;UgzLUueZT_OwMckQfYh4AaABAg;3;Buen video. 22:53 Tú: osas usar mis propios hechizos contra mi Potter. (Te devolviste porque es lo que tú haces cuando tiras invisible, en vez de seguir recto te vas hacía atrás).;@ELJERE06;2026-08-16;4;1;1;6;NEUTRAL_SPAM;0.0;Neutral;-
419;Ugxn4Hc2WL3AVEMv0NB4AaABAg;3;Stalker bro, I'm out of Silver—could you give me a hand? :=);@dakikamzh;2026-08-16;0;4;1;8;NEUTRAL_SPAM;0.0;Neutral;-
420;UgzxBkouLkawS_S-gT14AaABAg.A_ZpSlvBkrEA__iwpoo1cn;3;@zartozorto i only started last year and realized that i joined after they started making it harder for solo players, idk why r u mad about it but what im saying is it wouldve been a better game if it doesnt favour anyone and just keeps the good stuff for both sides instead of wtv they are doing now;@Yasotwsk;2026-08-16;3;0;1;3;NEUTRAL_SPAM;0.0;Neutral;-
421;UgwRbUFcj-9YAnXG9T54AaABAg.A_ZfuCvoKgsA_cMsWTp44G;3;Thank you for this much of support 🙏😁;@stalker31333;2026-08-17;3;0;1;3;NEUTRAL_SPAM;0.0;Neutral;-
422;Ugw9prmTJoyrK9ZwKJ94AaABAg;3;I'm a returnee. If i were to go back in game from zero, which best class is the best I could use for farming black zones. I don't want to farm any more skills like i did last time;@Takumi1421;2026-08-28;2;1;1;4;NEUTRAL_SPAM;0.0;Neutral;-
423;UgxCv8pxSoLmQ18Hze14AaABAg;3;"12:46  ""xd"" after yoinking the loot was absolute disrespect lmao";@justplayfox;2026-08-18;2;1;1;4;NEUTRAL_SPAM;0.0;Neutral;-
424;UgxUMrZ_XghJ99Nn3zd4AaABAg;3;NICEEE BRO, THANK YOU for the class;@mascotew-7;2026-08-17;2;1;1;4;NEUTRAL_SPAM;0.0;Neutral;-
425;UgxoGknRs6lSt3r_uSZ4AaABAg;3;Bro, congratulations on 74k subscribers! You'll reach 100k soon because of your awesome content. You're the best content creator in Albion! 🙌🎉;@SaidFelix-s2q1d;2026-08-16;2;1;1;4;NEUTRAL_SPAM;0.0;Neutral;-
426;UgyTeLwa4LevR6K4ss14AaABAg;3;Hooray, that's what I was waiting for, thank you, greetings from Russia;@1Per4ik1;2026-08-16;2;1;1;4;NEUTRAL_SPAM;0.0;Neutral;-
427;UgyG7AFWbVRKxLyiv7B4AaABAg;3;Tiempo sin ver un vídeo de stalker y comentarle que es el mejor y amo sus videos ❤❤;@knightnexu;2026-08-16;2;1;1;4;NEUTRAL_SPAM;0.0;Neutral;-
428;UgxOXmbDxobrPJNoi2B4AaABAg;3;btw is it jst me or is 2:35 sounding like an artist;@yenhaoooi8214;2026-08-16;2;1;1;4;NEUTRAL_SPAM;0.0;Neutral;-
429;UgzH3Sia20P_YWzPKVR4AaABAg;3;Hello friends, I'm a beginner in the game and I have a question: can I play PvP and fight with only 100 weapon styles and 100 build styles? Thanks.;@RedminRedmin-p9l;2026-08-19;1;2;1;5;NEUTRAL_SPAM;0.0;Neutral;-
430;Ugx97bCiY91KPxnM7Wt4AaABAg;3;Hey Stalker, is mobility still the meta? And what are the best weapons In mobility?;@navacoc;2026-08-16;1;2;1;5;NEUTRAL_SPAM;0.0;Neutral;-
431;Ugzz9w9qc2cAFroSGx54AaABAg.A_cmZwdPhFCA_dov6FvQCt;3;Start going to corrupted dungeons bro. Go hunter mode first, don't worry about clearing the whole dungeon. You'll be there just for PvP. Once you get experience, beating most of the enemies, start going to stalker mode. Study every win, and lose you will get. Learn what builds you can beat and what counters your build. Then go to mist with 4.2, or 4.1, take fights even if your IP is lower.;@dudz0930;2026-08-18;2;0;1;2;NEUTRAL_SPAM;0.0;Neutral;-
432;UgydnBCIu0Jo0L5UFIh4AaABAg;3;why is the audio so crunchy lmao;@shinoobidan;2026-08-30;1;1;1;3;NEUTRAL_SPAM;0.0;Neutral;-
433;UgxoiJNFgfxnLmYiKpl4AaABAg;3;Pls zero to hero claws 😅;@MXSomeoneSXM;2026-08-29;1;1;1;3;NEUTRAL_SPAM;0.0;Neutral;-
434;Ugyv2Bljb_A6F_Cr89d4AaABAg;3;Is it not have nerfs and be weaker than before ? Cause i like dagger the most but afraid of this point so i play battle axe but wish back to my love dagger again.;@MohamedAhmed-kg8lk;2026-08-28;1;1;1;3;NEUTRAL_SPAM;0.0;Neutral;-
435;Ugywf5ZavZ7ZH57E_bJ4AaABAg;3;Mostraras la cara algún día?;@user-MARXV;2026-08-24;1;1;1;3;NEUTRAL_SPAM;0.0;Neutral;-
436;UgzZWnEfPF7rJJ87Bht4AaABAg;3;Nice name❤;@XzhYarX;2026-08-23;1;1;1;3;NEUTRAL_SPAM;0.0;Neutral;-
437;UgxUiAhZhU4jjx05eCN4AaABAg;3;que bueno eres bro;@elwokii;2026-08-23;1;1;1;3;NEUTRAL_SPAM;0.0;Neutral;-
438;UgzzkmUx54aZsZc5_OB4AaABAg;3;Thanks bro;@cratte77745;2026-08-18;1;1;1;3;NEUTRAL_SPAM;0.0;Neutral;-
439;Ugw0X3kRoTsg7PawTcN4AaABAg;3;wich is the best way to earn fame?;@Juanncito0;2026-08-18;1;1;1;3;NEUTRAL_SPAM;0.0;Neutral;-
440;Ugzz9w9qc2cAFroSGx54AaABAg;3;Hi, I've played albion for about 600 hours and I'm feeling really hard in pvp. I play mostly Druid staffs, and with tens of millions, I still dress up at 4.1 Could you give me a couple of tips? It would be interesting to know where it is most convenient to understand the PVP segment. And how to learn to take something above 4.1....;@номикроэлемент;2026-08-18;1;1;1;3;NEUTRAL_SPAM;0.0;Neutral;-
441;UgyFpDmOvPhCYSG3ekZ4AaABAg;3;20:12 wtf that close position is possible? Closest i ever got was like 4 screens away and already thought this was a bug;@NonOYaBizNiz;2026-08-17;1;1;1;3;NEUTRAL_SPAM;0.0;Neutral;-
442;UgygDt1ktlQDoYqrCo14AaABAg;3;Wthappened with sounds;@AlbobusOffline;2026-08-17;1;1;1;3;NEUTRAL_SPAM;0.0;Neutral;-
443;UgwcBXetWXNCJUX6c_B4AaABAg;3;20:07 😂😂 it's awesome;@Usgetiren;2026-08-17;1;1;1;3;NEUTRAL_SPAM;0.0;Neutral;-
444;UgzRNCKQW1OzvV_GD9J4AaABAg;3;Hey, make a zero to hero fishing game.;@Gus_GamePlays;2026-08-17;1;1;1;3;NEUTRAL_SPAM;0.0;Neutral;-
445;Ugymgy3fz8K__w6rAc54AaABAg;3;someday i'll be a successful albion content creator and help my mom :);@imnearlimitless;2026-08-16;1;1;1;3;NEUTRAL_SPAM;0.0;Neutral;-
446;UgxyYW3KanxtAqnVfhh4AaABAg;3;Stalker! Join the council now;@Calibur7;2026-08-16;1;1;1;3;NEUTRAL_SPAM;0.0;Neutral;-
447;UgzQUK393f-udD-DQBl4AaABAg;3;bro can you do more content on hammer or quterstuff and battle axe;@Lil_Peter738;2026-08-16;1;1;1;3;NEUTRAL_SPAM;0.0;Neutral;-
448;Ugys0Id7Ek5YVT8bRld4AaABAg;3;Always support you;@SatyajitRay-123;2026-08-16;1;1;1;3;NEUTRAL_SPAM;0.0;Neutral;-
449;Ugwn0vdCTtReJd-9KwR4AaABAg;3;OMGGGGG THANKS MAN;@VePe7;2026-08-16;1;1;1;3;NEUTRAL_SPAM;0.0;Neutral;-
450;Ugwiw5sw7RljYNWWJqh4AaABAg;3;Why didnt you used hellion shoes ???;@Bilal-Pictures;2026-08-16;1;1;1;3;NEUTRAL_SPAM;0.0;Neutral;-
451;UgyMD-Lt2pyBfJnRqKZ4AaABAg;3;Nice video;@nakamashorts2902;2026-08-16;1;1;1;3;NEUTRAL_SPAM;0.0;Neutral;-
452;Ugx8tyBqQA0nRUayetR4AaABAg;3;Your intro bro looks like familiar to me like it take me back when I was young.;@KuaChad-i4x;2026-08-16;1;1;1;3;NEUTRAL_SPAM;0.0;Neutral;-
453;UgwcUWPfR4RjPmAbRYp4AaABAg;3;first :D;@OniRyoshi;2026-08-16;1;1;1;3;NEUTRAL_SPAM;0.0;Neutral;-
454;Ugz19-AvQuT6GMJfSXB4AaABAg;3;"Here some next video idea  Flamewalker 0 to 100 with character name "" YourAllahu""";@MekLaZeng;2026-08-17;0;2;1;4;NEUTRAL_SPAM;0.0;Neutral;-
455;UgzpxeUGGBMkOappOCd4AaABAg;3;23:15 hahahahhahahahahahahahhaahhahaha What the dog doing?;@BabyOil123d;2026-08-16;0;2;1;4;NEUTRAL_SPAM;0.0;Neutral;-
456;UgzX_zrmDavE5EFNHBB4AaABAg;3;Fish, zero to hero, please;@으-w4j;2026-08-16;0;2;1;4;NEUTRAL_SPAM;0.0;Neutral;-
457;UgwumsrYgS4eDs1Rb-V4AaABAg;3;Jadi kesimpulan nya itu bagus gak buat pve  dan pvp sih pasti op banget asal main tarik ulur tarik ulur aja;@KlanSakai;2026-08-16;0;2;1;4;NEUTRAL_SPAM;0.0;Neutral;-
458;UgzKzKtkFLXEC17tuFh4AaABAg;3;"Please like the video 😁 ------------------------------------------- Welcome to my Twitch: https://www.twitch.tv/stalker313x I'd be happy if you joined my Discord server: https://discord.gg/Arzkq9NDH8 Play Albion Online: https://albiononline.com/ref/VANVWXXT4F";@stalker31333;2026-08-17;1;0;0;1;NEUTRAL_SPAM;0.0;Neutral;-
459;UgxoiJNFgfxnLmYiKpl4AaABAg.Aa4RNE4uxwVAa5oDqmOhJE;3;Soon 😁👊;@stalker31333;2026-08-29;1;0;1;1;NEUTRAL_SPAM;0.0;Neutral;-
460;Ugyv2Bljb_A6F_Cr89d4AaABAg.Aa3WpsgbydwAa5qMCNEOtd;3;Still have nice damage;@stalker31333;2026-08-29;1;0;1;1;NEUTRAL_SPAM;0.0;Neutral;-
461;Ugw9prmTJoyrK9ZwKJ94AaABAg.Aa20_yWepE7Aa2o3uYDter;3;I recommend you a Dual sword;@stalker31333;2026-08-28;1;0;1;1;NEUTRAL_SPAM;0.0;Neutral;-
462;UgxUMrZ_XghJ99Nn3zd4AaABAg.A_c-PP5zfyoA_cKtXrmrgc;3;😁🙏 Welcome;@stalker31333;2026-08-17;1;0;1;1;NEUTRAL_SPAM;0.0;Neutral;-
463;Ugz19-AvQuT6GMJfSXB4AaABAg.A_b0DWaCs6QA_cL5djXYxf;3;I did a flamewalker before 👍;@stalker31333;2026-08-17;1;0;1;1;NEUTRAL_SPAM;0.0;Neutral;-
464;UgzRNCKQW1OzvV_GD9J4AaABAg.A_aF3ymDsKeA_cL6esWmJi;3;Soon 😁👍;@stalker31333;2026-08-17;1;0;1;1;NEUTRAL_SPAM;0.0;Neutral;-
465;Ugx1rLSfLydPqlXm1Wp4AaABAg.A__mrNlNi6iA_cN5LhoEFz;3;I forgot to delete it 😅;@stalker31333;2026-08-17;1;0;1;1;NEUTRAL_SPAM;0.0;Neutral;-
466;UgzpxeUGGBMkOappOCd4AaABAg.A__mWdtjanAA_cMQsPOWEX;3;He lost the target cuz I use the inv potion 😂;@stalker31333;2026-08-17;1;0;1;1;NEUTRAL_SPAM;0.0;Neutral;-
467;UgzX_zrmDavE5EFNHBB4AaABAg.A__gB7354MMA_cMIjrFqv8;3;Soon;@stalker31333;2026-08-17;1;0;1;1;NEUTRAL_SPAM;0.0;Neutral;-
468;UgxoGknRs6lSt3r_uSZ4AaABAg.A__eidYI19rA_cKrr0dGR5;3;Thank you so much for the kind words 😁🙏;@stalker31333;2026-08-17;1;0;1;1;NEUTRAL_SPAM;0.0;Neutral;-
469;UgzLUueZT_OwMckQfYh4AaABAg.A__ChiYZ70wA_cLfNjR0X7;3;Thank you 😁🙏;@stalker31333;2026-08-17;1;0;1;1;NEUTRAL_SPAM;0.0;Neutral;-
470;Ugxf7CQRr4HciLrjxI94AaABAg.A__3XCBWpppA_cOQ7jmapE;3;😅;@stalker31333;2026-08-17;1;0;1;1;NEUTRAL_SPAM;0.0;Neutral;-
471;Ugwiw5sw7RljYNWWJqh4AaABAg.A_ZtxhLynJIA_cL-54tGtD;3;Both is good;@stalker31333;2026-08-17;1;0;1;1;NEUTRAL_SPAM;0.0;Neutral;-
472;UgzxBkouLkawS_S-gT14AaABAg.A_ZpSlvBkrEA__TW0IRB1t;3;sbi helping the fuckin solo players for years in every update man please lol. you should have tried albion 4-5 years ago;@zartozorto;2026-08-16;1;0;1;1;NEUTRAL_SPAM;0.0;Neutral;-
473;Ugzp9PyJiZKs8wAArG94AaABAg;3;is that real chat?;@AlZiskoPrahutoo;2026-09-07;0;1;1;2;NEUTRAL_SPAM;0.0;Neutral;-
474;Ugx1BsvNZwrR9VLNkfB4AaABAg;3;6:28 crazy ahhahahhaha😂;@CrystalDopium;2026-08-21;0;1;1;2;NEUTRAL_SPAM;0.0;Neutral;-
475;Ugy_mgzZB8YUMXq_nGx4AaABAg;3;Can I use daggers for pvp 2v2? Thanks !;@kiruhich5008;2026-08-20;0;1;1;2;NEUTRAL_SPAM;0.0;Neutral;-
476;UgxU2No_GzOI6JC2h114AaABAg;3;NA or EU?;@Tucaleli;2026-08-18;0;1;1;2;NEUTRAL_SPAM;0.0;Neutral;-
477;UgxX-Q7Zz0cGyivZ0D94AaABAg;3;Tys 👏👏👏;@Nik_klausM;2026-08-17;0;1;1;2;NEUTRAL_SPAM;0.0;Neutral;-
478;UgzZGV5bOpjmrCgUnG54AaABAg;3;benim dizinin yeni bölümü gelmiş :);@doguskaragoz5101;2026-08-17;0;1;1;2;NEUTRAL_SPAM;0.0;Neutral;-
479;UgzKHv0h1CCaPQk_LsV4AaABAg;3;Love dagger pair but its such a shitty weapon, look at bear paws rn, daggers are in a horrible state.;@victormafra4723;2026-08-17;0;1;1;2;NEUTRAL_SPAM;0.0;Neutral;-
480;Ugx8u1kK09OGM4HdgN54AaABAg;3;Have you heard about PlayStation’s copyright policies?;@urasarapin3920;2026-08-17;0;1;1;2;NEUTRAL_SPAM;0.0;Neutral;-
481;Ugx4LAto5Tk6Z39Fwwp4AaABAg;3;FORT STERLING  HEART OF WINTER ❤;@номикроэлемент;2026-08-16;0;1;1;2;NEUTRAL_SPAM;0.0;Neutral;-
482;UgxDL6ADmbfnp397xbN4AaABAg;3;12:04 use laptop what are its specifications?;@AndresGomez-im8si;2026-08-16;0;1;1;2;NEUTRAL_SPAM;0.0;Neutral;-
483;Ugx1rLSfLydPqlXm1Wp4AaABAg;3;26:21 This part has been affected;@BabyOil123d;2026-08-16;0;1;1;2;NEUTRAL_SPAM;0.0;Neutral;-
484;UgzjRmXF7XFoevT5ZE54AaABAg;3;you best 🦣❤️;@ZonalD_Global;2026-08-16;0;1;1;2;NEUTRAL_SPAM;0.0;Neutral;-
485;UgxPX87fB9ZRC4nobKd4AaABAg;3;12:04 My daily life with the new update;@BabyOil123d;2026-08-16;0;1;1;2;NEUTRAL_SPAM;0.0;Neutral;-
486;UgyTKuU-QRGRaANrrFV4AaABAg;3;Let's gooo Finley;@BabyOil123d;2026-08-16;0;1;1;2;NEUTRAL_SPAM;0.0;Neutral;-
487;Ugz3NijnbUlrgncnHx14AaABAg;3;Stalker, your videos are amazing! I really love them and look forward to your content every week. Quick question: how long does it take you to go from 0 to 100 in your videos? I'm going to try doing this with my duo on my day off, though I know it'll take longer since we'll be sharing XP. ​Big hug!;@LucasBiianco;2026-08-16;0;1;1;2;NEUTRAL_SPAM;0.0;Neutral;-
488;UgxIJlQc-aD8RJF6kLp4AaABAg;3;que arma me recomiendas subir al 100 en una cuenta nueva ya soy un jugador algo experimentado;@ALBert-RESUMENES;2026-08-16;0;1;1;2;NEUTRAL_SPAM;0.0;Neutral;-
489;UgykFwtx63cjL0H2pFd4AaABAg;3;BTW u can shadowedg the fire wall;@SenbonZakurax;2026-08-16;0;1;1;2;NEUTRAL_SPAM;0.0;Neutral;-
490;Ugxc-gUVcWFBnnY1oFV4AaABAg;3;man use 11 labs to put a voice over;@paradox7830;2026-08-16;0;1;1;2;NEUTRAL_SPAM;0.0;Neutral;-
491;UgzyFSWMy-xWYLFqem94AaABAg;3;If u had just uploaded a week before;@Lucky-e6j8i;2026-08-16;0;1;1;2;NEUTRAL_SPAM;0.0;Neutral;-
492;Ugxf7CQRr4HciLrjxI94AaABAg;3;dafuq is that WAGON xD clicker game;@baldhazard;2026-08-16;0;1;1;2;NEUTRAL_SPAM;0.0;Neutral;-
493;UgyQJsx1mXzluONfHFB4AaABAg;3;we want zero to hero cursed staff but normal build;@dorofeix;2026-08-16;0;1;1;2;NEUTRAL_SPAM;0.0;Neutral;-
494;Ugwe3LYr_ps1i0F4IwF4AaABAg;3;Never understood why those ganking parties are out. ARe they so useless they cant be alone?;@emilthedude7937;2026-08-16;0;1;1;2;NEUTRAL_SPAM;0.0;Neutral;-
495;Ugy1NZkb4mjzmY22uoN4AaABAg;3;Its a good day watching another level 100 😊;@Nanda-bl4bo;2026-08-16;0;1;1;2;NEUTRAL_SPAM;0.0;Neutral;-
496;UgzYFceKayOz_zTczNx4AaABAg;3;*sighhh* if only my device doesn't lags 😞;@Ryzn0913;2026-08-16;0;1;1;2;NEUTRAL_SPAM;0.0;Neutral;-
497;UgzDFYgInQp63gJ88S14AaABAg;3;Can you do Iron-clad staff next?;@Slow_gaming91;2026-08-16;0;1;1;2;NEUTRAL_SPAM;0.0;Neutral;-
498;UgxRTN3rLTkJKbbwMqR4AaABAg;3;Fav albion creatorr;@niconizar3913;2026-08-16;0;1;1;2;NEUTRAL_SPAM;0.0;Neutral;-
499;Ugxe07xfWf8Gx4SwN8J4AaABAg;3;Resumen salido del horno;@AlejandroRojas-f5j;2026-08-16;0;1;1;2;NEUTRAL_SPAM;0.0;Neutral;-
500;UgyoGSCY1OcKEaOr1u54AaABAg;3;So happy got here early;@RaceHeddrickTalondata;2026-08-16;0;1;1;2;NEUTRAL_SPAM;0.0;Neutral;-
501;UgwsC129N4F4LGNRAbh4AaABAg;3;i wish mamoth hunter stay in the game;@habodeegg24;2026-08-16;0;1;1;2;NEUTRAL_SPAM;0.0;Neutral;-
502;UgzZf2EdB2QzrH32PfZ4AaABAg;3;Shesh;@pavelpavel6370;2026-08-16;0;1;1;2;NEUTRAL_SPAM;0.0;Neutral;-
503;Ugw4FvwJgVxGBD_JnwJ4AaABAg;3;2nd;@yenhaoooi8214;2026-08-16;0;1;1;2;NEUTRAL_SPAM;0.0;Neutral;-
504;Ugzp9PyJiZKs8wAArG94AaABAg.AaTmyT0oycCAaUyFExKWCO;3;Yes;@stalker31333;2026-09-08;0;0;1;0;NEUTRAL_SPAM;0.0;Neutral;-
505;UgydnBCIu0Jo0L5UFIh4AaABAg.Aa7P46lXhhjAaClpDc-7Xu;3;Headphone broken;@stalker31333;2026-09-01;0;0;1;0;NEUTRAL_SPAM;0.0;Neutral;-
506;UgwIFCF9JScvcOG34f54AaABAg;3;After 6 years and more than 4000h, SBI decided to permaban my account after it was stolen for half an hour for RMT. Never had any proof or chance to recover, just an account password change from a foreign country and a shit load of time wasted. Fuck SBI, play something decent people;@calvocomemetolcipote;2026-08-24;0;0;0;0;NEUTRAL_SPAM;0.0;Neutral;-
507;UgyqONsCL7_M1V0jBl54AaABAg;3;23:04 wtf amigo jajajaja;@user-MARXV;2026-08-24;0;0;0;0;NEUTRAL_SPAM;0.0;Neutral;-
508;Ugywf5ZavZ7ZH57E_bJ4AaABAg.A_sTLfMfZRvA_wLiumL5pM;3;Maybe;@stalker31333;2026-08-25;0;0;1;0;NEUTRAL_SPAM;0.0;Neutral;-
509;UgzZWnEfPF7rJJ87Bht4AaABAg.A_s6IKxpnmJA_s7n9OoP7Z;3;Thank you😁;@stalker31333;2026-08-23;0;0;1;0;NEUTRAL_SPAM;0.0;Neutral;-
510;UgxUiAhZhU4jjx05eCN4AaABAg.A_rGccmawHrA_rK8y-OB2K;3;😁🙏;@stalker31333;2026-08-23;0;0;1;0;NEUTRAL_SPAM;0.0;Neutral;-
511;Ugx1BsvNZwrR9VLNkfB4AaABAg.A_kg4HwQ0C4A_llUX6wD4b;3;😄;@stalker31333;2026-08-21;0;0;1;0;NEUTRAL_SPAM;0.0;Neutral;-
512;Ugy_mgzZB8YUMXq_nGx4AaABAg.A_k04S08SA0A_llN7XPYQ4;3;Yeah;@stalker31333;2026-08-21;0;0;1;0;NEUTRAL_SPAM;0.0;Neutral;-
513;UgwWU4G9O4dzrcGo1yJ4AaABAg;3;Assistir zero tô hero enquanto lavo o prato e cuido da vida 😊;@Z9XZZS;2026-08-19;0;0;0;0;NEUTRAL_SPAM;0.0;Neutral;-
514;UgzH3Sia20P_YWzPKVR4AaABAg.A_gPVptk8MiA_gRQP00TMK;3;Yes you can play if you have level 100 + 50 spec;@stalker31333;2026-08-19;0;0;1;0;NEUTRAL_SPAM;0.0;Neutral;-
515;UgzH3Sia20P_YWzPKVR4AaABAg.A_gPVptk8MiA_gcWy3E0jH;3;​@stalker31333 ok thank you;@RedminRedmin-p9l;2026-08-19;0;0;1;0;NEUTRAL_SPAM;0.0;Neutral;-
516;UgzzkmUx54aZsZc5_OB4AaABAg.A_eNDGh_ZewA_emM5ozHf6;3;You're welcome 😁;@stalker31333;2026-08-18;0;0;1;0;NEUTRAL_SPAM;0.0;Neutral;-
517;Ugw0X3kRoTsg7PawTcN4AaABAg.A_eJ_ha3U5TA_emX7JVTwE;3;Solo camps in the Blackzone;@stalker31333;2026-08-18;0;0;1;0;NEUTRAL_SPAM;0.0;Neutral;-
518;UgzSEZvCVf0giZLpd6l4AaABAg;3;Cuantos miles de personajes ya creó este tipo🤦‍♂️, y nunca es un 0 - 100 de spec como dice, es de 0 - 100 en maestría de la rama principal nada más.;@Nightmare09-21;2026-08-18;0;0;0;0;NEUTRAL_SPAM;0.0;Neutral;-
519;UgxCv8pxSoLmQ18Hze14AaABAg.A_ctD48mK3EA_eCAoWCakM;3;😂;@stalker31333;2026-08-18;0;0;1;0;NEUTRAL_SPAM;0.0;Neutral;-
520;UgxU2No_GzOI6JC2h114AaABAg.A_cmZ28f14QA_eByZm6NMo;3;EU;@stalker31333;2026-08-18;0;0;1;0;NEUTRAL_SPAM;0.0;Neutral;-
521;UgxX-Q7Zz0cGyivZ0D94AaABAg.A_cWzZMU5z5A_eC2ZDmlyq;3;😁👋;@stalker31333;2026-08-18;0;0;1;0;NEUTRAL_SPAM;0.0;Neutral;-
522;UgzZGV5bOpjmrCgUnG54AaABAg.A_cJkoPZp1FA_cKvMlTsZy;3;Enjoy it 😁👍;@stalker31333;2026-08-17;0;0;1;0;NEUTRAL_SPAM;0.0;Neutral;-
523;UgzKHv0h1CCaPQk_LsV4AaABAg.A_blPm5yXwIA_cOOi9-5fl;3;Dagger pair is ez to counter not like others;@stalker31333;2026-08-17;0;0;1;0;NEUTRAL_SPAM;0.0;Neutral;-
524;UgyFpDmOvPhCYSG3ekZ4AaABAg.A_bdwG0QhRYA_cO8OBuXPD;3;Smuggler to stash is 5cm 😅;@stalker31333;2026-08-17;0;0;1;0;NEUTRAL_SPAM;0.0;Neutral;-
525;Ugx8u1kK09OGM4HdgN54AaABAg.A_bIYzPVijOA_cNLT9DDuY;3;No;@stalker31333;2026-08-17;0;0;1;0;NEUTRAL_SPAM;0.0;Neutral;-
526;Ugz19-AvQuT6GMJfSXB4AaABAg.A_b0DWaCs6QA_d4xdgV-JK;3;@stalker31333  ahh unfortunately;@MekLaZeng;2026-08-18;0;0;1;0;NEUTRAL_SPAM;0.0;Neutral;-
527;UgygDt1ktlQDoYqrCo14AaABAg.A_arMke2kVSA_cM22PGUwR;3;Headphone broken;@stalker31333;2026-08-17;0;0;1;0;NEUTRAL_SPAM;0.0;Neutral;-
528;UgwcBXetWXNCJUX6c_B4AaABAg.A_aHLEDZWxwA_cMbecdOOS;3;First time happen 😅;@stalker31333;2026-08-17;0;0;1;0;NEUTRAL_SPAM;0.0;Neutral;-
529;Ugx4LAto5Tk6Z39Fwwp4AaABAg.A_a6RAUdQXBA_cMk6R_ofR;3;🔥;@stalker31333;2026-08-17;0;0;1;0;NEUTRAL_SPAM;0.0;Neutral;-
530;Ugymgy3fz8K__w6rAc54AaABAg.A_a2yphA4OrA_cMCxV6q3T;3;Good luck;@stalker31333;2026-08-17;0;0;1;0;NEUTRAL_SPAM;0.0;Neutral;-
531;UgxyYW3KanxtAqnVfhh4AaABAg.A__wOa6i-OgA_cN0Dfg8Or;3;👀💀;@stalker31333;2026-08-17;0;0;1;0;NEUTRAL_SPAM;0.0;Neutral;-
532;UgxDL6ADmbfnp397xbN4AaABAg.A__s46K6OABA_cKhI7kJvc;3;In the video description 👍😁;@stalker31333;2026-08-17;0;0;1;0;NEUTRAL_SPAM;0.0;Neutral;-
533;UgzjRmXF7XFoevT5ZE54AaABAg.A__mclyZHkaA_cN6c4o-28;3;Thank you bro 😁🙏;@stalker31333;2026-08-17;0;0;1;0;NEUTRAL_SPAM;0.0;Neutral;-
534;UgzpxeUGGBMkOappOCd4AaABAg.A__mWdtjanAA_cQ66Zi0Ii;3;XD gg bro​@stalker31333;@BabyOil123d;2026-08-17;0;0;1;0;NEUTRAL_SPAM;0.0;Neutral;-
535;UgxPX87fB9ZRC4nobKd4AaABAg.A__kwgeG75jA_cOXjJxzUQ;3;😅;@stalker31333;2026-08-17;0;0;1;0;NEUTRAL_SPAM;0.0;Neutral;-
536;UgxGa2DWgZwHlQa24wh4AaABAg;3;6:19 This person's intelligence level is definitely no more than ten.;@BabyOil123d;2026-08-16;0;0;0;0;NEUTRAL_SPAM;0.0;Neutral;-
537;UgyTKuU-QRGRaANrrFV4AaABAg.A__j1c2h1ydA_cNuGS-4Od;3;😁👊;@stalker31333;2026-08-17;0;0;1;0;NEUTRAL_SPAM;0.0;Neutral;-
538;UgzX_zrmDavE5EFNHBB4AaABAg.A__gB7354MMA_celdka-rg;3;@stalker31333❤;@으-w4j;2026-08-17;0;0;1;0;NEUTRAL_SPAM;0.0;Neutral;-
539;Ugz3NijnbUlrgncnHx14AaABAg.A__fTiSpKGnA_cKfGnnvF9;3;Thank you so much I put the time in the outro, you need like 7 - 8 hours to reach level 100;@stalker31333;2026-08-17;0;0;1;0;NEUTRAL_SPAM;0.0;Neutral;-
540;UgxIJlQc-aD8RJF6kLp4AaABAg.A__fEs2qzBCA_cKoZFHDJW;3;Battleaxe or Regular bow  Both is cheap;@stalker31333;2026-08-17;0;0;1;0;NEUTRAL_SPAM;0.0;Neutral;-
541;UgzQUK393f-udD-DQBl4AaABAg.A__dBLLdWFNA_cL1t9j-Hv;3;Yes.. soon 👍;@stalker31333;2026-08-17;0;0;1;0;NEUTRAL_SPAM;0.0;Neutral;-
542;UgykFwtx63cjL0H2pFd4AaABAg.A__bu-gAYL5A_cM6gID6PP;3;I got the info after fighting the fire guy;@stalker31333;2026-08-17;0;0;1;0;NEUTRAL_SPAM;0.0;Neutral;-
543;Ugyo0YdRN0wcqyuI0yl4AaABAg.A__SGF357D8A_cMduCJ8i6;3;Yeah, I got the info after fighting the fire guy 😅;@stalker31333;2026-08-17;0;0;1;0;NEUTRAL_SPAM;0.0;Neutral;-
544;Ugys0Id7Ek5YVT8bRld4AaABAg.A__QuvWGkXbA_cMEc2Jo1s;3;Thank you so much 😁🙏;@stalker31333;2026-08-17;0;0;1;0;NEUTRAL_SPAM;0.0;Neutral;-
545;Ugwn0vdCTtReJd-9KwR4AaABAg.A__PRpgtJlIA_cM-bD7_UR;3;😁🙏;@stalker31333;2026-08-17;0;0;1;0;NEUTRAL_SPAM;0.0;Neutral;-
546;Ugxb1EsYuN7rcR3AxCx4AaABAg;3;Bro teaching the faglord build.... f u  ha ha ha;@rimisck2;2026-08-16;0;0;0;0;NEUTRAL_SPAM;0.0;Neutral;-
547;UgyTeLwa4LevR6K4ss14AaABAg.A__J7fhrQsnA_cL7rWbgsl;3;😁🙏;@stalker31333;2026-08-17;0;0;1;0;NEUTRAL_SPAM;0.0;Neutral;-
548;Ugxc-gUVcWFBnnY1oFV4AaABAg.A__B9HPrzpDA_cOIrI98mE;3;👍;@stalker31333;2026-08-17;0;0;1;0;NEUTRAL_SPAM;0.0;Neutral;-
549;UgzyFSWMy-xWYLFqem94AaABAg.A__6MJUv8ALA_cMHyqQatJ;3;That what happen 😅;@stalker31333;2026-08-17;0;0;1;0;NEUTRAL_SPAM;0.0;Neutral;-
550;UgyQJsx1mXzluONfHFB4AaABAg.A__1-x62gcaA_cMlCT3t_m;3;Soon;@stalker31333;2026-08-17;0;0;1;0;NEUTRAL_SPAM;0.0;Neutral;-
551;Ugwe3LYr_ps1i0F4IwF4AaABAg.A_ZxTzWC-DxA_cOG6i_08T;3;Low skills on PvP, that why every time together;@stalker31333;2026-08-17;0;0;1;0;NEUTRAL_SPAM;0.0;Neutral;-
552;Ugy1NZkb4mjzmY22uoN4AaABAg.A_ZuqSYLmdtA_cMmcH7l5-;3;Enjoy 👍;@stalker31333;2026-08-17;0;0;1;0;NEUTRAL_SPAM;0.0;Neutral;-
553;UgyMD-Lt2pyBfJnRqKZ4AaABAg.A_Zra-rdU3oA_cMFpqYm-s;3;😁🙏Thanks;@stalker31333;2026-08-17;0;0;1;0;NEUTRAL_SPAM;0.0;Neutral;-
554;UgwumsrYgS4eDs1Rb-V4AaABAg.A_ZpuT1HdA9A_cMZ1ETv87;3;Hit and hide  The best tactics;@stalker31333;2026-08-17;0;0;1;0;NEUTRAL_SPAM;0.0;Neutral;-
555;UgwumsrYgS4eDs1Rb-V4AaABAg.A_ZpuT1HdA9A_e-_FVxg2-;3;​@stalker31333yup I agree with that strategy;@KlanSakai;2026-08-18;0;0;1;0;NEUTRAL_SPAM;0.0;Neutral;-
556;UgzxBkouLkawS_S-gT14AaABAg.A_ZpSlvBkrEA__wCmqt1WG;3;@Yasotwsk first of all i am not mad :D. i dont know you but for my perspective they helped a lottt solo player. they added solo zones(corrupted,mist), they added r back, they added smugglers, safe portal etc. and they nerfed gankers to ground, they nerfed high ip all cc, they buffed low tier cc, the game already has 2 mechanics for outnumbered players which is aoe escalation( you deal more damage if you hit more people) and resilience( you get damage reduction the number player hits you %10to %50), when you get dismounted you get free cleanse, you can see maps active players number. i can probably count more. just they already make it sooo safe and easy i believe new players want too much.;@zartozorto;2026-08-16;0;0;1;0;NEUTRAL_SPAM;0.0;Neutral;-
557;UgzxBkouLkawS_S-gT14AaABAg.A_ZpSlvBkrEA_aahSkbmo_;3;​@Yasotwskits not bad for solo players im new to and i love this game solo its just you that dont understand the game yet;@MirrorBlood;2026-08-17;0;0;1;0;NEUTRAL_SPAM;0.0;Neutral;-
558;UgzxBkouLkawS_S-gT14AaABAg.A_ZpSlvBkrEA_bRk2LhhkH;3;@MirrorBlood oki 👍;@Yasotwsk;2026-08-17;0;0;1;0;NEUTRAL_SPAM;0.0;Neutral;-
559;UgzYFceKayOz_zTczNx4AaABAg.A_ZpKJ3Ay-iA_cMilKzl0w;3;Hope you get a new and strong one;@stalker31333;2026-08-17;0;0;1;0;NEUTRAL_SPAM;0.0;Neutral;-
560;Ugx8tyBqQA0nRUayetR4AaABAg.A_ZoGDEIZEaA_cLkr2H_rf;3;PlayStation Intro;@stalker31333;2026-08-17;0;0;1;0;NEUTRAL_SPAM;0.0;Neutral;-
561;UgzDFYgInQp63gJ88S14AaABAg.A_Zlqcqmm_9A_cLo1PbRmb;3;Soon 😁👍;@stalker31333;2026-08-17;0;0;1;0;NEUTRAL_SPAM;0.0;Neutral;-
562;UgxRTN3rLTkJKbbwMqR4AaABAg.A_Zlluha4e9A_cM_c7NAVA;3;My pleasure 🙏;@stalker31333;2026-08-17;0;0;1;0;NEUTRAL_SPAM;0.0;Neutral;-
563;UgwaRG3AS682wls09894AaABAg.A_ZlO6DnHLWA_cMvTfwYI-;3;First time happen 😄;@stalker31333;2026-08-17;0;0;1;0;NEUTRAL_SPAM;0.0;Neutral;-
564;Ugxe07xfWf8Gx4SwN8J4AaABAg.A_ZjMMHe5Q2A_cN8JsJxRX;3;😁🙏;@stalker31333;2026-08-17;0;0;1;0;NEUTRAL_SPAM;0.0;Neutral;-
565;UgyoGSCY1OcKEaOr1u54AaABAg.A_ZiSXW0E5VA_cMoEgz9Ss;3;Enjoy watching 😁;@stalker31333;2026-08-17;0;0;1;0;NEUTRAL_SPAM;0.0;Neutral;-
566;UgwsC129N4F4LGNRAbh4AaABAg.A_ZhQdeqry2A_cMyGoR11Y;3;Yes m2, he drop a good fame + silver;@stalker31333;2026-08-17;0;0;1;0;NEUTRAL_SPAM;0.0;Neutral;-
567;UgyG7AFWbVRKxLyiv7B4AaABAg.A_ZgInG5hp9A_cLvVh85zN;3;Long time, welcome back 😁👋;@stalker31333;2026-08-17;0;0;1;0;NEUTRAL_SPAM;0.0;Neutral;-
568;UgwOx9L2NouRfJNDfPV4AaABAg;3;second :D hey, i made a website for albion, it has a lot of avalon gate info updated by players, you can use it to find a shortcut to the best map for fast leveling, like Quality 6 T5-T8 maps.  i've sent you an email with details, would you check it? please let me know what you think about it. :D;@wowbigbuyer;2026-08-16;0;0;0;0;NEUTRAL_SPAM;0.0;Neutral;-
569;UgzZf2EdB2QzrH32PfZ4AaABAg.A_ZezuDbEsdA_cNFpK4hV8;3;🍻;@stalker31333;2026-08-17;0;0;1;0;NEUTRAL_SPAM;0.0;Neutral;-
570;UgxOXmbDxobrPJNoi2B4AaABAg.A_ZewqBz43rA_Zh9k73dJh;3;did you mean 6?;@habodeegg24;2026-08-16;0;0;1;0;NEUTRAL_SPAM;0.0;Neutral;-
571;Ugx97bCiY91KPxnM7Wt4AaABAg.A_Zere3FMyQA_Zfi5-0ub9;3;1h Frost staff  beat for kite;@sahilozumaki;2026-08-16;0;0;1;0;NEUTRAL_SPAM;0.0;Neutral;-
572;Ugx97bCiY91KPxnM7Wt4AaABAg.A_Zere3FMyQA_cNJ99CoNV;3;Yes, 1h frost + Sky bow + others;@stalker31333;2026-08-17;0;0;1;0;NEUTRAL_SPAM;0.0;Neutral;-
573;Ugxn4Hc2WL3AVEMv0NB4AaABAg.A_Zeiu-qTX9A_Zelu2V6xN;3;Those connectors did me in.;@dakikamzh;2026-08-16;0;0;1;0;NEUTRAL_SPAM;0.0;Neutral;-
574;Ugxn4Hc2WL3AVEMv0NB4AaABAg.A_Zeiu-qTX9A_ZguNxhMiJ;3;Try play 4.0 and clear camps (if you have play 4.1 or 4.2);@habodeegg24;2026-08-16;0;0;1;0;NEUTRAL_SPAM;0.0;Neutral;-
575;Ugxn4Hc2WL3AVEMv0NB4AaABAg.A_Zeiu-qTX9A_Zi5cpUsRO;3;"@habodeegg24  I have 400m fame and know the game really well; I lost all my money doing ZvZ with my guild, and then I got kicked out.";@dakikamzh;2026-08-16;0;0;1;0;NEUTRAL_SPAM;0.0;Neutral;-
576;Ugxn4Hc2WL3AVEMv0NB4AaABAg.A_Zeiu-qTX9A__A6yQfLy7;3;Go clear expeditions. Requires 5 minutes and a tier 2 build to get 50k daily;@kitayskiykabachek8244;2026-08-16;0;0;1;0;NEUTRAL_SPAM;0.0;Neutral;-
577;Ugw4FvwJgVxGBD_JnwJ4AaABAg.A_Zei08g9ibA_cNAour0yD;3;😁👋;@stalker31333;2026-08-17;0;0;1;0;NEUTRAL_SPAM;0.0;Neutral;-
578;UgwcUWPfR4RjPmAbRYp4AaABAg.A_ZeWsnQoLWA_cMfWzPupO;3;👋;@stalker31333;2026-08-17;0;0;1;0;NEUTRAL_SPAM;0.0;Neutral;-
579;UgzTUyhttErXKoxPAed4AaABAg;4;Congratulations, the trailer turned out beautifully. I look forward to seeing other types of dragons in the future, as well as armor sets for cloth and plate, and a weapon set. What is there now is very impressive—thank you.;@Crisisdarkness;2026-08-31;60;0;0;60;CAMP_A;0.6;Excitement;The trailer is visually impressive and raises high expectations for the new dragon content.
580;Ugz8963fAL0S91jL0OR4AaABAg;4;I started playing Albion two days ago and I'm loving the game. I'm looking forward to trying out the new features in this update.;@PERC1V4L_TV;2026-08-31;48;9;1;66;CAMP_E;0.5;Excitement;As a brand new player, I am loving the game and excited to try out the new update features.
581;Ugw193Gbs-hXmKhIRKt4AaABAg;4;good lord the Voice Actor, chill man such a deep voice, holy;@Vurnox-001;2026-08-31;13;1;1;15;CAMP_A;0.7;Excitement;The voice actor in the trailer has an amazingly deep and impactful voice.
582;UgwNG1Q5XWbRK9HUESh4AaABAg;4;Why is it so rare to find the solo portals? I have looked in 5 zones for the solo portals and have not seen ANY of the new portals!  Feels bad!;@chrisbenn;2026-08-31;11;2;1;15;CAMP_B;0.6;Frustration;It is frustratingly rare to find the new solo portals across multiple zones.
583;UgwbsunfdFFM3a1r3ZJ4AaABAg;4;"Congratulations, you created an absurd amount of hype about a new update and you know how many players Albion has. But no, let's limit the time for portals and the number of people who can enter... I'm currently on a map with a giant blob and everyone is complaining. Congratulations devs, always thinking inside the box and never outside. Limited minds ;/";@xVSBR;2026-08-31;7;3;1;13;CAMP_B;0.8;Anger;Limiting portal times and entry numbers creates massive crowd bottlenecks and ruins the update for most players.
584;Ugz09Q3AIIRycq7Fa7R4AaABAg;4;Azaryon is here!🙌🔥;@TheVeilShadow;2026-08-31;9;0;0;9;CAMP_A;0.5;Excitement;Excitement over Azaryon's presence in the video.
585;UgzJt9HisV7HClwh5wV4AaABAg;4;Everything you need to know about Albion Online:  1. What must happen so that the dev gives a working person the opportunity to buy premium for one weekend day ????  2. It is 2D, but at the аlways , it is exactly what heats up a 4090 graphics card to 80 degrees.  3. Either cheaters or the game itself doesn't always understand if buttons were pressed, which is why expensive gear is very often lost in a ridiculous fight.  4. You will get banned for reporting a cheater.  5. In the game, in all locations, in all missions, they kill 24/7 at such a speed that you don't have time to top up your balance to at least get dressed in 8.0 gear and enjoy the fight.  6. 120 mastery power is unachievable because everything was nerfed, it takes 5 minutes to kill 1 mob.  7. They deleted the 1vs1 arena  8. Fake players often participate in the game, meaning a player can appear out of nowhere and kill you, especially when you are wearing too expensive gear;@alannonstop7076;2026-08-31;8;1;1;10;CAMP_D;0.7;Frustration;The game suffers from numerous deep-seated issues including heavy hardware strain, unrewarding grinds, removed arenas, and gankers.
586;Ugy_dk5EaGDBU-Wa97Z4AaABAg;4;This update is Cool and all but we need better solo content;@Lvx69;2026-08-31;3;3;1;9;CAMP_B;0.4;Disappointment;While the update looks cool, the game still suffers from a severe lack of proper solo content.
587;UgyqZfv7JYequvUkcsp4AaABAg;4;Day 128 of asking for a way to display our mounts in privet island;@MMRpablo7-nigro;2026-08-31;5;0;0;5;CAMP_B;0.3;Frustration;Long-standing request for a way to display mounts on private islands remains unfulfilled.
588;UgwNG1Q5XWbRK9HUESh4AaABAg.AaAjafdeN1UAaD26UbNq6n;4;We deployed a hotfix today that significantly increased the spawn rates in the Ancient Lands and their visibilty on the world map.;@albiononlineofficial;2026-09-01;4;0;1;4;CAMP_C;0.3;Neutral;Official communication noting that hotfixes have been deployed to improve portal spawn rates and world map visibility.
589;UgwIugosNlDp4apgPtx4AaABAg;4;I'm new, cant survive the dragon but damn i need that fcking mount i don't know how but I NEED IT;@Sic_MundusCE;2026-08-31;4;0;0;4;CAMP_E;0.6;Excitement;As a new player struggling against the dragon, I still desperately want the mount despite not knowing how to get it.
590;Ugz8963fAL0S91jL0OR4AaABAg.AaASASxbT8PAaASNR99nIT;4;Also around 3-4 ago and having a blast ngl. As a pvp fan I should've found out about this gem earlier;@IntrifMemes;2026-08-31;4;0;1;4;CAMP_E;0.4;Excitement;Agreeing that the game is a great hidden gem for PvP fans discovered recently.
591;Ugyz0K2_-s3b8wOdAOl4AaABAg;4;Btw 30 minute portals 2 per entire region camped by 20-50 people at a time. So if you like artificially gate kept content by Darwinist style Game devs this content is for you!;@dimaknopf;2026-08-31;2;2;1;6;CAMP_B;0.7;Anger;Artificially gatekept content with heavily camped portals ruins the experience for regular players.
592;Ugz3zYIcXw0Ttul4Vkp4AaABAg;4;"The hard part is not the mobs or the f dragon, the challenge is find a F portal to the content. It´s a ""Mithycal Content"", you have heard it but never saw it.";@AMARGUSMAXIMUS;2026-08-31;3;0;0;3;CAMP_B;0.6;Frustration;The hardest part of the update isn't the mobs, but simply finding a portal that actually lets you enter.
593;Ugy_dk5EaGDBU-Wa97Z4AaABAg.AaAQpWiEilvAaAWQMduuAL;4;Sbi already hates solo players so bad, they say what do you need but they add what they need, this is the great reason that this game isn't popular and it's dying and on decline.;@Princecrusher;2026-08-31;3;0;1;3;CAMP_B;0.8;Anger;Developers ignoring solo players' needs is the primary reason the game is losing popularity and declining.
594;Ugyyjej32B1qEPWoZsF4AaABAg;4;portal spawn rate and times to unlock are ridiculous needs to be fixed asap!;@strzsora;2026-08-31;2;1;1;4;CAMP_B;0.6;Frustration;Portal spawn rates and unlock times are ridiculous and need urgent fixing.
595;Ugy3Chr_FDiSkuFxEH94AaABAg;4;This is for solo pve?;@JoaoBatista-ys4fo;2026-08-31;1;2;1;5;CAMP_E;0.2;Neutral;Inquiring whether the new update features solo PvE content.
596;UgyX0dDN_yjtD_Yyezp4AaABAg;4;When can I safely level my T8.4 masterpiece awakened weapon? I'm not going to spend literally months and hundred of millions leveling it up and then lose it because of a disconnect that I cannot control. Once this is in the game, I'll return to Albion once again...;@x_Casey;2026-08-31;0;3;1;6;CAMP_D;0.6;Frustration;Risking months of progress and expensive awakened gear to random server disconnects keeps players away.
597;UgzQXbX8C5pa35Ozr6t4AaABAg;4;Just wait till it dies since the massive ass guilds take over it all.;@ChrisyBR;2026-08-31;0;3;1;6;CAMP_B;0.5;Disappointment;Massive guilds will inevitably dominate and ruin the new content.
598;Ugz1JdCul6fekLhUVN94AaABAg;4;the trailer is amazing! great job on the sound 🎉;@djeanser;2026-08-31;2;0;0;2;CAMP_A;0.6;Excitement;Great job on the trailer and the sound design.
599;UgwbwO6fXC27XKKXOwp4AaABAg;4;The new destiny board is so bad, like out of a cheap mobile game;@andrejmedved4653;2026-08-31;2;0;0;2;CAMP_D;0.5;Disappointment;The new destiny board redesign looks cheap and resembles a mobile game interface.
600;Ugw193Gbs-hXmKhIRKt4AaABAg.AaAkWZVBebVAaBbRDGk77Y;4;Bro is fkg Azaryon;@pragangold4684;2026-08-31;2;0;1;2;CAMP_A;0.4;Excitement;Recognizing Azaryon's voice in the trailer.
601;UgwNG1Q5XWbRK9HUESh4AaABAg.AaAjafdeN1UAaDudYHczrV;4;@albiononlineofficialoh what a nice reply! Thank you! :-);@chrisbenn;2026-09-01;2;0;1;2;CAMP_A;0.3;Excitement;Expressing gratitude for the developers' helpful response and hotfix.
602;UgzGk9p4-o2546Rv_zl4AaABAg;4;You fucked up again SBI, well done! 🤣;@LuxifyTV;2026-08-31;2;0;0;2;CAMP_D;0.6;Sarcasm;Sarcastic remark criticizing developers for supposedly messing up yet another update.
603;Ugx5AIDJJCQjZ7JFf8x4AaABAg;4;Why we putting portals in open world again??? Did we learn nothing from the past? We literally fought for years to have corrupted portal in town and here we go again.;@golfer4039;2026-08-31;2;0;0;2;CAMP_D;0.6;Frustration;Putting portals back in the open world ignores past lessons learned from town-based corrupted portals.
604;Ugx5EWMznDcvn6m12gZ4AaABAg;4;what a freakin let down. had us waiting for all this time just to get a so so content;@NVIRBRIAN;2026-08-31;2;0;0;2;CAMP_D;0.6;Disappointment;Long waiting times culminated in a mediocre content update that feels like a letdown.
605;Ugz1oxIXy_Lw4Iir1jJ4AaABAg;4;finnaly a dragon after years;@filzonegen7906;2026-08-31;2;0;0;2;CAMP_A;0.5;Excitement;Excitement about finally having dragons in the game after years of waiting.
606;Ugz8963fAL0S91jL0OR4AaABAg.AaASASxbT8PAaBDA7-OSal;4;i got hooked like 3 months ago, stopped playing after i got ganked with shit loot. literally why am i getting killed for like 5 silver. toxic ahh game. every update shit too.;@BURHHAN1;2026-08-31;2;0;1;2;CAMP_B;0.7;Anger;Getting ganked for minimal loot makes the game feel toxic with consistently poor updates.
607;Ugy6I4BeWHGaZ-JFUJ54AaABAg;4;🔥🔥🔥;@AtomicGG;2026-08-31;2;0;0;2;CAMP_A;0.5;Excitement;Hype expression using fire emojis.
608;UgzLqJ1myB7D0HoU-3J4AaABAg;4;sadly i will never be able to do this cuz you have to do pvp to do it;@sifercifer2360;2026-09-01;0;2;1;4;CAMP_B;0.4;Disappointment;Sadness that content is locked behind mandatory PvP interactions.
609;Ugz7042FBK_v5wfFwzx4AaABAg;4;It would be really cool if a dragon mount was added to the game in the future.❤❤;@IranPersian1386;2026-08-31;0;2;1;4;CAMP_A;0.4;Excitement;It would be amazing if dragon mounts were added in future updates.
610;UgzSBc4py4w58AzpNal4AaABAg;4;Is it time to give Albion another go? Havnt played since first beta;@Jonzzono;2026-08-31;0;2;1;4;CAMP_E;0.3;Neutral;A returning veteran asking whether the current state of the game is worth trying again since the first beta.
611;Ugyj2PSpKKdRuytkTgZ4AaABAg;4;That mount gonna cost as much as a Mammy :/;@Artileo;2026-08-31;0;2;1;4;CAMP_D;0.4;Frustration;Expecting the new mount to have an outrageously high price tag comparable to a mammoth.
612;UgxddYOOvp0wdcF_wcR4AaABAg;4;Fk Trash update , you want to do the content but for you to get inside you need to Charge on Middle of the black zone in  One portal everyone see in the main map and is a sht show because is full of people they dont want you to go inside and just are there to kill you. Ps : the new dragon skin is other Trash , should be amazing skin with fire and dragon skins but no is the most normal Simple sht with a dragon theme and you expect me to pay 80€ for a 3 mounth premium Bundle for that crap . Please fier your designers team because the skins are sht even the other One like Thor is so gay with the gay bear is more gay than taric from LOL. I  want to spend money on Albion but the execution of the concept is so Trash i Will not buy it in protest. You are rapping concept after concept. Make it right please. I have a guild with more than 40 player and yesterday everyone was hype to play the update no One can do it properly, just fix it make a safe zone arround the portals or something. Is a sht show.;@helderramos1883;2026-09-01;1;0;0;1;CAMP_B;0.9;Anger;The update implementation is terrible, forcing players through camped choke point portals in black zones while offering subpar cosmetic skins for high prices.
613;Ugy3_-dZmdsf-nHyrQN4AaABAg;4;You had months and testing to do it right but you manage to screw it up 😂😂;@ErykD-r5d;2026-09-01;1;0;0;1;CAMP_D;0.6;Sarcasm;Despite months of testing, developers still managed to screw up the update launch.
614;UgzCYrIYW8hE3jEGa854AaABAg;4;Disaster update;@mochiyung1085;2026-09-01;1;0;0;1;CAMP_D;0.5;Disappointment;Characterizing the update as a complete disaster.
615;UgxPo4gbWAnLpAaiob94AaABAg;4;Content not bad, but fix your ancient land portal, people use it to zone in and out several times and when I chase and zone in I have no shield and cant use any skill and just let enemy spam the combo on me;@xin8012;2026-09-01;1;0;0;1;CAMP_B;0.6;Frustration;Exploitative zoning mechanics around ancient land portals leave chasing players defenseless without shields.
616;UgzJt9HisV7HClwh5wV4AaABAg.AaBIv07JcMJAaD4n1iUtwh;4;"2.) You seem so ignorant, this is an mmo and there are tons of players, and MMOs are known for such pain especially one that is heavily populated like albion. Those amount of players will cause lags and heat especially if you load all of them thus there is a settings for that  3.) This seems to be a skill issue, someone who just press and press or don't understand if a skill is actually on CD or you are being silenced or stunned and you still want to press skills. Me and alot of my friends played this game for years so we know it works, it is just skill issue for you  5.) ""In all locations"" this line alone makes your statements and rants questionable as if you are just ranting and exaggerating everything because players know that there are safe zones and not all zones are PK zones this is utterly garbage statement. Also if you are being killed 24/7 that just proved you have skill issues LMAO. And the fact that you mentioned ""top up"" goes to show you only rely on top ups to get silver cos you have skill issues Mygawd. Back in the day when I was in the west, people who topup alot of silver are our ""FOOD"" because often they are bad in PVP and always drop gears, without putting up much of a fight. Goes to really show you are one of those.  6.) Another proof of skill issue AND Game incompetency, do you even understand the game at all? This is not a pay to win game, so don't expect buying everything would allow you to 1shot everything. This is Albion, and this is heavily reliant on skill hence they have caps, you can 1shot mobs in the lower tier than you yeas, or even solo dungeons, depending on your build, but for raids raids are supposed to be hard, so not sure what you are talking about lmao SOlo dungeons are very easy with proper gears, Group dungeons are meant to be hard. You cannot PAY YOUR WAY HERE you 1diot.  8. Wtf is this even about? Stup1d as HELL. Appear out of nowhere? First time I heard this, ORR you just don""t know about items that Causes someone to be invisible LMAO Gankers who hunt players are like this, they suddenly appear out of nowhere because they were invi lmao and usually there are scouters. Defiinitely A LACK OG game understanding and fvking SKILL issue. Don't blame the game for you SKILL issue and stupidity. THE Game is not for you I suppose, just go play some trash P2W mmos on mobile there are TONS";@BenedictElbo;2026-09-01;1;0;1;1;CAMP_C;0.8;Anger;Complaints about difficulty, ganking, and performance are merely skill issues and misunderstandings of basic MMO mechanics.
617;UgyxOdAclLa3ENRneYZ4AaABAg;4;Now remove the stupid portal timers please;@MirrorBlood;2026-08-31;1;0;0;1;CAMP_B;0.4;Frustration;Requesting the removal of restrictive portal timers.
618;UgyQgeUyQdIypqdnV894AaABAg;4;OMG, Big love from my side the trailer looks amazing and tbh I got goose bumps from the start XD <3;@Yiriqu;2026-08-31;1;0;0;1;CAMP_A;0.6;Excitement;The trailer looks amazing and gave me goosebumps right from the start.
619;UgzjahxwIW7Iq8L3LKx4AaABAg;4;wow cata expansion;@taarruz89;2026-08-31;1;0;0;1;CAMP_D;0.4;Sarcasm;Comparing the update sarcastically to a World of Warcraft expansion.
620;UgzVN4vqvfQH83co96Z4AaABAg;4;Trashh update. We were wating 40 min for join map. So useless  work. Ww are playing 2-3 hours and waiting join map 1 hours. İQ  ALBİON;@yks2026t;2026-08-31;1;0;0;1;CAMP_B;0.7;Anger;Waiting an hour just to join a map makes the update a waste of time.
621;UgxnJrk0GUmd37nz1fN4AaABAg;4;this content is a load of cr*p;@gorbachef94;2026-08-31;1;0;0;1;CAMP_D;0.5;Disappointment;Dismissing the new content as absolute garbage.
622;UgwbsunfdFFM3a1r3ZJ4AaABAg.AaAiHgvN-soAaD2LfSpFWR;4;Limiting availability and synchronizing Ancient Lands spawns are both intended and necessary. However, we deployed a hotfix today that significantly increased spawn rates in the Ancient Lands and improved their visibility on the world map.;@albiononlineofficial;2026-09-01;1;0;1;1;CAMP_C;0.3;Neutral;Developer response explaining that limited availability and synchronized spawns are intentional design choices.
623;UgzvCasWIYBEN7922vt4AaABAg;4;Let's go🎉;@unweem;2026-08-31;1;0;0;1;CAMP_A;0.4;Excitement;Simple Hype expression.
624;Ugwk_RZTltT-On7rCC54AaABAg;4;Nerf iron-clad + knight armor in statics its not healthy for the game, wonder why statics are dead when theres always 8 man iron clad + nature group that u cant do anything against 😄;@alfhari9;2026-08-31;1;0;0;1;CAMP_D;0.6;Frustration;Iron-clad and knight armor combinations in static dungeons are unhealthy for the game and make them unplayable.
625;UgzE13L2ymqDNtgyzGh4AaABAg;4;Fun fact: Dragons are first ones who settled in Albion. So it more than makes sense for them to be here.;@VincentFM.;2026-08-31;1;0;0;1;CAMP_A;0.3;Neutral;Lore-based approval of dragons being the first settlers in Albion.
626;UgxEKbRu65OkM-BO4Pd4AaABAg;4;This would would work if the game wasnt hidden behind load screens. Open the map and introduce a ton of solo content. The zones would still exist so i dont get the problem;@tjpaiva3296;2026-08-31;1;0;0;1;CAMP_B;0.5;Frustration;Excessive loading screens hinder open-world exploration and solo content integration.
627;UgyX0dDN_yjtD_Yyezp4AaABAg.AaASpy8rqzAAaAYTV54Yz_;4;​@rayhawkeye816I thought the ip power was capped at a low level in the zones for remedial shortbus players?;@willc1294;2026-08-31;1;0;1;1;CAMP_D;0.4;Sarcasm;Sarcastic jab about IP power capping in zones.
628;Ugy3Chr_FDiSkuFxEH94AaABAg.AaASRj8bqYeAaAU8uTRqIH;4;Nah lol they'd never;@tjpaiva3296;2026-08-31;1;0;1;1;CAMP_D;0.2;Neutral;Cynical agreement that developers will never add certain player requests.
629;Ugz8963fAL0S91jL0OR4AaABAg.AaASASxbT8PAaBEKvGdx7e;4;@BURHHAN1bro I died with t4 sets and a mount that I spent 110k silver on and died 10 minutes after in a mist portal what do you want me to say? 😂 I just bought new stuff and got over it. It happens and that’s the thrill of this game;@IntrifMemes;2026-08-31;1;0;1;1;CAMP_E;0.4;Excitement;Dying early with cheap gear is just part of the game's thrill.
630;Ugz8963fAL0S91jL0OR4AaABAg.AaASASxbT8PAaCAGLo645R;4;@IntrifMemes i got tired of it. economy is cooler but now i have job so i cant play;@BURHHAN1;2026-09-01;1;0;1;1;CAMP_B;0.3;Disappointment;Real-life time constraints from working make keeping up with the game's economy difficult.
631;UgyNPQKp3WbWcoOLoV14AaABAg;4;🐉🤛🏻🧙🏻;@SpectreOfChar;2026-08-31;1;0;0;1;CAMP_A;0.3;Excitement;Emoji celebration of dragons and magic.
632;Ugy_dk5EaGDBU-Wa97Z4AaABAg.AaAQpWiEilvAaAXft-fZ9f;4;@Princecrusher tbh the games isnt welcoming to new players lmao;@NoName-mb7is;2026-08-31;1;0;1;1;CAMP_B;0.5;Frustration;Acknowledging that the game is fundamentally unwelcoming to new players.
633;Ugyj2PSpKKdRuytkTgZ4AaABAg.AaAQoW_f1P3AaARFpYv5ut;4;More;@SpectreOfChar;2026-08-31;1;0;1;1;CAMP_D;0.2;Neutral;Short emphatic agreement about high mount costs.
634;UgzQXbX8C5pa35Ozr6t4AaABAg.AaAQX1p4dENAaAQxJHW767;4;How tho you cant PvP in the Dungeons and the Maps are tradable;@juliluigi7884;2026-08-31;1;0;1;1;CAMP_C;0.3;Neutral;Questioning how dungeons can be dominated if PvP is restricted and map access is tradable.
635;UgzZ6bIoDvME3nD0f1l4AaABAg;4;Yup!;@stephen2064;2026-08-31;1;0;0;1;CAMP_A;0.2;Excitement;Affirmative agreement.
636;UgwCuP7s8cgSldKVLuF4AaABAg;4;HERE BE DRAGONS‼;@DREADLORD_HQ;2026-09-08;0;0;0;0;CAMP_A;0.6;Excitement;Hype proclamation about dragons entering the game.
637;Ugw1_GrkajzFQUGWQtJ4AaABAg;4;I was watching youtube when this ad suddenly popped up, and for a second i thought of playing this game, then i remembered my first time playing it, it ws fun little time killer for whenever i felf like grinding for a while And then i found out about red and black zones Holly fuck, i have never Uninstalled a game so fast in my life, i even deleted my account just because of a extremely stjpid mechanic, cuz why tf should i play a game in which i can lose my gear and inventory just to grind that up all over again? No thanks, i rather play FF14;@Korvus75;2026-09-08;0;0;0;0;CAMP_B;0.8;Anger;Full-loot red and black zones are a stupid mechanic that drives players away to games like Final Fantasy XIV.
638;Ugz1KYjoi_dX8kgspal4AaABAg;4;"the sbi content cycle  releases new content -> realises its too good -> nerfs it -> rinse and repeat   atp sbi just taking a piss";@joeljamescubarrubia1294;2026-09-08;0;0;0;0;CAMP_D;0.5;Frustration;Mocking SBI's repetitive content cycle of releasing content, realizing it's good, and nerfing it.
639;UgyzHsSAodgBiUu6Ky94AaABAg;4;GET YOUR CREDIT CARDS READY WARRIORS AHHAHHAHAHAHAH;@RunAwaylilGirl;2026-09-07;0;0;0;0;CAMP_D;0.7;Sarcasm;Sarcastic joke about needing credit cards ready for pay-to-win mechanics.
640;Ugz8WTR-zHkyT0XNBdp4AaABAg;4;The worst support in the whole world! They close your account for no reason!;@alcardmen;2026-09-05;0;0;0;0;CAMP_B;0.6;Anger;Accusing customer support of closing accounts without reason.
641;UgynW3zUBZPnu9rb4WN4AaABAg;4;dragon mount no, just another horrible chinese mmo cliche;@thalescarvalho5537;2026-09-04;0;0;0;0;CAMP_D;0.5;Disappointment;Dismissing dragon mounts as unoriginal Chinese MMO cliches.
642;UgydOwyusoDK21eobqp4AaABAg;4;I hope they nerfed again the solo dungeons, they were too op (almost 4k drops, compared to 2020 50-100k), also nerf the pve content... all of it should be nerfed... at the end of the day it's not a sandbox, is a battle royale pvp, where you either do pvp or die doing other activities while the others apply the pvp content on you.🤙;@isaaccontee;2026-09-04;0;0;0;0;CAMP_D;0.6;Frustration;Complaining about severe nerfs to solo dungeons turning the game into a strict PvP battle royale.
643;UgwiVqmD6VS-58aQoaN4AaABAg;4;Please think about the solo player. When I go to the new portal, the team stands next to the portal and doesn't let anyone in. All the solo players die.;@Miracle-u5t;2026-09-03;0;0;0;0;CAMP_B;0.6;Frustration;Groups camping new portals block solo players from entering, causing them to die constantly.
644;Ugxnhz0ctbKvlr1ZKAZ4AaABAg;4;Só para você saberem, estou torcendo pelos dragões <3;@alessabueno721;2026-09-02;0;0;0;0;CAMP_A;0.3;Excitement;Cheering for the dragons.
645;UgwAV95nJcxIRmRZTCx4AaABAg;4;been saying in game for years we need dragons. where are my euros?😂;@lyrianmaximus4561;2026-09-02;0;0;0;0;CAMP_A;0.4;Excitement;Jokingly asking where reward money is for having requested dragons for years.
646;Ugxkxb3LE5ciEi27oLN4AaABAg;4;Better then WB? Didn't play a Long time and wondering if they came up with better farm;@Balhazarr;2026-09-02;0;0;0;0;CAMP_E;0.3;Neutral;Asking whether farming has improved compared to older methods.
647;UgyZN3YbPrRgk4hzokF4AaABAg;4;"People actually play this game? Wtf I thought since the ads were so garbage it was one of those ""only work in ads"" type of games. Is it any good?";@ShinmenTakezo1234;2026-09-02;0;0;0;0;CAMP_E;0.4;Neutral;Surprised that people actually play the game despite its terrible advertisements.
648;UgyoOLOqUuEG4EZ-uyl4AaABAg;4;perticular thing for perticular people only, you only want your whales;@krishnaram7553;2026-09-02;0;0;0;0;CAMP_B;0.5;Frustration;Accusing developers of designing content exclusively for wealthy whale players.
649;Ugzqcm1nROEP-JsPRw94AaABAg;4;Nerf iron-clad + knight armor in statics its not healthy for the game, wonder why statics are dead when theres always 8 man iron clad + nature group that u cant do anything against 😄;@masterparkourgopro1249;2026-09-01;0;0;0;0;CAMP_D;0.6;Frustration;Iron-clad and knight armor combinations in static dungeons ruin group PvP balance.
650;UgyrpXtBufsGBgXJYvB4AaABAg;4;Nerf iron-clad + knight armor in statics its not healthy for the game, wonder why statics are dead when theres always 8 man iron clad + nature group that u cant do anything against 😄;@ulumul3005;2026-09-01;0;0;0;0;CAMP_D;0.6;Frustration;Iron-clad and knight armor combinations in static dungeons ruin group PvP balance.
651;UgzulNRhoecUUukh56l4AaABAg;4;Nerf iron-clad + knight armor in statics its not healthy for the game, wonder why statics are dead when theres always 8 man iron clad + nature group that u cant do anything against 😄;@216togang_5;2026-09-01;0;0;0;0;CAMP_D;0.6;Frustration;Iron-clad and knight armor combinations in static dungeons ruin group PvP balance.
652;UgyDKOjxVXNGJekx5Jl4AaABAg;4;Nerf iron-clad + knight armor in statics its not healthy for the game, wonder why statics are dead when theres always 8 man iron clad + nature group that u cant do anything against 😄;@sadasdasd8197;2026-09-01;0;0;0;0;CAMP_D;0.6;Frustration;Iron-clad and knight armor combinations in static dungeons ruin group PvP balance.
653;UgzaWCFh7fS0zl8ZjHR4AaABAg;4;Nerf iron-clad + knight armor in statics its not healthy for the game, wonder why statics are dead when theres always 8 man iron clad + nature group that u cant do anything against 😄;@Polizales;2026-09-01;0;0;0;0;CAMP_D;0.6;Frustration;Iron-clad and knight armor combinations in static dungeons ruin group PvP balance.
654;Ugyn7G28crlEAJfKfM54AaABAg;4;a$$hole game.;@Noname123-e6m;2026-09-01;0;0;0;0;CAMP_B;0.7;Anger;Derogatory label for the game.
655;UgyHSWQBUky1JpkhVNx4AaABAg;4;i played new event with 19 player in large group we cleared all mobs on our island and we get 150k of fame  but we steel need 8 k of fame to get ball to go another island we waiting like 15minute maybe mobs will respawn but no mobs respawned so we just get out pls fix it;@osama1alo1;2026-09-01;0;0;0;0;CAMP_D;0.6;Frustration;Event mob respawn bugs prevent progression on island clearing.
656;Ugzz1r0JdoapJO_JPQ14AaABAg;4;The Ancient Lands portal system is extremely frustrating. We wait for almost an hour just for the portal to appear. Then, when it finally opens, dozens of players are already waiting and camping the entrance. The moment we enter, we get killed almost instantly. So what are we supposed to do? Wait for an hour, gather our group, enter the portal, and die within seconds without even getting a chance to play the content? This system feels like a waste of players' time. Small groups have almost no chance when a massive group is camping the portal. We don't even get to experience the Ancient Lands because we're killed before we can explore or do anything. Please seriously reconsider how the portals work. Add more portals, spread the entrances across different locations, increase the number of players that can enter, or provide some form of temporary protection when entering. Ancient Lands could be great content, but right now the portal system is making it almost impossible for smaller groups to enjoy it. Please don't make players wait an hour just to give them 10 seconds of gameplay.;@TheDustFromHell;2026-09-01;0;0;0;0;CAMP_B;0.9;Anger;Ancient Lands portal system is extremely frustrating, forcing long waits only to get immediately camped and killed by large groups.
657;UgzBJq7Q3-CCQtTfe-x4AaABAg;4;so boom! WE GOT DRAGONS NOW WE NEED FAN SERVICE! IM TALKIN EARTHMOTHERS AXE-MAIDENS! MORGANA CULTISTS!!;@Thewing2001;2026-09-01;0;0;0;0;CAMP_A;0.6;Excitement;Excitement over dragons leading to requests for more fan-service factions like Morgana cultists.
658;UgwaXtKchNVbxwvHZsJ4AaABAg;4;really liked this battel royal ancient lands update!;@jimmyjohansson6266;2026-09-01;0;0;0;0;CAMP_D;0.4;Sarcasm;Sardonically referring to the update as a battle royale.
659;Ugy2KswznHWSSkBwnhl4AaABAg;4;Portals are hard to find and + they have a timer to join. Big guilds mass them 24/7 and u can't even play the content. What were you even thinking by putting them in open world and making it impossible to reach for solo/duo/trio players? U ARE A JOKE SBI.;@Raven_nevermore16;2026-09-01;0;0;0;0;CAMP_B;0.8;Anger;Portals with timers make content inaccessible for solo, duo, and trio players due to big guild camping.
660;UgxYz-ZOorUCbg5bbRd4AaABAg;4;ด้วยความเคารพ ขอให้มีภาษาไทยได้ไหม ได้โปรด เป็นเกมเก็บเลเวลที่สนุกมากๆๆๆ เป็นเกมที่เหมือนไปใช้ชีวิตจริงๆเลย สนุกและมันมาก;@phetphet97;2026-09-01;0;0;0;0;CAMP_A;0.4;Excitement;Expressing great enjoyment of the game and requesting Thai language support.
661;Ugzv0e29CQYeNkn4PkJ4AaABAg;4;Ps5 version when?;@ssjzombie9676;2026-09-01;0;0;0;0;CAMP_E;0.2;Neutral;Inquiring about a console release.
662;UgyOtku2VsiW3YcMXDJ4AaABAg;4;WHAT THE FU** THE LAG IS SO INTENSE FUCK THE DRAGON THAT SPAMS SKILLS IN MY COMPUTER THAT NEARLY BEARNT THE HOUSE;@strom_screwed;2026-09-01;0;0;0;0;CAMP_D;0.8;Anger;Intense lag and dragon skill spam nearly overheats computer hardware.
663;UgzLqJ1myB7D0HoU-3J4AaABAg.AaC6fDkkf4qAaD1Lsbn3Dw;4;"You can buy maps on the market to access the Dragon Sanctuary, which is pure PvE content. ;)";@albiononlineofficial;2026-09-01;0;0;1;0;CAMP_C;0.3;Neutral;Pointing out that maps can be bought on the market to access pure PvE content in the Dragon Sanctuary.
664;UgzLqJ1myB7D0HoU-3J4AaABAg.AaC6fDkkf4qAaDFz1WG9v8;4;​​@albiononlineofficialare you able to do it solo?;@Princecrusher;2026-09-01;0;0;1;0;CAMP_B;0.3;Neutral;Asking if the sanctuary content can be completed entirely solo.
665;Ugy1iZ5K02g-KpcHtBt4AaABAg;4;"""I am Azaryon, the Destroyer, the End of all things!! I AM THE CATA.... wait.. wrong expansion.""";@wilsonwood4492;2026-09-01;0;0;0;0;CAMP_A;0.4;Excitement;Humorous quote parodying expansion tropes.
666;UgzNjB0mPwUxnvwTOgV4AaABAg;4;Meh the ip cap made me not wanna play;@mugene;2026-08-31;0;0;0;0;CAMP_D;0.4;Disappointment;IP caps ruined the desire to play.
667;UgzRuFlkefCG8g3p8fl4AaABAg;4;Love the new lore. Poor access to the new content, not so much;@redbean8819;2026-08-31;0;0;0;0;CAMP_D;0.4;Disappointment;Lore is great, but player access to new content is poorly designed.
668;Ugw0Y4bTKnDLPCzRRdF4AaABAg;4;How are we supposed to enter the ancestral lands when, even in the 1-to-5-player zones, there are over a hundred people camping the entrance? Is a 20-person party versus a 5-person party a fair fight?;@Alesssandra12;2026-08-31;0;0;0;0;CAMP_B;0.7;Frustration;Small party zones are overrun by massive player counts making fair fights impossible.
669;UgwGqzv79XOoaBlyA-14AaABAg;4;Restore the original appearance of the Tablet of Destiny. Or give us the option to choose which one we want. The new one is terrible, in my opinion. Everything is harder to see.;@TabalugaBenc;2026-08-31;0;0;0;0;CAMP_D;0.5;Disappointment;Requesting the restoration of the original Tablet of Destiny appearance because the new one lacks clarity.
670;UgxOrwHQP2A_FhXcjj54AaABAg;4;Que jogo, eu amo esse jogo;@David55293;2026-08-31;0;0;0;0;CAMP_A;0.4;Excitement;Expressing deep affection for the game.
671;Ugyyjej32B1qEPWoZsF4AaABAg.AaBHHXE8BR0AaD2fq9uJdA;4;Yeah, to allow as many players as possible to experience the content on launch day, spawn rates could have been higher, even though the content is not designed to be available at all times. However, we deployed a hotfix today that significantly increased spawn rates in the Ancient Lands and improved their visibility on the world map.;@albiononlineofficial;2026-09-01;0;0;1;0;CAMP_C;0.3;Neutral;Reiterating developer intent while noting hotfixes deployed for spawn rates.
672;Ugyz0K2_-s3b8wOdAOl4AaABAg.AaBDCw4KFlpAaBDPd5SXzn;4;"I can imagine their response too ""we have to limit the content otherwise rewards would be too high and inflate the market."" Like yes we know Albion your entire market is based off of player suffering and dying to create scarcity you don't have to tell us a million times WE KNOW.";@dimaknopf;2026-08-31;0;0;1;0;CAMP_B;0.6;Sarcasm;Sardonically mocking the developer's market scarcity philosophy built on player suffering.
673;Ugyz0K2_-s3b8wOdAOl4AaABAg.AaBDCw4KFlpAaBDWLMa-pD;4;"""then why don't you go play a different game if you hate it so much "" that's exactly what I did and that's exactly what every player ends up doing that isn't a complete masochist careful what you wish for.";@dimaknopf;2026-08-31;0;0;1;0;CAMP_B;0.7;Anger;Players end up quitting instead of tolerating masochistic game mechanics.
674;Ugzpm1PcbuxHe1DypFN4AaABAg;4;Onyxia feeling!;@GiForce;2026-08-31;0;0;0;0;CAMP_A;0.5;Excitement;Nostalgic comparison to classic raid feelings like Onyxia.
675;Ugwqyyk0XtcspRvhpGx4AaABAg;4;amazing work;@obema-mf9df;2026-08-31;0;0;0;0;CAMP_A;0.4;Excitement;Complimenting the amazing work.
676;UgyAjJJJ_p7RolfF2VZ4AaABAg;4;i love albion i hope they keep improving the PvE aspect of it;@v44n7;2026-08-31;0;0;0;0;CAMP_A;0.4;Excitement;Loving the game and hoping PVE aspects keep improving.
677;Ugzwh581Cpuoo1p9KJl4AaABAg;4;มังกร;@YhaoYhaiYhao;2026-08-31;0;0;0;0;CAMP_A;0.3;Excitement;Mentioning dragons in another language.
678;UgxlonfC1T9gDGsoTZd4AaABAg;4;Solo PvE player, no luck this time.;@saulogior;2026-08-31;0;0;0;0;CAMP_B;0.4;Disappointment;Solo PVE player expressing lack of success.
679;UgzFZ12Z_Jx_9YkKUKp4AaABAg;4;we cant fınd any small dungeon  please increase the rate;@emiriko777;2026-08-31;0;0;0;0;CAMP_B;0.5;Frustration;Unable to find small dungeons and asking for spawn rate increases.
680;UgwjrvfywNCF6BQVYf14AaABAg;4;Fire Update , Keep Going;@RavexIQ;2026-08-31;0;0;0;0;CAMP_A;0.5;Excitement;Praising the update and encouraging developers to keep going.
681;UgyNBXxEiQzVcUxdsA54AaABAg;4;Very cool!  I had my first match this morning an hour or so after it opened.  It was really fun but I will say that it is unfortunate that anyone who brings in top gear, like people who have been playing for a long time, is going to win, no matter what, and take all of the things we have worked hard to gather by killing mobs.  I am not sure why it couldn’t just be that if you get knocked out, you just don’t get to finish?  Why does everything HAVE to be that the other players who killed you get to take everything you worked for?  And I know you at least keep what is equipped.  But that is a half hour plus of time just wasted imho.;@cfwphotography;2026-08-31;0;0;0;0;CAMP_B;0.6;Frustration;Full loot mechanics punish players who worked hard to gather mobs when killed by veteran players.
682;UgyB0i-m2MAiRxWQ_Gl4AaABAg;4;You created content that can be played once every hour and a half and on an open world(for no apparent reason), so large groups can camp it and make you wait another hour—good job. Have you actually been in charge of this game for a week?;@mikolajew9970;2026-08-31;0;0;0;0;CAMP_B;0.7;Anger;Creating open-world content accessible only every hour and a half allows large groups to camp it endlessly.
683;Ugx4BNkk-8EC6swXFPt4AaABAg;4;❤❤❤❤❤❤❤;@butzudo7183;2026-08-31;0;0;0;0;CAMP_A;0.4;Excitement;Heart emojis showing love for the update.
684;UgxWkcwEio6XpqF-WOZ4AaABAg;4;"Nerf iron-clad + knight armor in statics its not healthy for the game, wonder why statics are dead when theres always 8 man iron clad + nature group that u cant do anything against ;D";@VEILII;2026-08-31;0;0;0;0;CAMP_D;0.6;Frustration;Iron-clad and nature group compositions make static dungeons unplayable.
685;UgxajqDSbkH3xLkM12N4AaABAg;4;3/10 instead of making better content add more orange zones HIGH RISK HIGH REWARD i trust so damn much yes yes;@admiralHIRED;2026-08-31;0;0;0;0;CAMP_D;0.5;Frustration;Requesting high-risk high-reward orange zones instead of current content.
686;UgwVUQZSxUOQjmjDnnJ4AaABAg;4;why dragons;@Bill-Sama-Gates-Laden;2026-08-31;0;0;0;0;CAMP_E;0.3;Neutral;Questioning the thematic addition of dragons.
687;Ugw0urYrnsYSrWkPRJ94AaABAg;4;will the dragon hunter cosmetic skin eventually be sold outside of the bundle?;@spacedoggo8818;2026-08-31;0;0;0;0;CAMP_E;0.2;Neutral;Inquiring about store availability for cosmetic skins.
688;UgzZS0pJldIGxPeKrct4AaABAg;4;more pve content please.;@brnf4il;2026-08-31;0;0;0;0;CAMP_B;0.4;Disappointment;Requesting more PVE content.
689;UgwF8iC_GB0rcsjj-GV4AaABAg;4;please buff arcane;@lysis1225;2026-08-31;0;0;0;0;CAMP_D;0.4;Frustration;Requesting buffs for the arcane weapon tree.
690;UgwIc4y9q1HYs_XPwct4AaABAg;4;Верните доску достижений обратно! Bring back the achievement board!;@luc1fer990;2026-08-31;0;0;0;0;CAMP_D;0.5;Frustration;Demanding the return of the old achievement board.
691;Ugz7042FBK_v5wfFwzx4AaABAg.AaAntk466H_AaAvuRF0wov;4;Haha it was added what do you mean?;@bruh69-alb;2026-08-31;0;0;1;0;CAMP_A;0.3;Neutral;Confirming that dragon mounts were indeed added.
692;Ugz7042FBK_v5wfFwzx4AaABAg.AaAntk466H_AaAxQ_DiFDl;4;​@bruh69-albTrue, I didn't see the last video.;@IranPersian1386;2026-08-31;0;0;1;0;CAMP_E;0.2;Neutral;Admitting to missing the previous video announcement.
693;Ugzg9WEbu9ItC4OLsDh4AaABAg;4;🔥This shit has me giggling and kicking my feet, fam. 🌟;@common_cross;2026-08-31;0;0;0;0;CAMP_A;0.6;Excitement;Expressing extreme excitement over the update trailer.
694;Ugw1umJ0P03z8RRrxKB4AaABAg;4;server latam;@daropy5928;2026-08-31;0;0;0;0;CAMP_E;0.2;Neutral;Mentioning the Latin America server.
695;UgyHadCozi6q2kuMQqF4AaABAg;4;今すぐ深淵の様にいつでも入れる入り口を作るべきだ もしくは深淵を消して入れ替えるかだ;@nollieb1;2026-08-31;0;0;0;0;CAMP_B;0.6;Frustration;Demanding instant access entrances similar to the Mists.
696;UgztMyOXHs-MwZuLusd4AaABAg;4;seems like that day on 11.11.2011 when skyrim was launched xD;@bharati2022ANB;2026-08-31;0;0;0;0;CAMP_A;0.5;Excitement;Comparing the hype to Skyrim's launch day.
697;Ugxp0lDSTALxzOXsl9d4AaABAg;4;Albion Online: Cataclysm;@xnet-pvzok728;2026-08-31;0;0;0;0;CAMP_A;0.4;Excitement;Subtitling the game as Cataclysm.
698;UgzWiwLPAu-8N6fEEC14AaABAg;4;gg;@Hero-fm6hx;2026-08-31;0;0;0;0;CAMP_A;0.2;Excitement;Good game expression.
699;UgwbsunfdFFM3a1r3ZJ4AaABAg.AaAiHgvN-soAaBD0tMZ6FF;4;They are perfect this way;@GlacierClaw02;2026-08-31;0;0;1;0;CAMP_C;0.3;Neutral;Asserting that current portal implementations are already perfect.
700;UgwbsunfdFFM3a1r3ZJ4AaABAg.AaAiHgvN-soAaGZsdrUVQD;4;​@albiononlineofficial how are duo players supposed to compete against a trio in the ancient lands?;@andrejmedved4653;2026-09-02;0;0;1;0;CAMP_B;0.5;Frustration;Questioning how duo players are expected to compete against trios in the Ancient Lands.
701;Ugzk2ZwF-tW8ae-lyzR4AaABAg;4;Just add a marine update too, and all the players will be happy 👉👈;@True_Guy---0;2026-08-31;0;0;0;0;CAMP_A;0.4;Excitement;Suggesting a marine update to make everyone happy.
702;Ugz01iwNnIsYIdPiq6h4AaABAg;4;Damn I'm speechless W SBI;@cosmicxos;2026-08-31;0;0;0;0;CAMP_A;0.5;Excitement;Speechless praise for the developers.
703;UgzIloKf2l1NgZ29hCx4AaABAg;4;Maybe a reason to come back to the game;@sta1n-1;2026-08-31;0;0;0;0;CAMP_E;0.3;Neutral;Consideration of returning to the game.
704;Ugx-TTQ14e7fUMHCrOx4AaABAg;4;Just Wonderful moment!!;@오션뷰노마드;2026-08-31;0;0;0;0;CAMP_A;0.5;Excitement;Praising a wonderful moment.
705;Ugzvt6CAXmrxotS2axh4AaABAg;4;The dragón are sleeping in america :(;@chikoterryx;2026-08-31;0;0;0;0;CAMP_A;0.3;Neutral;Joking that dragons are sleeping in America.
706;Ugz5TPp-bNZ3DnPbXEx4AaABAg;4;I really like the new Skywars;@manelvidiella8004;2026-08-31;0;0;0;0;CAMP_A;0.4;Excitement;Expressing enjoyment of the new mode.
707;UgzOivylm0_xSty_wgZ4AaABAg;4;great i love it but where are the vampires :D;@efialafi6986;2026-08-31;0;0;0;0;CAMP_A;0.4;Excitement;Loving the update while playfully asking for vampires next.
708;Ugxqo5g5zrdgOZ-AuxN4AaABAg;4;Let's go ,friends ! :);@vyktorzhuravlev8304;2026-08-31;0;0;0;0;CAMP_A;0.4;Excitement;Friendly call to action for friends.
709;UgwjhVfFB_HsUbZmLed4AaABAg;4;buff spear;@PainAndDarknessTV;2026-08-31;0;0;0;0;CAMP_D;0.3;Frustration;Requesting buffs for spears.
710;UgzSBc4py4w58AzpNal4AaABAg.AaAWcT8gIjZAaAkfmjxZZZ;4;still the best MMORPG on planet earth;@gani4219;2026-08-31;0;0;1;0;CAMP_A;0.5;Excitement;Reaffirming that it is still the best MMORPG on earth.
711;UgzSBc4py4w58AzpNal4AaABAg.AaAWcT8gIjZAaAl76YMTz1;4;Not until they don't care solo players;@Princecrusher;2026-08-31;0;0;1;0;CAMP_B;0.4;Disappointment;Qualifying praise by noting developers still do not care about solo players.
712;Ugww5u6QY_dlMNeVN7p4AaABAg;4;sick;@nitrostealth6;2026-08-31;0;0;0;0;CAMP_A;0.3;Excitement;Brief expression of approval.
713;UgxaWUx2CspcdxQSEal4AaABAg;4;As a Ganker I'm ready to Gank you all 😈😋🍴;@GodX-io8hi;2026-08-31;0;0;0;0;CAMP_C;0.6;Excitement;Gankers embracing their role and getting ready to hunt players down.
714;UgxkEo_roK4WS-DwPD14AaABAg;4;Damn, is this WoW?;@georgepp98;2026-08-31;0;0;0;0;CAMP_E;0.3;Neutral;Comparing the game's aesthetic to World of Warcraft.
715;Ugy8n1s3VShLrLMHObZ4AaABAg;4;The fire dragon, my fate. He is awakened.;@rishimasu;2026-08-31;0;0;0;0;CAMP_A;0.4;Excitement;Dramatic flair celebrating the fire dragon awakening.
716;UgzMuSsT9yehbHbsAhd4AaABAg;4;İp caps ruined the game;@MrBeful;2026-08-31;0;0;0;0;CAMP_D;0.5;Frustration;IP caps ruined the game experience.
717;UgyX0dDN_yjtD_Yyezp4AaABAg.AaASpy8rqzAAaAX4OQFRDL;4;High reward = High risk.  What do you want, to safely get a 2300 IP weapon to use against newbies in YZ and Faction Warfare?;@rayhawkeye816;2026-08-31;0;0;1;0;CAMP_C;0.5;Anger;Defending high risk and high reward mechanics against players wanting safe high-IP weapons.
718;UgyX0dDN_yjtD_Yyezp4AaABAg.AaASpy8rqzAAaC5i8SjxVj;4;@rayhawkeye816 nope, depths farming, too see more build variety, to have something worth doing and investing in... imagine your armors and weapons are at 120/120... youre bored and got nothing else to really do except build wealth/spend it on what??? skins you don't have/like? crafting you dont do/care about? awakened weapons starts opening up unique builds and a lot of ppl dont even prog a weapon, especially min/max... and thats the  goal min/max, you aren't going to max your 5.4 item, you get  it to a spot you stop at cause its good enough and isnt worth investing more into... i want to get a 8.4 masterpiece and max it... literal best-in-slot, it'd give me something to do....;@x_Casey;2026-09-01;0;0;1;0;CAMP_D;0.6;Frustration;End-game players want depths farming, build variety, and gear progression to max out masterpiece items for meaningful endgame goals.
719;UgyVSLzNCBztovsY0Qh4AaABAg;4;Man who mixed the audio on this trailer, it's wayy to bass-y 💀;@AltumDolor;2026-08-31;0;0;0;0;CAMP_D;0.4;Disappointment;Complaining about overly bass-heavy trailer audio mixing.
720;Ugy3Chr_FDiSkuFxEH94AaABAg.AaASRj8bqYeAaAZOfCwaau;4;nice joke, they hate solo players;@sawris7294;2026-08-31;0;0;1;0;CAMP_B;0.4;Frustration;Reiterating that developers genuinely hate solo players.
721;Ugz8963fAL0S91jL0OR4AaABAg.AaASASxbT8PAaM7GOBNLJo;4;Bro i wish to be in your place, it was so fun to start when you don't know anything about the game. (Playing since 2018 with breaks :));@W4Sp1e;2026-09-04;0;0;1;0;CAMP_E;0.3;Excitement;Nostalgic veteran wishing they could experience being a clueless beginner again.
722;UgwsfFL8RwPJedqAsQ54AaABAg;4;Let's Go;@DarkLordOfTheVoid;2026-08-31;0;0;0;0;CAMP_A;0.4;Excitement;Simple Hype expression.
723;UgzXiSsCrieW-hT1L-14AaABAg;4;This update is 🔥;@LazT11;2026-08-31;0;0;0;0;CAMP_A;0.5;Excitement;The update is fire.
724;Ugy_dk5EaGDBU-Wa97Z4AaABAg.AaAQpWiEilvAaARpjCBVXy;4;Omg you solo players always complain stfu;@eldornellthompson5736;2026-08-31;0;0;1;0;CAMP_C;0.6;Anger;Telling solo players to stop complaining.
725;Ugyj2PSpKKdRuytkTgZ4AaABAg.AaAQoW_f1P3AaASIpr4AGY;4;not even remotely close. a mammy has value because its used to make more money;@Ti4ted12;2026-08-31;0;0;1;0;CAMP_D;0.3;Neutral;Clarifying that mammoths hold economic value because they help make more money unlike cosmetic mounts.
726;UgwonayeKGP0DBrJWEx4AaABAg;4;Dragons 😮 we should have seen it coming 😂;@terminallychill3444;2026-08-31;0;0;0;0;CAMP_A;0.4;Excitement;Amused realization that dragons were predictable additions.
727;UgzQXbX8C5pa35Ozr6t4AaABAg.AaAQX1p4dENAaARiZjNGQh;4;@juliluigi7884  Rats are gonna be all over there with guilds wanting to control. If you think about it the maps are a perfect way to camp for people.;@ChrisyBR;2026-08-31;0;0;1;0;CAMP_B;0.5;Frustration;Rats and guilds will easily camp and control map entrances.
728;UgzQXbX8C5pa35Ozr6t4AaABAg.AaAQX1p4dENAaARx6JRo1A;4;haven't played in some years and thought the same. Awesome update, but solo players, for the most part, ain't sniffing this content.;@EvilSausage67;2026-08-31;0;0;1;0;CAMP_B;0.4;Disappointment;Returning veterans noticing that the update looks awesome, but solo players still won't be able to experience it.
729;Ugw0w5tJtLKuOsSwRZR4AaABAg;5;Eba iyilik meleklerine denk gelmişsin resmen dünyada varmıymış böyle insanlar hayret ettim;@serad-hl5pe;2026-09-09;64;0;0;64;CAMP_A;0.6;Excitement;The creator miraculously ran into kind strangers who saved him from the gankers.
730;UgwhjeCdjYKY3IiHEBF4AaABAg;5;Reconoce a un héroe solo con verlo;@kevindavidpadillaguzman2889;2026-09-09;34;1;1;36;CAMP_A;0.5;Excitement;You can recognize a true hero just by looking at them.
731;Ugzp-ibNwAkwzuN4eiB4AaABAg;5;Adam olmasa gitmişti set. İyi kurtarmis seni valla.;@enginduman-e7b;2026-09-09;19;2;1;23;CAMP_A;0.7;Excitement;If those other players hadn't stepped in, the expensive 8.4 set would have been completely lost.
732;UgzLH0S39lx2pmz902t4AaABAg;5;Ulan back to back girince alayını kesicen zannettim;@TogashiXTogashii;2026-09-09;17;0;0;17;CAMP_B;0.5;Disappointment;When the action started rolling back to back, I genuinely thought you were going to turn around and slaughter all of them.
733;Ugzi1SW4mSsXyrlPF5N4AaABAg;5;You could kill all of them bro with the 2 randoms;@tariqelaadlli7669;2026-09-09;3;3;1;9;CAMP_B;0.6;Excitement;You easily could have killed all of those gankers with the help of the two random players.
734;Ugzp-ibNwAkwzuN4eiB4AaABAg.AaXcswSKq1iAaXj-2uD8On;5;Hakkini verdik ama;@EBADEYBAC;2026-09-09;5;0;1;5;CAMP_A;0.4;Excitement;We truly lived up to the moment.
735;UgwOK6qdDo8liHn_xvR4AaABAg;5;"Sende ki kalp atışını hissediyorum. (;";@muhammedemingocgun;2026-09-09;4;1;1;6;CAMP_D;0.5;Excitement;I can literally feel your heartbeat racing through the screen.
736;Ugyxwju2yY3W3ZFNyJF4AaABAg;5;abi dalsan hepsi ölüymüş bu arada;@inosuke9949;2026-09-09;3;1;1;5;CAMP_B;0.5;Excitement;Brother, if you had engaged, all of them were basically dead for the taking.
737;UgyJe28M4tqQuWn4xKZ4AaABAg;5;Walla yazıyı görünce bir an inip 1 vs6 felan yapicaksin sandım 😂;@aldousgaming9428;2026-09-09;2;2;1;6;CAMP_B;0.6;Excitement;When I saw the text, I honestly thought you were going to dismount and pull off a 1v6.
738;Ugzp-ibNwAkwzuN4eiB4AaABAg.AaXcswSKq1iAaXoeAieGRs;5;​@EBADEYBAC aynen onu iyi yaptin kral .;@enginduman-e7b;2026-09-09;3;0;1;3;CAMP_A;0.3;Neutral;You handled that part really well, king.
739;Ugw2x_hgDGhagGmdjGx4AaABAg;5;La música de metin 2 es ufff!;@ivancelis739;2026-09-10;2;1;1;4;CAMP_D;0.4;Excitement;The Metin 2 background music is amazing!
740;UgzZ0RLX1r2iJ_813J54AaABAg;5;Hocaaaaa tacizi yiyormuşuz son anda Rabbım tarafından sevgili kulu olduğumuzdan mütevelli bir hızır belirmiş :D Giga pot bulundursan iyi olur;@rayzzexiled;2026-09-09;0;3;1;6;CAMP_A;0.7;Excitement;Teacher, we were almost getting harassed, but at the last second a God-sent savior appeared since you're a favorite servant!
741;UgyPfhq2SDuOS7sfJRR4AaABAg;5;Çapulcular 10 kişi bi adamı kesememişler xd;@Yakuza_26;2026-09-09;0;3;1;6;CAMP_A;0.5;Excitement;Those 10 scavengers couldn't even manage to take down a single guy.
742;UgywF5Fua5p5Bnpi70p4AaABAg;5;İyi kurtarmışlar bu arada;@gltekin0;2026-09-09;2;0;0;2;CAMP_A;0.3;Neutral;They managed a really good escape in the end.
743;UgznwGTtTlUCK3C3qRh4AaABAg;5;Lan kalbim sıkıştı. O adam Rabbimin sana bir hediyesi. yes  yes yes;@bilgirasyon4791;2026-09-09;1;1;1;3;CAMP_A;0.8;Excitement;My heart is literally squeezing, that player sent by God is a total gift to you.
744;UgxarILNBd1cJogbr4R4AaABAg;5;Burası YES YES YES;@BLUELY-XR;2026-09-09;1;1;1;3;CAMP_D;0.4;Excitement;This place is pure YES YES YES energy.
745;Ugz3PpEUZQv2Z4BcWDl4AaABAg;5;bunlar albionun aç yabani köpekleri 😂 dönüşte hep dikkatli ol usta yanına giga potu anti gank itemleri falan almanı öneririm saygılar;@TekDabanca28;2026-09-09;1;1;1;3;CAMP_C;0.5;Frustration;Those guys are hungry feral dogs of Albion, you should always carry giant potions and anti-gank gear on your way back.
746;Ugwxd4EEJHG33qAI3sd4AaABAg;5;This guys fight gank partys on his own? Really like the ideia. Also, what weapon is him using, that one which throw an wind wall ?;@TaggartLipe;2026-09-09;0;2;1;4;CAMP_D;0.4;Neutral;Fighting gank parties solo is a great idea, but what weapon uses that wind wall?
747;UgwmAvkt5bKDBBwmCN94AaABAg;5;La rmadura de adorno😂;@Nightmare09-21;2026-09-09;0;2;1;4;CAMP_D;0.3;Sarcasm;That decorative armor though...
748;Ugwxd4EEJHG33qAI3sd4AaABAg.AaYFYjIhsPeAaYIRz1pZ7Y;5;pretty sure it's a plate armor, forgot the name though but it's a plate armor;@LVROSSS;2026-09-09;1;0;1;1;CAMP_D;0.2;Neutral;It's definitely some kind of plate armor, though I forget the exact name.
749;Ugwxd4EEJHG33qAI3sd4AaABAg.AaYFYjIhsPeAa_P54JJ46L;5;Guardian armor;@EBADEYBAC;2026-09-10;1;0;1;1;CAMP_D;0.1;Neutral;It's Guardian Armor.
750;UgxV0zCeDuGSf3SesHN4AaABAg;5;Kalp krizi sebebi;@mehmetrecepinan2722;2026-09-09;1;0;0;1;CAMP_D;0.5;Excitement;This video is a direct cause of heart attacks.
751;Ugymw56s_ZmWI_vT34d4AaABAg;5;Gank atanlar chatteki ghostlar mı;@ishk7221;2026-09-09;1;0;0;1;CAMP_C;0.3;Neutral;Were the gankers just ghosting from the chat?
752;UgzZaTVmnmYAJqpAqrh4AaABAg;5;there a starrrrrr MANNNNNNNNNN;@boufosor_tv;2026-09-10;0;1;1;2;CAMP_D;0.5;Excitement;There's a star man waiting in the sky!
753;UgwfjqT0IELnWiGOVeN4AaABAg;5;Why dont atack, you kill ALL with E;@gu4rdayt;2026-09-10;0;1;1;2;CAMP_B;0.5;Frustration;Why didn't you attack? You could have killed all of them with your E skill.
754;UgxSNPH9_m82ocOWPHF4AaABAg;5;Heroes don't always wear capes;@KaiserKOw;2026-09-10;0;1;1;2;CAMP_A;0.3;Neutral;Heroes don't always wear capes.
755;UgzK-Ew54fRVEcvOOnN4AaABAg;5;tamam abş 8 4 giyiyon ne gösteriyon havalı havalı;@yigit35jk;2026-09-10;0;1;1;2;CAMP_C;0.4;Sarcasm;Okay boss, you're wearing 8.4 gear, no need to show off so arrogantly.
756;UgyurXS3wMOaGrOfLZh4AaABAg;5;This looked so scripted;@trandom_;2026-09-10;0;1;1;2;CAMP_C;0.3;Sarcasm;This whole encounter looked completely scripted.
757;UgztCNHTT4mMSHRE0aV4AaABAg;5;Next time bring a smuggler cape with giga lol;@kesh9957;2026-09-10;0;1;1;2;CAMP_C;0.3;Neutral;Next time, bring a smuggler cape along with your giant potion.
758;Ugza9eofsXnVRy5oUJt4AaABAg;5;Bro tienes que darle tu alma a ese bro jajajaja 😅😂;@JoseIsraelJerezReyes-c5h;2026-09-10;0;1;1;2;CAMP_A;0.5;Excitement;Bro, you literally have to give your soul to that guy for saving you.
759;UgxTWLM_OQkt0IZNh0F4AaABAg;5;Not so smart go underway with 8.4;@brialesaroca;2026-09-09;0;1;1;2;CAMP_C;0.4;Frustration;It is not very smart to wander out into the open zones wearing an 8.4 set.
760;Ugyn8qDlNfmVzob2aiJ4AaABAg;5;Musica do metin2 muito bom;@MENERFA;2026-09-09;0;1;1;2;CAMP_D;0.3;Excitement;The Metin 2 music is so good.
761;UgzrRMNahCbwbea8-6Z4AaABAg;5;kankam orada dönüp kesiceksin sandım amk çok iyi kurtarmış;@Limonlucoffee;2026-09-09;0;1;1;2;CAMP_A;0.6;Excitement;My friend, I thought you were going to turn around and slaughter them, what an incredible escape!
762;UgyTBmR-yyShfOUDwhJ4AaABAg;5;ячтото мне кажется что ты убил бы всех если попытался, ведь у них не было хилера, и ты жил очень долго, так у тебя оружие по площади гасит;@Perion-e2e2;2026-09-09;0;1;1;2;CAMP_B;0.5;Excitement;I feel like you could have killed everyone if you tried, since they had no healer and you survived for so long with AOE weapons.
763;UgzekQiobdxCi2tQnSp4AaABAg;5;%100 stream snipe;@inosuke9949;2026-09-09;0;1;1;2;CAMP_C;0.4;Sarcasm;That was definitely a 100% stream snipe.
764;UgwidJnpPslDGIVVYdh4AaABAg;5;bu arada figtlasan yırtardın bence en son;@alierensalih4945;2026-09-09;0;1;1;2;CAMP_B;0.4;Excitement;By the way, if you had fought at the end, I think you would have torn them apart.
765;Ugwf9jEj8rRPxRUgNB54AaABAg;5;What time was this?;@whoseverfern337gaming7;2026-09-09;0;1;1;2;CAMP_D;0.2;Neutral;Asking for the timestamp of the event.
766;UgwKJ6SjqhnlF6ReCIt4AaABAg;5;Ya o domuzu vermeseydim de erken düşseydin:D;@TunahanArpa;2026-09-09;0;1;1;2;CAMP_D;0.4;Excitement;What if you hadn't given that boar away and dropped earlier?
767;Ugxa4IZ4VNNrqxzXjcx4AaABAg;5;Bu ne zaman oldu ya yayında mı;@ağırtank;2026-09-09;0;1;1;2;CAMP_D;0.2;Neutral;Wondering when this happened and if it was during a live stream.
768;UgxtrMY0oZJK5u076hJ4AaABAg;5;"When you start hearing ""I need a hero""";@Aizen-k6j4t;2026-09-10;0;0;0;0;CAMP_D;0.4;Excitement;The moment when you start hearing 'I need a hero'.
769;Ugw6p4ETX3QE4Pm_DJ54AaABAg;5;You don't forget and that's good 💯 bro;@Olamilekan-k6m;2026-09-10;0;0;0;0;CAMP_A;0.3;Neutral;You don't forget and that's good, bro.
770;UgyRnWy27kujWdCBIOt4AaABAg;5;HEROI MONSTRO SAGRADO;@Cbipixel;2026-09-10;0;0;0;0;CAMP_A;0.6;Excitement;Absolute sacred monster hero!
771;UgyUFy9V4bEUAXgPV3d4AaABAg;5;Al día siguiente le bloquean la cuenta por rmt al pochito😅;@williandelacruz4968;2026-09-10;0;0;0;0;CAMP_C;0.4;Sarcasm;And the next day little pochito gets his account banned for RMT.
772;Ugy5ZZwPS2CGqciR8uN4AaABAg;5;OMG sooo TANKY!;@stefano3992-j5k;2026-09-10;0;0;0;0;CAMP_A;0.5;Excitement;OMG you are so incredibly tanky!
773;UgzZaTVmnmYAJqpAqrh4AaABAg.Aa_OJszo9ulAa_OaYdzfWu;5;❤;@EBADEYBAC;2026-09-10;0;0;1;0;CAMP_D;0.1;Neutral;Heart reaction.
774;UgxPJQTttYrArbjKdYB4AaABAg;5;feci bir gereksizlik;@omerparker1;2026-09-10;0;0;0;0;CAMP_C;0.3;Disappointment;That was thoroughly unnecessary.
775;UgwzDjDn8crVveJJt3J4AaABAg;5;Arkadaki gankerleri kim öldürdü moblar mı?;@fatihsahin9192;2026-09-10;0;0;0;0;CAMP_C;0.3;Neutral;Wait, who actually killed the gankers in the back—was it mobs?
776;UgwfjqT0IELnWiGOVeN4AaABAg.Aa_8fCdRrt7Aa_PIV_NyMp;5;No bro my q 3 and w 2;@EBADEYBAC;2026-09-10;0;0;1;0;CAMP_B;0.3;Neutral;It was because of my Q3 and W2 setup.
777;UgyBdzCyVBbFNgUGQ_l4AaABAg;5;hero;@斯胖達;2026-09-10;0;0;0;0;CAMP_A;0.4;Excitement;Hero.
778;UgxSNPH9_m82ocOWPHF4AaABAg.AaZw6mUJt6NAa_OcmaDyiB;5;+1;@EBADEYBAC;2026-09-10;0;0;1;0;CAMP_A;0.2;Neutral;Agreeing with the hero sentiment.
779;UgwbDzY6HqAejJXCA5V4AaABAg;5;Челику буквально подарил бан 😂;@МигРол;2026-09-10;0;0;0;0;CAMP_C;0.4;Sarcasm;You literally gifted that guy a ban.
780;UgzK-Ew54fRVEcvOOnN4AaABAg.AaZuOJeuRIoAa_PJNWa9HD;5;😂😂;@EBADEYBAC;2026-09-10;0;0;1;0;CAMP_C;0.2;Neutral;Laughing emojis at the flexing comment.
781;Ugy75KcnE42ou1EgnyV4AaABAg;5;The Hero😊;@AkaPaddie;2026-09-10;0;0;0;0;CAMP_A;0.3;Excitement;The hero has arrived.
782;UgyurXS3wMOaGrOfLZh4AaABAg.AaZZ2dz9P_xAa_PVOhhoBx;5;😂😂😂😂😂;@EBADEYBAC;2026-09-10;0;0;1;0;CAMP_C;0.2;Neutral;Laughing at the script accusation.
783;UgztCNHTT4mMSHRE0aV4AaABAg.AaZPCQ4B4MhAa_PDnTsBu9;5;😂😂;@EBADEYBAC;2026-09-10;0;0;1;0;CAMP_C;0.2;Neutral;Laughing at the gear advice.
784;Ugw2x_hgDGhagGmdjGx4AaABAg.AaZ8j-pePNHAa_OjyReJnI;5;Yes❤;@EBADEYBAC;2026-09-10;0;0;1;0;CAMP_D;0.2;Neutral;Heart agreement on the Metin 2 music.
785;Ugza9eofsXnVRy5oUJt4AaABAg.AaZ02DZuYFqAa_O_2zKXns;5;😂😂;@EBADEYBAC;2026-09-10;0;0;1;0;CAMP_A;0.2;Neutral;Laughing at giving your soul to the savior.
786;UgxtwifX7vFAFgo3DYp4AaABAg;5;bende videolardan görüyordum  red zondan girdiğini portallara dedim hayret nasıl gank denemiyorlar 5.4 vardı elinde o zaman iyi 7.4 daha çok acıtırdı iyi ölmemişsin :D;@Tsk_AJAX;2026-09-09;0;0;0;0;CAMP_C;0.4;Neutral;"I used to watch videos of people entering red zones from portals thinking how do they not get ganked; 5.4 was crazy then, 7.4 hurts even more!"
787;UgxTWLM_OQkt0IZNh0F4AaABAg.AaYcn9dUayWAa_PT7ArsMa;5;I only ply 8.4 bro np;@EBADEYBAC;2026-09-10;0;0;1;0;CAMP_C;0.2;Neutral;I only play 8.4 bro, no problem.
788;Ugyn8qDlNfmVzob2aiJ4AaABAg.AaYVeKdWGFuAa_OzXUhR0o;5;I know❤😂;@EBADEYBAC;2026-09-10;0;0;1;0;CAMP_D;0.2;Neutral;Affirmation of the music love.
789;Ugz7RAhXnPMJ61t5KSR4AaABAg;5;All of this is because you betrayed me and killed me while we were talking about the dragon together;@GangGTR;2026-09-09;0;0;0;0;CAMP_C;0.4;Sarcasm;All of this trouble is because you betrayed and killed me while talking about dragons together.
790;UgzrRMNahCbwbea8-6Z4AaABAg.AaYNtQZ1vbzAa_P0JmV_oH;5;Q cevirmede degil😂😂;@EBADEYBAC;2026-09-10;0;0;1;0;CAMP_B;0.3;Neutral;Clarifying that Q isn't for spinning/turning.
791;UgwYf_wOErYtfTyuI5J4AaABAg;5;2. Köy;@mehmetecer9231;2026-09-09;0;0;0;0;CAMP_D;0.2;Neutral;Reference to Village 2 (Metin 2 nostalgic reference).
792;UgyTBmR-yyShfOUDwhJ4AaABAg.AaYIJl_SuxiAa_PLvMh03h;5;My q flip bro;@EBADEYBAC;2026-09-10;0;0;1;0;CAMP_B;0.2;Neutral;My Q skill is a flip, bro.
793;Ugx2iECQ1YQ52vX4KVh4AaABAg;5;Hamsu ve soytarıları ghost atarken;@c-ras1;2026-09-09;0;0;0;0;CAMP_C;0.3;Sarcasm;Hamsu and his clowns while ghosting.
794;UgyinFP-EILoDQQ1KAN4AaABAg;5;Çevirme + puremiste geçsen hepsini kesermişsin gibi be😅 eline sağlık beton yetmez 10 pk nın arasına 8.4 set sokmak;@Ser-Versta;2026-09-09;0;0;0;0;CAMP_B;0.6;Excitement;If you had used flip + puremist you could have killed them all, amazing job taking an 8.4 set right into the middle of 10 PKs.
795;UgwhjeCdjYKY3IiHEBF4AaABAg.AaY6x-sL9e5Aa_OuWXc0Jr;5;❤;@EBADEYBAC;2026-09-10;0;0;1;0;CAMP_A;0.1;Neutral;Heart reaction.
796;Ugzs7a2F_WcoOBnd7X14AaABAg;5;Adam senin için kendini feda etti be;@Namretaww;2026-09-09;0;0;0;0;CAMP_A;0.4;Excitement;That guy literally sacrificed himself for you.
797;UgwpFEmUhtAWwGPG-gJ4AaABAg;5;diğerleride yardım ediyo;@inosuke9949;2026-09-09;0;0;0;0;CAMP_A;0.3;Neutral;The others are helping out too.
798;Ugyxwju2yY3W3ZFNyJF4AaABAg.AaY43UcET0nAa_OsYZIk-4;5;Q cevirmede değil;@EBADEYBAC;2026-09-10;0;0;1;0;CAMP_B;0.2;Neutral;Clarifying the Q skill mechanics.
799;UgzekQiobdxCi2tQnSp4AaABAg.AaY411jZyXjAa_PX8FyIU7;5;No bro off stream;@EBADEYBAC;2026-09-10;0;0;1;0;CAMP_C;0.2;Neutral;No bro, this was off stream.
800;UgwyYq8EzVoWWtt68BJ4AaABAg;5;Şansa bak;@PrmYusuf12;2026-09-09;0;0;0;0;CAMP_A;0.3;Excitement;Talk about pure luck!
801;UgznwGTtTlUCK3C3qRh4AaABAg.AaY12SE7wI_Aa_Om26Vciu;5;+1;@EBADEYBAC;2026-09-10;0;0;1;0;CAMP_A;0.2;Neutral;+1 agreeing with the divine rescue comment.
802;UgwmAvkt5bKDBBwmCN94AaABAg.AaY0bevqdSzAaYRrRExKYa;5;si la usaba no iba a poder entrar al portal;@dayron775;2026-09-09;0;0;1;0;CAMP_B;0.2;Neutral;If I had used it, I wouldn't have been able to enter the portal.
803;UgwmAvkt5bKDBBwmCN94AaABAg.AaY0bevqdSzAa_iTobRxhT;5;No quería meterse en combate para poder zonear;@SaryFennes;2026-09-10;0;0;1;0;CAMP_B;0.2;Neutral;I didn't want to enter combat so I could zone out safely.
804;UgwidJnpPslDGIVVYdh4AaABAg.AaXxGmN2LvJAa_OfDJXWTP;5;Q çevirmede değil;@EBADEYBAC;2026-09-10;0;0;1;0;CAMP_B;0.2;Neutral;Explaining skill details regarding Q.
805;UgxarILNBd1cJogbr4R4AaABAg.AaXwxn9M6kmAa_P1pfEehi;5;Yes yes yes! 😂❤;@EBADEYBAC;2026-09-10;0;0;1;0;CAMP_D;0.2;Excitement;Yes yes yes! Enthusiastic agreement.
806;UgxSLvHVi_2I5Fixy-R4AaABAg;5;7.4 and don't fight, gay;@osklenar;2026-09-09;0;0;0;0;CAMP_C;0.4;Frustration;Wearing 7.4 and refusing to fight makes you a coward.
807;UgxM7pyKYOcakG74cIJ4AaABAg;5;Ya tienes un heroe;@DaríoCastroLópez;2026-09-09;0;0;0;0;CAMP_A;0.3;Excitement;You already have a hero.
808;UgyMBtv64JXnt7i4rq54AaABAg;5;2 e skili ile 3 kill alirdin diyorum niye dalmiyor bu 😂;@J0N.SN0VV;2026-09-09;0;0;0;0;CAMP_B;0.5;Frustration;I kept saying why isn't this guy attacking, you could have gotten 3 kills with your 2nd E skill!
809;UgyJe28M4tqQuWn4xKZ4AaABAg.AaXlkpg3RFIAaXo8YV8rYK;5;Çevirmede olsa q skilim  yapardım;@EBADEYBAC;2026-09-09;0;0;1;0;CAMP_B;0.3;Neutral;If my Q skill was a spin I would have done it.
810;UgyJe28M4tqQuWn4xKZ4AaABAg.AaXlkpg3RFIAaXrWvOE611;5;Mi pregunta es tu atacarias???;@tomaszapata8384;2026-09-09;0;0;1;0;CAMP_B;0.3;Neutral;My question is, would you have attacked in this situation?
811;Ugwf9jEj8rRPxRUgNB54AaABAg.AaXlKElFyOaAaXo5RpfIJ4;5;Utc 01.30;@EBADEYBAC;2026-09-09;0;0;1;0;CAMP_D;0.1;Neutral;Answering with the timestamp 01:30 UTC.
812;UgzZ0RLX1r2iJ_813J54AaABAg.AaXkfARcIl4AaXkoRzakgw;5;Bu arada şu hakkını verme olayını da sadece Eba dan izleyebilirdik ❤❤;@rayzzexiled;2026-09-09;0;0;1;0;CAMP_A;0.3;Excitement;This kind of epic moment could only ever be experienced watching Eba.
813;UgzZ0RLX1r2iJ_813J54AaABAg.AaXkfARcIl4AaXoBHi5wFl;5;😂😂❤;@EBADEYBAC;2026-09-09;0;0;1;0;CAMP_A;0.2;Excitement;Laughing along with community sentiment.
814;UgzZ0RLX1r2iJ_813J54AaABAg.AaXkfARcIl4AaXoE4GHjIQ;5;Eyv kanks ❤❤;@EBADEYBAC;2026-09-09;0;0;1;0;CAMP_A;0.2;Neutral;Thanks bro.
815;UgwKJ6SjqhnlF6ReCIt4AaABAg.AaXeTMI2SGFAaXiySEgPJW;5;😂😂😂;@EBADEYBAC;2026-09-09;0;0;1;0;CAMP_D;0.2;Excitement;Laughing response.
816;Ugz3PpEUZQv2Z4BcWDl4AaABAg.AaXcrlozmX0AaXj5cB6kSi;5;Eyvallah kankam, önerini dikkate alacağım 😂❤;@EBADEYBAC;2026-09-09;0;0;1;0;CAMP_C;0.2;Neutral;Thanks, I will definitely take your advice into account.
817;UgyPfhq2SDuOS7sfJRR4AaABAg.AaXcVFvKy5mAaXdQ3oapjx;5;Gank tayfada beyin olmaz zaten kanka xD Tek vasıfları sayı üstünlüğü o kadar;@CatolfCatlerYT;2026-09-09;0;0;1;0;CAMP_A;0.3;Frustration;Gank squads never have any brain cells, their only qualification is sheer numbers.
818;UgyPfhq2SDuOS7sfJRR4AaABAg.AaXcVFvKy5mAaXdg726FrC;5;@CatolfCatlerYThaklısın valla öyle;@Yakuza_26;2026-09-09;0;0;1;0;CAMP_A;0.2;Neutral;Totally right about that.
819;UgyPfhq2SDuOS7sfJRR4AaABAg.AaXcVFvKy5mAaXzkNgEsl4;5;​​@CatolfCatlerYTben bunları tanıyorum birde uzun süredir gank atan ekip. anca beni keserler :));@serad-hl5pe;2026-09-09;0;0;1;0;CAMP_A;0.3;Neutral;I actually know this gank crew, they've been at it for a long time—they can only manage to kill people like me.
820;Ugyn_HBWbYVJHrkPKwV4AaABAg;5;Korkunc;@cilgincilek;2026-09-09;0;0;0;0;CAMP_D;0.3;Excitement;Terrifying.
821;Ugzi1SW4mSsXyrlPF5N4AaABAg.AaXYaTYs1J-AaZli1QpRvM;5;His hp was already too low and he was out of potions while those random blue players arrived  Also yes it's satisfying but not worth it to risk 8.4 set for turning back on them and killing them all;@Sky-k7p4y;2026-09-10;0;0;1;0;CAMP_C;0.4;Neutral;"His HP was too low and he had no pots left when randoms arrived; risking an 8.4 set to turn and fight wasn't worth it."
822;Ugzi1SW4mSsXyrlPF5N4AaABAg.AaXYaTYs1J-Aa_eWdIZccv;5;@Sky-k7p4y i'd say it would've been less risky fighting them than just running around them. and he did have pots as u can clearly see;@domebence2547;2026-09-10;0;0;1;0;CAMP_B;0.4;Frustration;Fighting them would have been less risky than running around, and he clearly did have potions.
823;Ugzi1SW4mSsXyrlPF5N4AaABAg.AaXYaTYs1J-Aa_tY3of52Y;5;not worth the risk since he was almost out of it  if he was going to fight he should fought since the start from 100 to 0, not when he was already 20% life;@puh190;2026-09-10;0;0;1;0;CAMP_C;0.3;Neutral;"It was not worth the risk since he was almost out of health; if he fought, he should have done it from 100% to 0%, not at 20% life."
824;UgzsCl8yqcWcQxNYHdR4AaABAg;5;❤;@mehmetalituzlupnar557;2026-09-09;0;0;0;0;CAMP_D;0.1;Neutral;Heart emoji reaction.
825;UgxD95kP5-OA70zW0994AaABAg;5;Abi ben sana yayında demiştim çıkışta gank atarlarsa diye;@Fatihmücahit;2026-09-09;0;0;0;0;CAMP_A;0.3;Neutral;Bro, I told you during the stream that they would gank you right at the exit.
826;UgwOK6qdDo8liHn_xvR4AaABAg.AaXWZ3dVMZUAaXj2-Kqe_g;5;Say chat kullanıyorum halbuki😊;@EBADEYBAC;2026-09-09;0;0;1;0;CAMP_D;0.2;Neutral;I use chat mode while playing.
827;Ugxa4IZ4VNNrqxzXjcx4AaABAg.AaXVAlcGfwMAaXixmAFz-B;5;Yok dün oldu off stream❤;@EBADEYBAC;2026-09-09;0;0;1;0;CAMP_D;0.2;Neutral;No, it happened yesterday off stream.
828;UgxC7AjFjvmEKm-MlPJ4AaABAg;5;close one;@EfeDilbaz1010;2026-09-09;0;0;0;0;CAMP_D;0.3;Excitement;That was a close one.
